team_id,team_abbr,team_name,player_id,player_name,position,jersey_number,overall,scheme_overall,dev_trait,age,height,weight,years_pro,is_active,is_on_ir,is_practice_squad,injury_type,injury_length,contract_years_left,contract_salary,cap_hit,speed,acceleration,agility,strength,awareness,throw_power,throw_accuracy_short,throw_accuracy_mid,throw_accuracy_deep,carrying,catching,route_running_short,route_running_mid,route_running_deep,tackling,man_coverage,zone_coverage,block_shedding,power_moves,finesse_moves
775553024,SF,49ers,553389126,Matt Birk,C,55,96,96,3,22,76,308,1,True,False,False,97,0,4,10000000,4000000,70,76,78,92,94,18,6,6,6,46,56,29,21,14,44,12,15,42,23,34
775553024,SF,49ers,553386703,Ethan Pocic,C,58,77,77,0,29,78,320,7,True,False,False,97,0,1,800000,800000,72,65,56,88,85,24,6,6,6,28,34,23,13,7,36,12,12,33,67,10
775553024,SF,49ers,553386824,Chris McAlister,CB,21,96,96,2,22,73,206,1,True,False,False,97,0,3,15000000,10000000,92,93,91,75,92,10,6,6,6,70,74,46,34,28,86,94,91,70,40,44
775553024,SF,49ers,553388188,Brandon Flowers,CB,40,93,93,3,22,71,198,6,True,False,False,97,0,2,6000000,5000000,88,90,86,78,89,36,6,6,6,50,61,30,20,12,92,90,93,85,55,85
775553024,SF,49ers,553387889,Darryl Johnson,CB,23,92,92,1,22,71,190,1,True,False,False,97,0,4,6200000,1750000,88,86,85,78,90,18,12,10,6,66,82,88,83,75,88,90,88,89,70,80
775553024,SF,49ers,553388376,Kaiir Elam,CB,5,77,77,1,23,73,191,2,True,False,False,97,0,2,1600000,850000,93,90,85,60,77,27,24,20,17,56,76,35,31,28,55,77,80,45,23,39
775553024,SF,49ers,553387412,Alontae Taylor,CB,1,75,75,0,25,73,199,2,True,False,False,97,0,1,800000,800000,94,94,81,60,78,44,42,35,30,63,72,43,40,36,41,70,76,15,21,42
775553024,SF,49ers,553389025,La'Roi Glover,DT,97,95,95,2,22,74,290,1,True,False,False,97,0,4,18000000,8500000,75,86,77,89,92,22,13,10,7,44,47,10,5,3,95,18,24,95,96,93
775553024,SF,49ers,553388958,Marcus Stroud,DT,99,92,92,2,25,78,310,2,True,False,False,97,0,4,7000000,2000000,70,77,70,94,88,20,17,14,12,68,45,30,26,20,95,28,32,91,94,80
775553024,SF,49ers,553388537,Siaki Ika,DT,93,67,67,0,23,76,358,1,True,False,False,97,0,1,800000,800000,59,68,54,90,71,21,13,7,5,22,25,12,7,5,73,9,10,76,79,50
775553024,SF,49ers,553387109,Cookie Gilchrist,FB,34,98,98,2,20,72,230,1,True,False,False,97,0,1,1550000,1750000,88,86,82,94,90,40,40,40,40,89,70,65,60,55,55,40,40,75,85,80
775553024,SF,49ers,553387628,Kevin Byard III,FS,31,91,91,1,20,71,212,1,True,False,False,97,0,4,7800000,2250000,89,88,88,73,91,44,31,26,36,78,82,31,12,10,83,75,91,65,27,53
775553024,SF,49ers,553386755,Xavier Woods,FS,36,82,82,0,29,71,200,7,True,False,False,97,0,1,800000,800000,89,90,88,71,82,21,6,6,6,71,78,24,14,10,79,70,77,59,66,43
775553024,SF,49ers,553387002,Christopher Smith II,FS,29,67,67,0,24,71,195,1,True,False,True,97,0,0,0,0,86,92,77,57,71,22,6,6,6,62,70,28,18,13,64,66,70,48,23,45
775553024,SF,49ers,553386920,Delarrin Turner-Yell,FS,32,65,65,0,24,71,200,2,True,False,True,97,0,0,0,0,90,92,85,53,66,25,15,10,10,60,69,34,31,27,61,60,68,49,39,39
775553024,SF,49ers,553386521,Tyreque Jones,FS,33,62,62,0,25,74,195,1,True,False,True,97,0,0,0,0,88,90,82,57,64,49,51,45,39,58,62,46,42,39,57,54,64,62,19,42
775553024,SF,49ers,553386274,Eric Dickerson,HB,29,99,99,3,22,75,220,1,True,False,False,97,0,2,9000000,7500000,97,97,91,84,94,24,20,18,16,91,72,58,52,46,42,22,30,36,17,10
775553024,SF,49ers,553388477,LeSean McCoy,HB,25,92,92,2,21,70,208,1,True,False,False,97,0,4,5400000,1500000,89,90,93,68,89,40,32,26,20,88,77,85,80,65,45,40,42,40,45,75
775553024,SF,49ers,553388694,David Johnson,HB,32,88,88,0,22,73,224,1,True,False,False,97,0,2,1900000,1000000,96,89,92,76,86,18,6,6,6,93,74,79,73,63,44,32,40,42,79,56
775553024,SF,49ers,553386605,Roschon Johnson,HB,35,73,73,0,23,72,225,1,True,False,False,97,0,1,800000,800000,86,89,82,78,73,51,44,38,31,94,65,53,45,37,33,10,15,32,74,10
775553024,SF,49ers,553386364,Jordan Mason,HB,34,69,69,0,25,71,223,2,True,False,True,97,0,0,0,0,88,91,77,72,71,36,28,21,14,88,60,50,42,35,42,30,35,37,75,20
775553024,SF,49ers,553388084,Tyler Badie,HB,36,68,68,0,24,68,197,2,True,False,True,97,0,0,0,0,90,94,83,74,66,25,20,15,10,90,69,62,58,52,34,19,28,30,88,10
775553024,SF,49ers,553386687,Emanuel Wilson,HB,38,63,63,0,25,71,226,1,True,False,True,97,0,0,0,0,90,93,80,72,59,35,29,26,21,84,67,62,57,49,37,10,15,31,65,10
775553024,SF,49ers,553388538,SaRodorick Thompson Jr,HB,36,62,62,0,24,72,215,1,True,False,True,97,0,0,0,0,84,89,77,73,65,25,24,21,17,84,66,62,54,45,39,15,21,30,22,15
775553024,SF,49ers,553386602,Stephen Gostkowski,K,3,97,97,3,22,73,215,1,True,False,False,97,0,4,5400000,1500000,25,32,30,40,98,45,30,20,10,40,35,10,10,10,31,12,12,24,25,10
775553024,SF,49ers,553388349,James McCourt,K,14,66,66,0,26,71,216,2,True,False,True,97,0,0,0,0,73,77,61,46,48,29,34,31,23,28,26,10,8,7,32,10,10,17,27,10
775553024,SF,49ers,553387288,Maxx Crosby,LEDGE,98,97,97,3,27,77,255,5,True,False,False,97,0,4,24000000,12000000,86,90,84,85,99,22,6,6,6,41,41,25,20,16,99,40,48,90,29,98
775553024,SF,49ers,553388684,Rashan Gary,LEDGE,96,80,80,2,26,77,277,5,True,False,False,97,0,2,2300000,1250000,86,89,79,83,89,23,6,6,6,32,30,14,10,6,83,39,49,78,32,75
775553024,SF,49ers,553386915,Randall McDaniel,LG,64,96,96,3,23,75,276,1,True,False,False,97,0,5,20000000,4000000,70,86,84,95,94,50,47,45,37,45,20,10,5,5,35,12,15,20,77,10
775553024,SF,49ers,553389128,Ali Marpet,LG,68,86,86,0,22,77,315,4,True,False,False,97,0,2,3500000,2000000,67,77,69,82,88,17,6,6,6,20,12,10,5,5,20,10,11,15,33,10
775553024,SF,49ers,553387431,John Simpson,LG,79,72,72,0,27,76,324,4,True,False,False,97,0,1,800000,800000,71,68,51,92,78,14,6,6,6,42,32,20,10,6,31,12,12,27,19,10
775553024,SF,49ers,553387351,Terron Armstead,LT,72,92,92,2,21,77,305,1,True,False,False,97,0,4,7000000,2250000,77,76,67,89,92,30,6,6,6,62,65,44,34,26,37,15,20,25,34,10
775553024,SF,49ers,553387708,Kingsley Suamataia,LT,76,76,76,1,21,77,326,0,True,False,False,97,0,2,1900000,1000000,71,76,67,89,74,78,15,11,9,31,35,14,12,11,40,15,20,30,20,33
775553024,SF,49ers,553388497,Matt Waletzko,LT,79,64,64,0,24,80,305,2,True,False,True,97,0,0,0,0,71,80,74,85,68,21,6,6,6,31,20,13,12,10,28,10,11,31,22,30
775553024,SF,49ers,553386033,Jeremiah Trotter,MIKE,54,98,98,2,22,73,262,1,True,False,False,97,0,1,4500000,9000000,82,86,78,88,93,25,6,6,6,76,62,42,36,30,97,78,83,94,84,72
775553024,SF,49ers,553386785,Zaire Franklin,MIKE,44,83,83,1,22,72,235,1,True,False,False,97,0,3,2400000,850000,85,90,81,80,85,22,6,6,6,52,61,10,6,5,90,61,68,68,32,64
775553024,SF,49ers,553386414,Rashaan Evans,MIKE,56,71,71,0,28,74,232,6,True,False,False,97,0,1,800000,800000,83,86,82,81,65,25,6,6,6,51,56,15,5,5,87,53,56,73,21,67
775553024,SF,49ers,553388920,Logan Cooke,P,10,81,81,0,29,77,230,6,True,False,False,97,0,3,2850000,1000000,73,68,51,56,69,43,26,20,16,41,39,15,15,15,33,13,16,26,80,10
775553024,SF,49ers,553389075,Peyton Manning,QB,18,99,99,2,21,77,230,1,True,False,False,97,0,5,50000000,20000000,60,64,65,74,99,98,98,99,95,78,35,20,15,10,25,12,18,21,78,9
775553024,SF,49ers,553387718,C.J. Stroud,QB,7,83,83,2,22,75,218,1,True,False,False,97,0,1,800000,800000,82,87,80,61,81,90,90,88,90,61,21,12,11,10,24,9,10,19,19,10
775553024,SF,49ers,553386498,Bruce Smith,REDGE,78,99,99,3,20,76,277,1,True,False,False,97,0,1,7500000,15000000,91,93,89,95,95,29,24,22,16,20,65,65,26,24,91,40,45,92,97,91
775553024,SF,49ers,553387375,Dominique Robinson,REDGE,90,73,73,0,26,77,253,2,True,False,False,97,0,1,800000,800000,82,89,77,81,66,62,55,50,42,61,65,43,41,37,78,32,45,67,80,73
775553024,SF,49ers,553388988,Chris Lindstrom,RG,63,94,94,2,21,75,307,1,True,False,False,97,0,1,1750000,2500000,77,81,69,92,98,23,6,6,6,19,26,16,6,5,32,12,12,15,23,10
775553024,SF,49ers,553388054,Dominick Puni,RG,77,73,73,1,24,77,320,0,True,False,False,97,0,1,800000,800000,61,64,68,86,74,24,22,21,13,43,44,22,21,15,46,9,9,42,74,31
775553024,SF,49ers,553388702,Taylor Moton,RT,71,84,84,1,30,77,325,7,True,False,False,97,0,3,5250000,2000000,66,65,62,88,96,20,18,13,6,23,28,13,5,5,31,12,12,34,78,10
775553024,SF,49ers,553386902,Nathan Thomas,RT,62,67,67,0,23,77,332,0,True,False,False,97,0,1,800000,800000,66,74,52,85,62,25,20,15,10,57,53,43,40,35,28,12,12,32,22,10
775553024,SF,49ers,553387971,Bobby Bell,SAM,50,99,99,2,22,76,228,2,True,False,False,97,0,5,20000000,6500000,85,87,86,88,95,10,10,10,10,70,82,10,10,10,96,91,94,90,92,88
775553024,SF,49ers,553386944,Jamien Sherwood,SAM,42,68,68,0,24,74,216,3,True,False,False,97,0,1,800000,800000,82,86,79,65,70,43,37,33,29,64,63,35,31,29,81,68,65,63,21,49
775553024,SF,49ers,553386020,Bob Sanders,SS,26,91,91,2,22,70,212,1,True,False,False,97,0,2,3900000,2250000,87,86,79,84,78,21,6,6,6,39,69,43,31,26,93,83,85,82,78,74
775553024,SF,49ers,553388179,Jartavius Martin,SS,20,76,76,1,24,72,195,1,True,False,False,97,0,1,800000,800000,90,97,87,61,71,25,8,7,6,62,75,24,14,12,69,78,73,53,75,43
775553024,SF,49ers,553387306,Mike Brown,SS,44,63,63,0,25,73,222,2,True,False,True,97,0,0,0,0,86,85,83,66,62,30,9,7,6,63,65,15,10,10,65,58,65,60,24,50
775553024,SF,49ers,553388399,Shannon Sharpe,TE,88,99,99,2,20,74,228,1,True,False,False,97,0,3,13500000,8000000,87,88,85,82,90,35,31,27,24,87,94,90,89,85,60,70,80,80,81,87
775553024,SF,49ers,553386180,Aaron Hernandez,TE,81,93,93,1,22,74,245,24,True,False,False,97,0,3,3450000,1250000,88,90,88,76,86,34,15,10,6,82,90,86,88,82,42,14,21,46,30,17
775553024,SF,49ers,553388823,Mo Alie-Cox,TE,80,73,73,0,30,77,267,6,True,False,False,97,0,1,800000,800000,83,82,74,70,72,25,15,10,6,72,83,71,67,64,28,10,13,19,30,10
775553024,SF,49ers,553387286,Ko Kieft,TE,41,65,65,0,26,77,265,2,True,False,True,97,0,0,0,0,73,70,79,75,66,24,22,15,11,72,74,64,58,51,34,10,10,35,26,10
775553024,SF,49ers,553387337,DeMeco Ryans,WILL,59,95,95,3,22,73,247,1,False,True,False,6,7,2,3800000,2250000,84,86,83,87,96,10,6,6,6,75,70,32,30,28,93,71,78,91,72,68
775553024,SF,49ers,553386817,Bralen Trice,WILL,48,72,72,1,23,76,274,0,True,False,False,97,0,1,800000,800000,82,85,77,76,77,27,6,6,6,30,28,15,8,4,86,47,51,76,23,75
775553024,SF,49ers,553386261,Mykal Walker,WILL,43,71,71,0,27,75,230,4,True,False,False,97,0,1,800000,800000,87,88,80,72,74,25,6,6,6,47,68,33,25,20,83,57,65,68,18,63
775553024,SF,49ers,553387515,Antonio Brown,WR,84,99,99,3,22,70,185,1,True,False,False,97,0,2,18000000,18000000,93,96,97,70,97,13,10,10,6,87,98,98,96,94,74,67,62,59,19,39
775553024,SF,49ers,553387490,Davante Adams,WR,17,94,94,3,31,73,215,10,True,False,False,97,0,2,4000000,3000000,90,91,95,63,95,45,15,10,6,76,93,95,95,93,42,18,24,52,0,10
775553024,SF,49ers,553387378,D.K. Metcalf,WR,14,87,87,3,26,76,235,5,True,False,False,97,0,3,4650000,1750000,96,94,84,79,86,34,18,13,10,74,90,84,82,86,33,15,29,38,27,10
775553024,SF,49ers,553387463,Dwayne Bowe,WR,82,84,84,0,21,75,215,1,True,False,False,97,0,3,2400000,850000,88,90,85,75,82,26,24,21,16,90,92,85,88,90,37,14,15,35,71,21
775553024,SF,49ers,553387520,Jacoby  Jones,WR,12,84,84,1,22,74,215,1,True,False,False,97,0,4,4600000,1250000,94,95,91,66,82,14,8,6,6,84,85,79,79,90,17,11,25,26,22,10
775553024,SF,49ers,553387047,JuJu Smith-Schuster,WR,89,77,77,0,27,73,215,7,True,False,False,97,0,1,800000,800000,88,90,85,72,76,34,24,18,14,70,84,79,78,74,43,37,45,28,21,21
775553024,SF,49ers,553386406,Grant DuBose,WR,86,64,64,0,23,74,201,1,True,False,True,97,0,0,0,0,87,90,85,60,64,51,40,31,29,73,78,67,66,64,29,10,10,27,76,10
775553025,CHI,Bears,553389032,Forrest Blue,C,60,96,96,2,21,77,278,1,True,False,False,97,0,2,4000000,3000000,62,68,65,94,93,7,4,2,1,60,35,10,5,1,50,10,12,60,35,28
775553025,CHI,Bears,553387006,Joe Tippmann,C,66,75,75,1,23,78,317,1,True,False,False,97,0,1,800000,800000,73,81,65,89,78,11,6,6,6,45,39,23,15,10,33,12,13,25,21,10
775553025,CHI,Bears,553389009,Mel Blount,CB,47,99,99,3,22,75,205,1,True,False,False,97,0,7,45660000,15000000,93,91,88,82,94,7,6,6,5,78,83,32,30,28,89,97,91,85,50,48
775553025,CHI,Bears,553387743,Trent McDuffie,CB,22,90,90,1,23,71,193,2,True,False,False,97,0,7,51190000,2500000,91,93,94,61,91,27,6,6,6,59,65,26,16,11,68,91,88,55,79,38
775553025,CHI,Bears,553386197,Xavien Howard,CB,27,84,84,1,20,73,203,1,True,False,False,97,0,3,4650000,1750000,90,90,85,65,88,27,6,6,6,64,85,26,16,11,62,83,84,57,29,36
775553025,CHI,Bears,553387993,Kader Kohou,CB,4,78,78,1,25,70,195,2,True,False,False,97,0,3,2400000,850000,93,93,80,63,79,25,6,6,6,53,70,10,9,8,56,77,71,44,33,24
775553025,CHI,Bears,553387921,Jerry Jacobs,CB,23,73,73,0,25,71,198,3,True,False,False,97,0,1,800000,800000,88,86,86,64,77,25,6,6,6,56,72,25,15,10,54,76,77,49,22,46
775553025,CHI,Bears,553386957,John Henderson,DT,98,95,95,2,25,79,335,3,True,False,False,97,0,5,20000000,6500000,68,72,68,96,92,20,18,15,13,70,44,30,24,20,96,25,30,97,94,72
775553025,CHI,Bears,553387552,Amobi Okoye,DT,90,92,92,2,22,77,317,1,True,False,False,97,0,2,3900000,2250000,76,80,70,92,88,10,8,7,6,26,23,15,7,3,92,50,58,94,84,64
775553025,CHI,Bears,553387341,Rashard Lawrence,DT,92,72,72,0,25,74,308,4,True,False,False,97,0,1,800000,800000,70,77,52,84,74,23,6,6,6,36,30,12,5,5,86,12,16,74,23,63
775553025,CHI,Bears,553387401,Byron Young,DT,93,70,70,0,23,75,297,1,True,False,False,97,0,1,800000,800000,71,81,59,82,72,10,7,6,6,40,37,10,7,5,82,15,23,74,33,53
775553025,CHI,Bears,553387054,James Develin,FB,46,99,99,1,21,75,255,1,True,False,False,97,0,1,1550000,1750000,76,80,72,87,88,16,6,6,6,86,72,65,52,38,60,62,69,49,50,62
775553025,CHI,Bears,553387336,Xavier McKinney,FS,29,85,85,1,26,72,201,4,True,False,False,97,0,2,3500000,2000000,88,90,88,67,84,25,6,6,6,62,76,10,10,10,82,78,82,61,21,54
775553025,CHI,Bears,553386029,John Johnson III,FS,43,79,79,1,28,72,209,7,True,False,False,97,0,1,800000,800000,86,88,90,67,81,26,6,6,6,66,75,25,15,10,69,73,81,54,29,45
775553025,CHI,Bears,553386071,Antonio Johnson,FS,26,71,71,0,22,75,195,1,True,False,True,97,0,0,0,0,88,92,80,55,69,23,15,10,10,54,64,45,40,33,69,75,70,53,31,49
775553025,CHI,Bears,553389020,Dadrion Taylor-Demerson,FS,42,70,70,0,23,71,195,0,True,False,True,97,0,0,0,0,92,93,85,57,65,31,25,20,14,71,70,52,45,39,69,66,68,51,20,32
775553025,CHI,Bears,553386370,Jerome Bettis,HB,36,99,99,3,22,71,252,1,True,False,False,97,0,4,5400000,1500000,85,86,80,90,97,19,6,6,6,98,74,66,62,58,45,10,12,55,32,34
775553025,CHI,Bears,553389001,Jim Brown,HB,32,99,99,3,22,74,232,1,True,False,False,97,0,2,6000000,5000000,89,94,86,96,92,30,25,24,20,92,85,60,58,55,70,15,20,70,98,85
775553025,CHI,Bears,553386480,Brandon Jacobs,HB,30,94,94,2,22,76,264,1,True,False,False,97,0,3,3450000,1250000,89,91,83,94,86,23,21,20,14,91,69,65,58,50,42,20,25,44,50,35
775553025,CHI,Bears,553386091,A.J. Dillon,HB,28,79,79,1,26,72,247,4,True,False,False,97,0,1,800000,800000,88,87,79,85,78,31,20,15,10,95,68,51,44,34,29,10,17,31,35,10
775553025,CHI,Bears,553386939,Keaton Mitchell,HB,34,74,74,1,22,68,186,1,True,False,True,97,0,0,0,0,94,95,82,60,71,27,25,24,20,86,71,62,53,54,27,25,32,23,73,22
775553025,CHI,Bears,553388094,Tank Bigsby,HB,4,72,72,0,23,72,213,1,True,False,True,97,0,0,0,0,90,92,84,75,69,27,20,16,12,87,62,56,48,40,32,11,16,31,35,10
775553025,CHI,Bears,553388222,Jason Sanders,K,7,76,76,1,28,71,190,6,True,False,False,97,0,3,2850000,1000000,78,79,59,37,65,26,32,20,15,28,46,22,14,12,27,11,17,19,25,10
775553025,CHI,Bears,553386525,Joshua Karty,K,7,71,71,1,22,74,207,0,True,False,True,97,0,0,0,0,75,80,64,45,54,34,31,21,20,26,32,19,15,12,24,11,14,11,25,10
775553025,CHI,Bears,553386279,Cam Little,K,39,70,70,0,21,74,179,0,True,False,True,97,0,0,0,0,74,78,65,41,54,29,32,21,12,20,21,15,15,15,21,11,12,12,30,10
775553025,CHI,Bears,553387714,George Karlaftis,LEDGE,96,83,83,1,23,76,263,2,True,False,False,97,0,4,7000000,2000000,80,86,80,84,86,20,6,6,6,42,47,13,5,3,91,17,23,81,70,75
775553025,CHI,Bears,553386189,Austin Booker,LEDGE,94,68,68,0,21,77,253,0,True,False,True,97,0,0,0,0,79,83,74,76,72,25,6,6,6,34,34,17,10,6,75,38,45,69,30,74
775553025,CHI,Bears,553386402,Brandon Dorlus,LEDGE,54,68,68,1,23,75,283,0,True,False,True,97,0,0,0,0,77,82,70,84,67,22,6,6,6,26,35,13,6,3,79,22,29,76,30,70
775553025,CHI,Bears,553387867,Antonio Moultrie,LEDGE,64,65,65,0,25,76,275,1,True,False,False,97,0,1,800000,800000,70,71,62,82,61,22,6,6,6,35,43,10,6,5,81,25,29,73,77,61
775553025,CHI,Bears,553387893,Larry Allen,LG,73,99,99,2,22,75,325,1,True,False,False,97,0,2,9000000,7500000,75,78,72,99,95,37,31,26,21,70,58,40,35,30,65,30,35,78,75,60
775553025,CHI,Bears,553389063,Nick Broeker,LG,74,64,64,0,23,76,305,1,True,False,False,97,0,1,960000,960000,63,74,60,81,72,25,10,8,6,42,35,24,21,18,26,11,12,32,30,26
775553025,CHI,Bears,553386348,Willie Roaf,LT,77,97,97,3,25,77,320,1,True,False,False,97,0,4,35400000,9000000,67,74,73,96,98,22,20,21,20,58,32,15,5,5,24,15,14,11,74,10
775553025,CHI,Bears,553386385,Dion Dawkins,LT,78,84,84,1,30,77,320,7,True,False,False,97,0,2,2300000,1250000,73,69,68,88,94,23,6,6,6,28,41,25,14,10,31,12,15,27,21,10
775553025,CHI,Bears,553386668,Thomas Davis,MIKE,58,95,95,2,22,73,235,2,False,False,False,6,6,4,10000000,4000000,89,90,88,87,95,12,8,7,6,70,64,52,48,42,90,78,82,85,86,84
775553025,CHI,Bears,553386977,Eric Kendricks,MIKE,45,81,81,1,32,72,232,9,True,False,False,97,0,1,800000,800000,86,88,80,76,90,24,6,6,6,60,73,15,5,5,88,61,69,73,26,61
775553025,CHI,Bears,553387460,Blake Lynch,MIKE,53,67,67,0,27,74,235,4,True,False,False,97,0,1,800000,800000,86,87,81,69,65,33,24,20,17,67,69,48,43,40,79,58,67,70,27,58
775553025,CHI,Bears,553386384,Craig Hentrich,P,6,93,93,2,22,75,213,1,True,False,False,97,0,4,5400000,1500000,72,78,75,80,99,60,65,70,75,80,70,65,60,55,14,12,15,14,74,11
775553025,CHI,Bears,553386432,Dan Fouts,QB,14,96,96,2,22,75,204,1,True,False,False,97,0,2,18000000,18000000,64,69,67,69,95,96,90,95,93,63,50,50,50,50,45,60,65,50,50,65
775553025,CHI,Bears,553387710,Joe Flacco,QB,5,90,90,2,22,78,245,1,True,False,False,97,0,3,4050000,1500000,73,74,70,78,88,95,88,89,93,70,20,10,8,6,29,15,20,24,83,10
775553025,CHI,Bears,553387652,Ryan Fitzpatrick,QB,15,84,84,1,22,74,223,1,True,False,False,97,0,1,800000,800000,78,77,76,70,89,88,91,90,85,65,30,35,30,25,30,0,45,45,50,55
775553025,CHI,Bears,553388940,Chase Young,REDGE,99,85,85,2,25,77,264,4,True,False,False,97,0,4,7000000,2250000,86,90,86,86,87,32,28,25,20,43,33,14,10,5,86,34,47,81,41,85
775553025,CHI,Bears,553388101,Will McDonald IV,REDGE,97,76,76,1,25,75,241,1,True,False,False,97,0,2,1600000,850000,82,87,88,69,73,44,30,25,22,49,48,35,30,28,82,38,50,70,77,78
775553025,CHI,Bears,553386962,Darius Robinson,REDGE,92,70,70,0,22,77,285,0,True,False,True,97,0,0,0,0,74,77,77,87,73,17,12,19,27,29,25,10,8,6,78,32,33,77,26,71
775553025,CHI,Bears,553386710,Kingsley Enagbare,REDGE,55,68,68,0,24,76,258,2,True,False,True,97,0,0,0,0,77,83,67,83,70,20,6,6,6,31,28,14,7,5,82,28,43,74,29,65
775553025,CHI,Bears,553387923,Logan Mankins,RG,70,98,98,3,22,76,308,1,True,False,False,97,0,4,18000000,8500000,68,74,70,96,96,16,6,6,6,74,48,42,40,36,51,15,23,45,20,46
775553025,CHI,Bears,553387276,Zak Zinter,RG,62,75,75,1,23,78,315,0,True,False,False,97,0,1,800000,800000,63,65,54,88,78,21,9,7,6,40,22,15,7,5,44,8,9,39,32,28
775553025,CHI,Bears,553386449,Bob Brown,RT,76,99,99,3,22,75,280,1,True,False,False,97,0,3,15000000,10000000,70,76,74,99,99,26,10,8,6,75,60,42,30,25,70,8,8,22,19,10
775553025,CHI,Bears,553386155,Trey Pipkins III,RT,79,72,72,0,27,78,307,5,True,False,False,97,0,1,800000,800000,70,75,65,83,84,16,6,6,6,42,47,26,20,15,40,12,12,40,80,30
775553025,CHI,Bears,553386288,Jared Verse,SAM,8,77,77,1,23,76,254,0,True,False,False,97,0,4,6200000,1750000,86,90,80,84,79,17,7,6,5,62,67,44,39,32,84,45,48,82,22,75
775553025,CHI,Bears,553386343,Willie Harvey,SAM,48,69,69,0,28,71,230,5,True,False,False,97,0,1,800000,800000,84,89,80,68,63,25,6,6,6,50,54,15,5,5,85,54,58,73,31,64
775553025,CHI,Bears,553387777,Nik Bonitto,SAM,42,65,65,0,24,75,240,2,True,False,True,97,0,0,0,0,88,92,82,72,65,39,32,30,25,45,48,10,5,5,74,29,45,68,23,75
775553025,CHI,Bears,553388437,Yasir Abdullah,SAM,56,63,63,0,24,73,234,1,True,False,True,97,0,0,0,0,90,95,83,70,59,20,9,7,6,45,64,27,24,20,75,60,50,59,0,66
775553025,CHI,Bears,553387430,Johnny Robinson,SS,42,99,99,2,21,73,205,1,True,False,False,97,0,3,13500000,8000000,92,91,90,75,88,30,20,18,15,65,82,65,60,55,95,94,97,92,80,85
775553025,CHI,Bears,553388146,Jordan Fuller,SS,35,81,81,1,26,74,203,4,True,False,False,97,0,3,2400000,850000,89,86,80,59,85,32,21,15,12,57,73,32,22,17,77,74,77,58,30,34
775553025,CHI,Bears,553386490,Mark Bavaro,TE,89,99,99,2,22,76,245,1,True,False,False,97,0,3,13500000,4500000,82,83,78,91,89,22,20,10,6,87,91,88,84,72,34,29,32,55,25,22
775553025,CHI,Bears,553387199,Mike Gesicki,TE,88,93,93,1,20,78,245,1,True,False,False,97,0,2,3800000,2250000,85,88,90,65,82,40,40,40,40,85,92,80,87,88,30,10,15,60,29,10
775553025,CHI,Bears,553387641,Noah Gray,TE,87,73,73,0,25,75,240,3,True,False,False,97,0,1,800000,800000,84,88,86,67,78,51,43,36,31,78,86,66,61,58,37,14,18,36,22,10
775553025,CHI,Bears,553387806,Joey Porter,WILL,55,94,94,2,22,75,248,1,True,False,False,97,0,4,7800000,2250000,86,91,82,84,90,6,6,6,6,37,71,15,8,4,94,66,70,91,92,83
775553025,CHI,Bears,553387918,Cory Littleton,WILL,44,69,69,0,30,75,225,8,True,False,False,97,0,1,800000,800000,81,82,78,73,79,18,6,6,6,44,64,15,15,15,81,61,65,69,26,63
775553025,CHI,Bears,553388401,James Lofton,WR,80,98,98,3,22,75,187,1,True,False,False,97,0,4,24000000,12000000,96,91,93,75,92,25,22,20,28,86,98,97,96,99,29,10,17,27,19,10
775553025,CHI,Bears,553386460,A.J. Green,WR,18,92,92,2,21,76,207,1,True,False,False,97,0,3,5250000,2000000,90,92,88,78,94,10,10,10,10,89,96,92,94,92,10,90,88,20,15,15
775553025,CHI,Bears,553386075,Irving Fryar,WR,83,91,91,1,22,74,200,1,True,False,False,97,0,4,4600000,1250000,90,92,88,75,97,30,25,20,15,82,96,88,90,94,25,40,35,20,15,20
775553025,CHI,Bears,553386479,Roddy White,WR,84,89,89,1,22,72,210,1,True,False,False,97,0,4,4600000,1150000,90,91,88,75,87,25,20,15,10,85,93,86,90,93,45,63,65,23,29,10
775553025,CHI,Bears,553388547,Javon Baker,WR,82,74,74,1,22,73,202,0,True,False,False,97,0,1,800000,800000,91,89,90,59,59,26,15,10,10,74,83,74,79,81,27,22,21,25,88,10
775553026,CIN,Bengals,553387650,Jim Ringo,C,51,98,98,2,24,73,232,1,True,False,False,97,0,2,6000000,5000000,82,78,80,90,95,20,15,15,15,50,50,40,35,30,34,22,27,34,30,27
775553026,CIN,Bengals,553387798,Lloyd Cushenberry III,C,79,81,81,0,26,76,315,4,True,False,False,97,0,1,800000,800000,72,67,57,85,86,22,6,6,6,30,30,10,5,5,22,13,14,23,21,12
775553026,CIN,Bengals,553386317,Eric Allen,CB,24,99,99,2,21,70,190,1,True,False,False,97,0,7,36630000,15000000,96,94,95,78,97,27,6,6,6,70,76,40,35,30,95,97,98,85,75,94
775553026,CIN,Bengals,553386220,Vontae Davis,CB,35,93,93,1,22,72,202,1,True,False,False,97,0,2,4000000,3000000,92,91,90,75,88,30,18,12,8,99,80,44,39,36,82,92,88,80,65,85
775553026,CIN,Bengals,553386365,Jason Sehorn,CB,23,89,89,1,22,74,213,1,True,False,False,97,0,4,6200000,1750000,93,92,89,74,85,25,15,10,6,68,80,55,48,60,81,88,85,70,36,41
775553026,CIN,Bengals,553386266,Nate Wiggins,CB,2,79,79,1,21,74,173,0,True,False,False,97,0,3,2400000,850000,96,95,92,49,71,33,27,23,21,58,71,47,45,42,60,81,76,40,67,29
775553026,CIN,Bengals,553388572,Ahkello Witherspoon,CB,44,76,76,0,29,74,195,7,True,False,False,97,0,1,800000,800000,90,92,86,56,79,35,6,6,6,59,75,27,17,10,40,79,75,52,23,33
775553026,CIN,Bengals,553387271,Montaric Brown,CB,30,65,65,0,25,72,190,2,True,False,True,97,0,0,0,0,87,90,78,57,67,23,6,6,6,61,68,41,36,32,47,65,71,49,24,34
775553026,CIN,Bengals,553386302,Geno Atkins,DT,91,95,95,2,20,75,300,1,False,False,False,6,7,4,18000000,8500000,75,85,80,95,92,20,20,20,20,65,65,50,45,40,89,55,58,96,94,90
775553026,CIN,Bengals,553387544,Ted Washington,DT,95,88,88,1,20,78,355,1,True,False,False,97,0,2,3500000,2000000,60,58,55,99,91,5,5,5,5,20,25,5,5,5,92,30,35,91,88,65
775553026,CIN,Bengals,553387394,Henry Anderson,DT,96,77,77,0,33,78,300,9,True,False,False,97,0,1,8220000,8220000,70,71,69,86,74,19,6,6,6,45,43,10,3,2,85,25,29,76,90,56
775553026,CIN,Bengals,553386077,Gervon Dexter,DT,99,73,73,0,22,78,312,1,True,False,False,97,0,1,800000,800000,76,80,67,85,77,14,6,6,6,45,52,13,8,5,87,10,12,73,23,62
775553026,CIN,Bengals,553387335,Chauncey Golston,DT,98,71,71,0,26,77,268,3,True,False,False,97,0,1,800000,800000,78,87,71,81,71,23,6,6,6,49,65,30,10,6,80,28,39,74,18,69
775553026,CIN,Bengals,553388805,Brad Hoover,FB,36,99,99,3,21,72,245,1,True,False,False,97,0,1,1550000,1750000,78,82,80,85,90,15,15,15,15,85,88,70,15,15,34,15,22,37,22,10
775553026,CIN,Bengals,553388257,Jevon Holland,FS,8,89,89,1,24,73,210,3,True,False,False,97,0,2,3900000,2250000,91,93,84,65,88,23,15,10,10,67,79,44,41,40,77,84,91,59,26,48
775553026,CIN,Bengals,553388066,Camryn Bynum,FS,26,82,82,1,26,72,200,3,True,False,False,97,0,2,1600000,850000,86,90,84,66,81,24,6,6,6,59,72,41,35,33,84,71,76,54,26,42
775553026,CIN,Bengals,553386722,Yusuf Corker,FS,37,63,63,0,25,72,197,2,True,False,True,97,0,0,0,0,88,88,82,69,65,30,15,10,10,57,62,20,15,10,63,60,64,60,84,42
775553026,CIN,Bengals,553386934,Warrick Dunn,HB,28,99,99,3,24,70,190,1,True,False,False,97,0,4,5400000,1500000,92,95,94,65,90,30,25,20,15,95,87,90,88,85,50,40,40,35,30,40
775553026,CIN,Bengals,553388616,John Henry Johnson,HB,27,95,95,2,26,72,210,1,True,False,False,97,0,1,800000,800000,86,84,82,88,94,12,14,10,7,97,69,60,56,54,41,13,16,44,78,29
775553026,CIN,Bengals,553386882,D'Andre Swift,HB,4,86,86,2,25,69,215,4,True,False,False,97,0,2,2300000,1250000,91,92,90,68,82,38,30,25,15,88,70,73,66,59,31,16,13,28,32,16
775553026,CIN,Bengals,553387021,Dillon Johnson,HB,35,66,66,0,23,72,217,0,True,False,True,97,0,0,0,0,83,91,83,72,72,39,41,39,38,87,67,53,47,42,36,13,18,36,31,10
775553026,CIN,Bengals,553387858,Morten Andersen,K,5,95,95,2,22,74,218,1,True,False,False,97,0,4,5400000,1500000,48,60,55,42,92,70,70,70,70,39,44,35,29,23,53,11,12,11,19,10
775553026,CIN,Bengals,553388844,Howie Long,LEDGE,75,99,99,3,24,77,265,1,True,False,False,97,0,2,18000000,18000000,84,89,82,92,97,40,15,10,5,76,64,38,32,28,96,30,34,97,99,91
775553026,CIN,Bengals,553388072,Jonathan Marshall,LEDGE,92,67,67,0,26,75,310,3,True,False,False,97,0,1,800000,800000,79,83,71,87,63,19,6,6,6,43,39,29,24,15,74,20,26,68,72,56
775553026,CIN,Bengals,553386465,Scott Matlock,LEDGE,99,62,62,0,24,76,296,1,True,False,True,97,0,0,0,0,74,81,73,85,64,22,13,10,7,44,32,29,24,23,75,15,19,67,21,62
775553026,CIN,Bengals,553387423,John Hannah,LG,73,99,99,3,26,74,265,1,True,False,False,97,0,3,13500000,8000000,70,78,72,99,99,14,6,6,6,78,26,22,12,6,77,13,15,66,22,52
775553026,CIN,Bengals,553387425,Royce Newman,LG,70,71,71,0,27,77,310,3,True,False,False,97,0,1,800000,800000,67,75,55,83,83,13,6,6,6,27,22,10,5,5,23,12,12,23,28,10
775553026,CIN,Bengals,553389043,Matt Light,LT,72,94,94,2,28,76,305,1,True,False,False,97,0,4,7800000,2250000,62,70,66,92,96,28,15,10,6,68,42,36,30,28,60,12,13,25,40,38
775553026,CIN,Bengals,553386803,Taliese Fuaga,LT,74,78,78,1,22,78,324,0,True,False,False,97,0,3,2850000,1000000,68,73,63,93,65,14,9,7,6,33,22,12,8,5,39,9,9,42,22,10
775553026,CIN,Bengals,553387147,Julian Pearl,LT,60,62,62,0,24,78,312,0,True,False,True,97,0,0,0,0,71,79,71,86,65,28,22,15,10,30,35,28,28,25,37,9,12,33,30,10
775553026,CIN,Bengals,553386879,Bobby Wagner,MIKE,54,98,98,3,22,72,242,1,True,False,False,97,0,3,15000000,10000000,87,90,86,84,95,8,6,4,3,80,75,15,5,5,96,76,88,93,78,63
775553026,CIN,Bengals,553388374,Josey Jewell,MIKE,47,78,78,0,29,74,236,6,True,False,False,97,0,1,800000,800000,82,84,83,71,84,25,6,6,6,60,66,15,5,5,87,60,68,74,27,64
775553026,CIN,Bengals,553387133,Channing Tindall,MIKE,41,68,68,0,24,74,232,2,True,False,False,97,0,1,800000,800000,91,94,75,69,64,29,15,10,9,55,49,25,20,15,84,58,53,66,24,54
775553026,CIN,Bengals,553386218,Ethan Evans,P,9,75,75,0,23,76,235,1,True,False,False,97,0,2,1900000,1000000,68,71,57,55,61,39,30,28,25,35,29,10,10,10,24,10,10,14,37,11
775553026,CIN,Bengals,553386193,Joe Theismann,QB,7,94,94,2,22,72,192,1,True,False,False,97,0,3,4050000,1500000,78,82,80,69,95,96,95,91,91,69,72,60,54,47,24,12,18,21,31,9
775553026,CIN,Bengals,553386591,Randall Cunningham,QB,18,91,91,2,21,75,215,1,True,False,False,97,0,3,4050000,1350000,90,89,88,70,92,90,91,88,92,85,50,40,40,40,60,65,68,72,70,75
775553026,CIN,Bengals,553387373,Vince Young,QB,13,84,84,1,22,77,232,1,True,False,False,97,0,1,800000,800000,88,88,86,78,80,93,90,84,82,78,24,15,15,15,24,11,15,22,19,10
775553026,CIN,Bengals,553387146,Kyle Vanden Bosch,REDGE,93,91,91,1,25,76,278,2,True,False,False,97,0,5,61160000,2500000,80,88,80,87,88,10,10,10,10,60,45,30,25,20,92,30,35,92,92,88
775553026,CIN,Bengals,553388541,Bryce Huff,REDGE,94,80,80,1,26,75,255,4,True,False,False,97,0,2,1900000,1000000,84,88,80,72,77,28,6,6,6,40,36,15,8,4,82,38,48,64,77,89
775553026,CIN,Bengals,553387443,Jahri Evans,RG,59,96,96,2,22,76,318,1,True,False,False,97,0,4,10000000,4000000,68,76,74,91,93,25,6,6,6,26,22,15,5,5,27,12,12,17,26,10
775553026,CIN,Bengals,553388954,Kevin Zeitler,RG,71,87,87,0,34,76,339,12,True,False,False,97,0,1,800000,800000,74,68,57,91,95,12,6,6,6,40,15,15,5,5,25,13,15,15,27,10
775553026,CIN,Bengals,553388232,Braden Smith,RT,78,85,85,1,28,78,315,6,True,False,False,97,0,4,7000000,2000000,68,70,59,92,92,22,6,6,6,29,19,10,5,5,55,10,17,20,24,10
775553026,CIN,Bengals,553387792,La'el Collins,RT,76,78,78,0,31,76,314,9,True,False,False,97,0,1,800000,800000,68,60,57,86,74,25,6,6,6,40,30,10,5,5,34,12,15,15,34,10
775553026,CIN,Bengals,553388352,Tuli Tuipulotu,SAM,45,76,76,1,21,75,266,1,True,False,False,97,0,3,5250000,2000000,77,83,71,88,79,20,9,7,6,33,35,15,8,6,83,40,54,80,19,78
775553026,CIN,Bengals,553388433,Boogie Basham Jr,SAM,55,68,68,0,26,75,274,3,True,False,False,97,0,1,800000,800000,86,87,76,81,73,14,6,6,6,45,42,21,16,14,77,28,41,76,34,70
775553026,CIN,Bengals,553388939,Troy Polamalu,SS,43,99,99,3,22,70,207,1,True,False,False,97,0,5,34940000,9000000,93,94,92,75,96,28,6,6,6,65,75,67,9,6,95,88,94,90,69,82
775553026,CIN,Bengals,553386405,Donovan Wilson,SS,6,81,81,1,29,72,204,5,True,False,False,97,0,3,2400000,850000,88,89,83,64,84,25,6,6,6,51,75,35,30,24,75,74,79,62,18,39
775553026,CIN,Bengals,553388724,JL Skinner,SS,34,66,66,0,23,76,220,1,True,False,True,97,0,0,0,0,89,91,87,59,61,27,19,13,12,62,75,53,55,45,67,59,69,56,21,44
775553026,CIN,Bengals,553388580,Kellen Winslow Sr.,TE,80,97,97,2,21,77,235,1,False,False,False,65,44,5,20000000,6500000,89,90,90,79,94,20,15,10,5,88,98,86,83,81,25,20,18,15,15,20
775553026,CIN,Bengals,553387161,David Njoku,TE,85,90,90,2,28,76,246,7,True,False,False,97,0,3,3450000,1250000,87,90,83,72,92,13,15,10,6,77,90,79,76,73,36,26,23,42,28,10
775553026,CIN,Bengals,553388849,Luke Musgrave,TE,86,74,74,0,23,78,253,1,True,False,False,97,0,1,800000,800000,89,90,82,75,77,23,15,10,6,73,87,66,64,65,60,14,23,50,25,47
775553026,CIN,Bengals,553387818,John FitzPatrick,TE,87,63,63,0,24,79,250,2,True,False,True,97,0,0,0,0,80,83,67,79,70,23,13,10,6,76,73,60,56,49,43,12,15,45,78,36
775553026,CIN,Bengals,553386399,Khalil Mack,WILL,52,97,97,2,20,76,260,1,True,False,False,97,0,2,3800000,2250000,89,90,88,90,87,10,10,10,10,65,60,60,55,50,96,75,78,90,93,89
775553026,CIN,Bengals,553386311,James Williams,WILL,56,69,69,0,21,76,231,0,True,False,False,97,0,1,800000,800000,84,89,79,71,65,35,34,27,24,65,69,33,28,23,73,76,77,57,23,47
775553026,CIN,Bengals,553387672,Nephi Sewell,WILL,45,65,65,0,25,72,228,2,True,False,True,97,0,0,0,0,83,88,83,68,65,25,9,6,5,60,50,39,35,33,80,55,64,58,20,57
775553026,CIN,Bengals,553386141,Isaac Bruce,WR,88,99,99,3,24,72,188,1,True,False,False,97,0,2,18000000,9000000,94,96,95,68,98,66,60,55,54,88,98,97,98,98,18,10,17,21,29,10
775553026,CIN,Bengals,553388455,Larry Fitzgerald,WR,11,99,99,3,21,74,218,1,True,False,False,97,0,4,24000000,12000000,91,95,87,78,99,35,30,26,21,95,99,99,99,92,38,38,35,40,22,22
775553026,CIN,Bengals,553385998,Keyshawn Johnson,WR,19,96,96,2,22,76,212,1,False,False,False,84,3,4,7000000,2250000,93,92,90,75,97,24,18,15,14,90,98,95,95,98,34,10,16,32,22,10
775553026,CIN,Bengals,553386170,Mario Manningham,WR,82,88,88,1,22,72,185,1,True,False,False,97,0,3,4650000,1750000,93,94,91,62,84,30,15,10,6,74,92,84,88,94,27,26,22,18,17,15
775553026,CIN,Bengals,553387587,Eric Moulds,WR,83,86,86,1,20,74,225,1,True,False,False,97,0,4,4600000,1250000,88,89,86,75,85,34,20,15,10,84,91,86,91,92,24,13,22,23,85,10
775553026,CIN,Bengals,553388263,Rome Odunze,WR,84,78,78,1,22,75,212,0,True,False,False,97,0,1,800000,800000,91,94,87,65,76,24,17,14,10,74,85,82,80,80,30,11,17,27,23,10
775553026,CIN,Bengals,553387691,Justyn Ross,WR,8,72,72,0,24,76,210,2,True,False,True,97,0,0,0,0,85,85,82,64,73,24,20,15,10,76,85,79,78,75,29,10,17,27,20,10
775553026,CIN,Bengals,553388472,Anthony Gould,WR,6,69,69,0,23,68,174,0,True,False,True,97,0,0,0,0,94,95,86,47,58,26,15,10,10,67,78,71,72,73,20,10,16,16,30,10
775553026,CIN,Bengals,553387357,Samori Toure,WR,89,67,67,0,26,73,191,2,True,False,True,97,0,0,0,0,90,87,90,53,64,23,15,10,6,65,78,67,69,72,32,18,16,26,24,10
775553026,CIN,Bengals,553388322,Kaylon Geiger,WR,80,64,64,0,26,70,180,2,True,False,True,97,0,0,0,0,87,91,91,50,47,35,30,27,21,63,74,64,60,62,22,15,21,19,19,10
775553027,BUF,Bills,553387362,Brad Meester,C,63,94,94,2,22,75,291,1,True,False,False,97,0,2,3800000,2250000,72,72,71,92,96,20,18,15,14,74,48,40,35,28,68,25,30,70,55,51
775553027,BUF,Bills,553387048,Josh Myers,C,71,73,73,0,26,77,310,3,True,False,False,97,0,1,800000,800000,62,58,60,89,84,26,6,6,6,28,31,11,6,5,31,12,12,31,26,24
775553027,BUF,Bills,553388198,Mike Haynes,CB,40,99,99,3,22,74,192,1,True,False,False,97,0,2,18000000,18000000,96,95,94,78,96,20,6,6,6,66,92,92,88,82,90,96,94,92,70,90
775553027,BUF,Bills,553386284,Jaycee Horn,CB,29,92,92,1,24,73,200,3,True,False,False,97,0,3,4650000,1750000,93,93,90,68,88,30,18,12,8,65,80,34,24,17,73,93,90,48,30,41
775553027,BUF,Bills,553386532,Donte Jackson,CB,0,79,79,1,28,70,180,6,True,False,False,97,0,3,2400000,850000,94,94,93,49,79,20,6,6,6,63,75,15,12,10,49,78,74,44,27,34
775553027,BUF,Bills,553387802,Tre Brown,CB,28,75,75,0,26,70,185,3,True,False,False,97,0,1,800000,800000,92,91,84,55,75,30,6,6,6,54,65,27,17,12,58,76,71,53,22,38
775553027,BUF,Bills,553387903,Decamerion Richardson,CB,39,69,69,0,23,74,195,0,True,False,True,97,0,0,0,0,94,92,85,52,57,24,23,22,15,52,55,36,31,26,77,66,70,52,26,33
775553027,BUF,Bills,553388941,Eli Ricks,CB,38,65,65,0,22,74,188,1,True,False,True,97,0,0,0,0,87,90,82,50,68,35,15,10,6,64,73,51,46,39,47,64,66,43,25,41
775553027,BUF,Bills,553388438,Mean Joe Greene,DT,75,99,99,3,22,76,275,1,True,False,False,97,0,1,7500000,15000000,75,83,74,97,98,11,6,6,6,65,65,65,16,11,98,30,38,99,99,97
775553027,BUF,Bills,553388699,Jordan Jefferson,DT,97,87,87,0,22,75,305,0,True,False,False,97,0,1,800000,800000,69,72,67,91,80,15,6,6,6,24,22,10,5,3,99,13,18,90,29,66
775553027,BUF,Bills,553387592,Keith Hamilton,DT,92,87,87,3,22,78,295,10,True,False,False,97,0,2,3500000,2000000,85,80,86,86,78,16,6,6,6,38,23,13,8,4,89,23,28,86,24,77
775553027,BUF,Bills,553388114,Jerrod Clark,DT,72,63,63,0,24,75,334,1,True,False,True,97,0,0,0,0,64,73,62,88,58,15,7,6,5,51,50,38,33,28,75,10,11,72,22,49
775553027,BUF,Bills,553387760,Mike Alstott,FB,45,99,99,1,22,73,248,1,True,False,False,97,0,1,1550000,1750000,83,85,78,90,87,25,20,20,15,90,85,82,80,75,65,50,50,55,65,60
775553027,BUF,Bills,553386194,Darren Sharper,FS,42,94,94,2,22,74,210,1,True,False,False,97,0,2,4000000,3000000,90,91,87,70,96,31,6,6,6,58,84,30,20,15,84,83,90,74,48,58
775553027,BUF,Bills,553388956,Geno Stone,FS,24,82,82,1,25,70,209,4,True,False,False,97,0,2,1600000,850000,87,90,87,58,85,42,29,25,21,65,82,30,15,11,68,70,85,57,80,37
775553027,BUF,Bills,553386030,Trevor Denbow,FS,43,62,62,0,25,70,208,2,True,False,True,97,0,0,0,0,87,92,83,62,62,35,15,10,10,69,60,30,25,15,58,55,64,50,22,55
775553027,BUF,Bills,553387725,Shaun Alexander,HB,37,95,95,3,22,72,225,1,True,False,False,97,0,4,5400000,1500000,91,90,87,84,92,15,20,15,11,98,76,68,62,54,36,12,18,33,18,10
775553027,BUF,Bills,553387558,Todd Gurley II,HB,30,95,95,2,23,73,224,1,True,False,False,97,0,4,7000000,2250000,95,94,91,84,90,35,33,22,15,92,78,76,70,62,68,63,66,48,30,42
775553027,BUF,Bills,553388079,Doug Martin,HB,22,87,87,1,22,71,230,1,True,False,False,97,0,2,1900000,1000000,88,89,86,86,90,40,40,40,40,93,75,70,65,60,50,40,40,45,40,40
775553027,BUF,Bills,553387484,James Conner,HB,6,83,83,0,20,73,233,1,True,False,False,97,0,1,800000,800000,89,88,81,82,84,23,18,14,10,91,68,67,60,53,33,10,15,28,31,49
775553027,BUF,Bills,553386973,Malik Davis,HB,34,67,67,0,25,70,202,2,True,False,True,97,0,0,0,0,87,92,82,54,68,24,20,17,13,87,69,64,60,50,34,12,15,31,27,10
775553027,BUF,Bills,553386854,David Akers,K,2,97,97,2,21,70,200,1,True,False,False,97,0,4,5400000,1500000,65,70,72,55,96,30,28,24,20,40,35,15,10,8,40,22,28,20,15,15
775553027,BUF,Bills,553387101,Neil Smith,LEDGE,94,96,96,2,21,76,285,1,True,False,False,97,0,4,24000000,12000000,92,93,90,94,91,20,6,6,6,34,32,10,7,5,88,70,68,95,96,94
775553027,BUF,Bills,553388922,Trysten Hill,LEDGE,91,72,72,0,26,75,310,5,True,False,False,97,0,1,800000,800000,72,77,68,86,62,22,6,6,6,46,34,20,15,13,83,17,27,74,83,75
775553027,BUF,Bills,553389002,Tyler Smith,LG,77,88,88,1,23,78,332,2,True,False,False,97,0,2,3900000,2250000,72,80,59,97,87,24,6,6,6,39,35,15,10,5,30,10,12,20,74,10
775553027,BUF,Bills,553386873,Tylan Grable,LG,68,67,67,0,24,77,309,0,True,False,False,97,0,1,800000,800000,74,81,73,81,71,57,52,48,45,57,51,43,35,33,48,12,13,45,30,46
775553027,BUF,Bills,553386718,Chris Paul,LG,75,61,61,0,25,76,324,2,True,False,True,97,0,0,0,0,76,83,60,82,55,25,6,6,6,25,29,12,6,5,31,8,9,23,76,15
775553027,BUF,Bills,553388067,Jonathan Ogden,LT,74,99,99,3,22,81,345,1,False,False,False,85,5,3,15000000,10000000,72,80,76,97,99,12,8,8,8,72,50,38,32,30,37,25,21,28,75,11
775553027,BUF,Bills,553387664,David Bakhtiari,LT,69,87,87,2,32,76,310,11,True,False,False,97,0,4,4600000,1250000,65,65,58,87,93,22,6,6,6,22,40,15,5,5,40,10,10,20,21,10
775553027,BUF,Bills,553388887,Jessie Tuggle,MIKE,58,97,97,2,22,70,230,1,True,False,False,97,0,4,18000000,8500000,84,88,82,85,92,42,42,40,35,80,63,58,54,50,98,64,77,92,72,60
775553027,BUF,Bills,553385995,Tremaine Edmunds,MIKE,49,85,85,1,26,77,250,6,True,False,False,97,0,2,1900000,1000000,87,87,86,75,88,18,6,6,6,48,74,15,5,5,91,69,76,77,29,73
775553027,BUF,Bills,553386577,Ventrell Miller,MIKE,41,70,70,0,25,72,221,1,True,False,False,97,0,1,800000,800000,83,87,76,74,73,17,14,11,7,55,58,15,8,6,78,60,67,66,81,49
775553027,BUF,Bills,553386708,JD Bertrand,MIKE,49,69,69,0,24,73,235,0,True,False,True,97,0,0,0,0,83,87,75,70,74,25,9,7,6,56,53,18,8,6,73,73,67,75,37,54
775553027,BUF,Bills,553386182,Ryan Stonehouse,P,4,83,83,1,25,70,193,2,True,False,False,97,0,3,2850000,1000000,85,86,58,46,70,28,32,26,23,24,24,16,14,12,22,11,12,19,25,10
775553027,BUF,Bills,553388942,Lamar Jackson,QB,8,98,98,3,27,74,210,6,True,False,False,97,0,5,50000000,20000000,95,95,95,63,98,93,97,95,84,70,64,20,15,13,35,12,12,16,25,10
775553027,BUF,Bills,553386916,Matt Schaub,QB,15,92,92,2,22,77,245,1,True,False,False,97,0,4,5400000,1350000,63,66,68,56,92,92,96,95,86,68,22,18,16,10,19,15,16,11,18,9
775553027,BUF,Bills,553386271,Donovan Mcnabb,QB,5,90,90,2,21,74,240,1,True,False,False,97,0,3,4050000,1500000,87,90,83,79,92,91,90,91,88,80,64,54,46,39,32,19,21,25,39,10
775553027,BUF,Bills,553388062,Tommie Frazier,QB,1,85,85,3,22,74,205,23,True,False,False,97,0,1,800000,800000,94,96,96,74,73,94,88,87,78,78,23,10,10,10,17,7,10,15,21,10
775553027,BUF,Bills,553386798,Trey Hendrickson,REDGE,95,91,91,2,20,76,270,1,True,False,False,97,0,2,9000000,7500000,84,88,82,81,93,23,6,6,6,41,44,17,10,6,89,36,41,80,85,96
775553027,BUF,Bills,553388746,Clelin Ferrell,REDGE,99,75,75,0,27,76,265,5,True,False,False,97,0,1,800000,800000,83,85,76,83,80,26,6,6,6,30,46,14,7,3,83,27,35,73,32,75
775553027,BUF,Bills,553388586,Myles Cole,REDGE,96,74,74,0,24,78,280,0,True,False,False,97,0,1,800000,800000,83,85,63,78,70,22,13,10,7,40,32,29,24,23,75,32,34,73,88,68
775553027,BUF,Bills,553387805,Dylan Horton,REDGE,92,65,65,0,24,76,275,1,True,False,True,97,0,0,0,0,81,82,70,73,68,27,7,6,5,40,39,10,7,5,81,24,29,66,26,64
775553027,BUF,Bills,553386066,Sam Cosmi,RG,51,88,88,0,25,78,309,3,True,False,False,97,0,4,7000000,2000000,77,82,72,87,88,22,6,6,6,52,54,38,12,10,35,11,14,21,25,19
775553027,BUF,Bills,553388763,Saahdiq Charles,RG,64,72,72,0,25,76,322,4,True,False,False,97,0,1,800000,800000,71,63,70,85,83,17,6,6,6,26,20,10,8,5,35,12,12,30,27,26
775553027,BUF,Bills,553388908,Forrest Gregg,RT,76,99,99,2,26,76,249,1,True,False,False,97,0,1,1750000,2500000,82,78,80,94,95,20,15,15,15,50,50,40,35,30,30,30,30,88,45,40
775553027,BUF,Bills,553387560,Walker Little,RT,72,72,72,0,25,79,325,3,True,False,False,97,0,1,800000,800000,62,68,69,85,81,22,6,6,6,28,26,14,5,5,35,11,14,31,25,24
775553027,BUF,Bills,553388598,Travon Walker,SAM,44,79,79,1,23,77,272,2,True,False,False,97,0,3,5250000,2000000,88,92,83,88,81,18,6,6,6,54,60,25,19,14,81,45,55,79,22,69
775553027,BUF,Bills,553386990,Boye Mafe,SAM,47,76,76,0,25,76,261,2,True,False,False,97,0,1,800000,800000,87,91,77,75,77,21,17,12,9,28,36,14,7,5,88,36,50,76,30,79
775553027,BUF,Bills,553388926,Cliff Harris,SS,43,98,98,2,22,70,190,1,True,False,False,97,0,5,20000000,6500000,87,90,88,78,95,27,20,16,13,70,78,60,62,65,95,85,88,85,78,80
775553027,BUF,Bills,553387435,Rayshawn Jenkins,SS,38,79,79,1,30,73,200,7,True,False,False,97,0,1,800000,800000,89,88,81,72,83,30,18,15,10,65,78,28,18,13,79,61,71,67,21,37
775553027,BUF,Bills,553386471,Vernon Davis,TE,85,99,99,2,22,75,248,1,True,False,False,97,0,3,13500000,8000000,94,95,88,82,88,36,26,23,16,88,92,88,87,85,71,55,58,57,22,61
775553027,BUF,Bills,553386111,Heath Miller,TE,83,92,92,2,22,77,256,1,True,False,False,97,0,3,3450000,1250000,82,83,78,85,92,22,10,10,10,85,94,92,90,76,44,15,25,40,22,10
775553027,BUF,Bills,553386086,Jonnu Smith,TE,9,78,78,0,29,75,248,7,True,False,False,97,0,1,800000,800000,89,85,79,78,82,35,6,6,6,73,82,70,66,65,29,15,20,30,72,25
775553027,BUF,Bills,553388112,Brevyn Spann-Ford,TE,44,63,63,0,24,79,260,0,True,False,True,97,0,0,0,0,80,83,71,72,63,25,15,10,5,70,75,62,59,51,55,29,38,51,28,40
775553027,BUF,Bills,553387459,Curtis Hodges,TE,80,62,62,0,25,80,240,1,True,False,True,97,0,0,0,0,79,82,79,68,58,30,15,10,6,71,75,61,63,62,42,15,15,35,81,24
775553027,BUF,Bills,553387595,KJ Wright,WILL,50,93,93,2,23,74,246,1,True,False,False,97,0,4,7800000,2250000,88,87,85,82,90,30,26,21,15,76,68,42,37,35,94,72,78,90,69,68
775553027,BUF,Bills,553386100,Monty Rice,WILL,59,70,70,0,25,72,233,3,True,False,False,97,0,1,800000,800000,86,90,76,72,66,20,6,6,6,55,48,20,10,6,84,57,67,66,21,42
775553027,BUF,Bills,553386869,George Pickens,WR,14,94,94,1,23,75,200,2,True,False,False,97,0,2,2300000,1250000,97,98,92,61,90,28,15,10,6,83,92,90,90,90,24,12,17,22,21,11
775553027,BUF,Bills,553388879,Derrick Mason,WR,84,90,90,2,22,70,197,1,True,False,False,97,0,4,6200000,1550000,90,91,92,66,94,12,8,6,6,82,94,91,88,84,21,18,22,25,19,10
775553027,BUF,Bills,553388821,Santana Moss,WR,89,90,90,2,22,70,200,1,True,False,False,97,0,4,10000000,4000000,96,96,95,60,90,24,22,13,9,92,90,89,88,92,32,10,10,32,22,21
775553027,BUF,Bills,553387605,Golden Tate,WR,82,89,89,1,24,70,197,1,True,False,False,97,0,4,6200000,1750000,91,94,91,72,90,22,23,21,14,88,92,90,88,85,34,15,21,27,27,23
775553027,BUF,Bills,553387128,Rashee Rice,WR,81,81,81,1,24,74,203,1,True,False,False,97,0,3,2400000,850000,90,92,84,67,84,27,20,15,10,72,93,84,84,80,32,11,16,32,32,10
775553027,BUF,Bills,553386809,Jamison Crowder,WR,80,75,75,0,31,68,185,9,True,False,False,97,0,1,800000,800000,87,90,91,58,77,47,32,26,29,74,85,75,74,71,25,10,25,34,21,10
775553027,BUF,Bills,553386269,Tyler Scott,WR,10,72,72,0,22,71,185,1,True,False,True,97,0,0,0,0,92,93,84,53,74,26,15,10,6,73,80,73,74,75,40,31,40,34,27,18
775553027,BUF,Bills,553389113,Jalen Brooks,WR,83,66,66,0,24,74,205,1,True,False,True,97,0,0,0,0,88,90,80,61,69,25,20,15,10,71,79,73,72,70,28,12,16,25,31,10
775553028,DEN,Black Knights,553387916,Rich Braham,C,74,88,88,1,20,76,305,1,True,False,False,97,0,4,7000000,2000000,52,60,58,90,88,29,6,3,2,60,35,20,15,10,40,20,25,30,38,22
775553028,DEN,Black Knights,553388409,Mason Cole,C,61,70,70,0,28,77,298,6,True,False,False,97,0,1,800000,800000,71,69,57,82,81,17,6,6,6,28,29,15,5,5,26,7,12,26,30,10
775553028,DEN,Black Knights,553388133,Richard Sherman,CB,25,96,96,3,25,75,195,1,True,False,False,97,0,4,24000000,12000000,90,90,87,72,95,16,5,5,5,66,80,39,11,7,90,89,97,74,50,44
775553028,DEN,Black Knights,553387456,Chris Gamble,CB,21,92,92,2,22,73,200,1,True,False,False,97,0,2,6000000,3000000,93,92,90,68,88,25,6,6,6,78,77,58,52,48,78,92,90,68,38,42
775553028,DEN,Black Knights,553387068,DaRon Bland,CB,36,89,89,0,25,72,197,2,True,False,False,97,0,3,4650000,1750000,90,92,86,60,88,22,6,6,6,58,85,15,11,10,68,88,94,54,25,40
775553028,DEN,Black Knights,553388737,Tre'Davious White,CB,27,88,88,3,29,71,192,7,True,False,False,97,0,4,7000000,2250000,90,92,89,75,89,36,28,22,18,65,74,35,25,18,64,91,93,53,22,36
775553028,DEN,Black Knights,553387817,Jack Jones,CB,18,74,74,1,26,71,175,2,True,False,False,97,0,3,2400000,850000,91,93,88,53,75,26,15,10,10,60,77,35,31,29,45,73,78,42,34,28
775553028,DEN,Black Knights,553385987,Ambry Thomas,CB,39,72,72,0,24,72,190,3,True,False,False,97,0,1,800000,800000,92,91,82,61,72,10,6,6,6,54,69,25,15,10,66,63,73,46,18,37
775553028,DEN,Black Knights,553386252,Josh Jobe,CB,28,64,64,0,26,71,190,2,True,False,True,97,0,0,0,0,90,90,80,63,63,29,6,6,6,58,58,21,14,11,58,64,67,49,29,37
775553028,DEN,Black Knights,553388021,Fletcher Cox,DT,91,99,99,2,22,76,310,1,True,False,False,97,0,1,7500000,15000000,87,88,85,96,96,22,6,6,6,72,29,17,9,5,95,40,45,95,94,96
775553028,DEN,Black Knights,553386184,Nick Eason,DT,93,75,75,1,22,75,305,1,True,False,False,97,0,1,1550000,1750000,69,74,66,85,77,11,9,8,7,66,34,29,10,26,83,28,33,81,78,75
775553028,DEN,Black Knights,553387511,Solomon Thomas,DT,50,71,71,0,29,74,256,7,True,False,False,97,0,4,5400000,1500000,83,84,78,87,65,18,6,6,6,40,32,25,18,14,82,29,43,69,76,73
775553028,DEN,Black Knights,553388506,Christopher Hinton,DT,91,62,62,0,23,76,310,2,True,False,True,97,0,0,0,0,63,72,55,84,52,14,6,6,6,41,24,15,12,9,80,10,10,74,76,52
775553028,DEN,Black Knights,553386301,Zander Horvath,FB,40,68,68,0,25,75,230,2,True,False,False,97,0,2,1900000,1000000,85,87,86,79,64,31,25,20,15,69,70,60,51,43,40,18,23,42,27,21
775553028,DEN,Black Knights,553387963,Jack Tatum,FS,32,98,98,3,22,71,205,1,True,False,False,97,0,4,18000000,8500000,90,92,87,84,92,27,14,12,10,74,72,38,40,42,96,80,86,78,74,64
775553028,DEN,Black Knights,553388320,Darrick Forrest,FS,22,80,80,1,25,71,200,3,True,False,False,97,0,2,1600000,850000,91,93,86,67,81,24,14,12,10,55,73,36,34,32,75,70,74,56,20,44
775553028,DEN,Black Knights,553386690,Jarrick Bernard-Converse,FS,37,66,66,0,24,73,197,1,True,False,False,97,0,1,960000,960000,93,93,85,61,59,25,25,22,20,57,64,26,16,11,64,63,68,50,24,35
775553028,DEN,Black Knights,553387828,Priest Holmes,HB,31,99,99,3,21,69,213,1,True,False,False,97,0,4,10000000,4000000,93,96,93,74,94,30,25,20,15,95,84,69,64,59,40,50,55,75,55,90
775553028,DEN,Black Knights,553387179,Darren McFadden,HB,28,91,91,1,22,73,210,1,True,False,False,97,0,4,5400000,1500000,96,96,94,81,85,27,15,10,10,84,76,68,60,55,27,11,16,26,70,10
775553028,DEN,Black Knights,553386846,Chris Warren,HB,35,90,90,2,22,74,226,1,True,False,False,97,0,2,2300000,1250000,91,90,85,88,84,15,12,10,27,91,72,64,58,52,39,18,25,35,17,30
775553028,DEN,Black Knights,553388153,Jase McClellan,HB,30,66,66,0,22,71,212,0,True,False,True,97,0,0,0,0,87,88,82,76,66,24,20,15,10,91,67,58,51,43,37,10,16,34,21,10
775553028,DEN,Black Knights,553386639,Chris Rodriguez Jr,HB,27,65,65,0,23,71,224,1,True,False,True,97,0,0,0,0,89,91,79,69,66,27,24,20,14,85,60,51,44,37,39,30,37,35,80,12
775553028,DEN,Black Knights,553388868,Younghoe Koo,K,6,78,78,1,30,69,185,7,True,False,False,97,0,3,2850000,1000000,71,74,63,47,69,36,33,26,22,39,36,10,10,10,36,15,20,31,78,10
775553028,DEN,Black Knights,553386514,T.J. Watt,LEDGE,90,97,97,3,22,76,252,7,True,False,False,97,0,2,6000000,5000000,84,88,84,85,99,25,6,6,6,53,72,24,14,7,96,59,65,97,32,99
775553028,DEN,Black Knights,553388838,Cameron Jordan,LEDGE,94,85,85,1,35,76,287,13,True,False,False,97,0,1,800000,800000,77,78,78,90,92,30,6,6,6,40,36,15,8,4,89,32,42,87,21,71
775553028,DEN,Black Knights,553387489,Montez Sweat,LEDGE,98,84,84,1,27,78,262,5,True,False,False,97,0,4,7800000,2250000,89,91,82,80,81,22,6,6,6,56,57,40,36,33,86,33,44,82,78,83
775553028,DEN,Black Knights,553385988,Russ Grimm,LG,68,92,92,3,22,75,273,1,False,False,False,23,3,1,1750000,2500000,64,70,66,91,95,23,6,6,6,40,42,19,5,5,41,12,12,31,22,17
775553028,DEN,Black Knights,553387198,Michael Jordan,LG,71,64,64,0,26,78,315,5,True,False,False,97,0,1,800000,800000,70,62,60,79,75,25,6,6,6,40,30,10,10,10,34,12,15,15,28,10
775553028,DEN,Black Knights,553388082,Gary Zimmerman,LT,65,94,94,3,24,78,294,1,True,False,False,97,0,3,13500000,8000000,70,80,86,94,93,15,10,10,10,53,58,65,65,65,83,54,62,60,18,48
775553028,DEN,Black Knights,553388168,JC Latham,LT,76,80,80,1,23,78,335,0,True,False,False,97,0,4,4600000,1250000,63,64,60,94,68,21,11,9,6,33,24,15,14,10,40,9,10,49,78,32
775553028,DEN,Black Knights,553388841,Ryan Hayes,LT,79,63,63,0,24,78,307,1,True,False,True,97,0,0,0,0,66,78,71,78,70,47,51,42,35,51,45,43,41,34,40,10,11,35,22,38
775553028,DEN,Black Knights,553389072,Deone Bucannon,MIKE,20,97,97,1,20,73,215,1,True,False,False,97,0,2,9000000,7500000,88,90,85,78,94,30,6,6,6,80,82,60,50,45,90,89,91,85,70,80
775553028,DEN,Black Knights,553387898,Rey Maualuga,MIKE,58,86,86,1,20,73,248,1,True,False,False,97,0,3,5250000,2000000,80,79,78,88,84,22,6,6,6,70,72,37,34,27,90,77,80,85,86,78
775553028,DEN,Black Knights,553387144,Mack Wilson Sr,MIKE,2,73,73,0,26,73,233,5,True,False,False,97,0,1,800000,800000,87,86,81,78,75,52,48,38,30,57,68,21,11,6,79,66,71,71,23,54
775553028,DEN,Black Knights,553388251,Dorian Williams,MIKE,55,68,68,0,23,74,230,1,True,False,False,97,0,1,800000,800000,84,89,79,63,65,20,15,12,10,55,65,15,10,10,82,62,71,59,18,54
775553028,DEN,Black Knights,553387666,Matt Araiza,P,49,70,70,0,24,73,201,2,True,False,False,97,0,2,1900000,1000000,83,87,67,49,53,35,30,25,20,35,27,15,15,15,34,11,15,20,22,10
775553028,DEN,Black Knights,553386462,Josh Allen,QB,17,97,97,3,20,77,237,1,True,False,False,97,0,5,50000000,20000000,89,87,83,85,93,94,96,98,94,61,40,22,15,13,32,12,18,23,24,9
775553028,DEN,Black Knights,553388648,Terry Bradshaw,QB,12,95,95,3,22,75,215,1,True,False,False,97,0,3,4050000,1500000,74,76,70,82,96,95,84,92,96,77,73,65,62,61,35,20,28,22,22,10
775553028,DEN,Black Knights,553387862,Daniel Jones,QB,8,71,71,0,21,77,230,1,True,False,True,97,0,0,0,0,87,88,83,67,67,87,88,81,80,56,38,14,13,12,24,13,18,22,32,10
775553028,DEN,Black Knights,553386059,Desmond Ridder,QB,19,71,71,1,25,75,207,2,True,False,False,97,0,1,800000,800000,88,91,79,64,70,91,84,79,78,57,48,20,15,11,27,10,12,21,28,10
775553028,DEN,Black Knights,553387384,Clayton Tune,QB,15,62,62,0,25,75,220,1,True,False,True,97,0,0,0,0,85,89,86,60,56,85,82,76,73,62,28,13,10,10,23,12,15,20,69,10
775553028,DEN,Black Knights,553387820,Micah Parsons,REDGE,96,99,99,3,21,75,245,1,True,False,False,97,0,2,18000000,18000000,91,95,91,88,98,30,6,6,6,69,62,40,36,31,94,61,64,86,43,99
775553028,DEN,Black Knights,553387665,Nolan Smith Jr,REDGE,99,75,75,0,23,74,238,1,True,False,False,97,0,1,800000,800000,92,94,87,69,65,25,21,15,11,49,50,20,15,11,79,42,50,69,80,75
775553028,DEN,Black Knights,553388534,Alijah Vera-Tucker,RG,66,81,81,1,25,77,308,3,True,False,False,97,0,2,3500000,2000000,68,73,61,91,84,25,6,6,6,35,25,10,5,5,36,12,12,25,75,10
775553028,DEN,Black Knights,553386757,Logan Bruss,RG,67,71,71,0,24,77,309,2,True,False,False,97,0,1,800000,800000,62,74,62,85,75,24,6,6,6,25,30,10,6,5,42,10,14,38,29,32
775553028,DEN,Black Knights,553388604,Jon Runyan,RT,75,99,99,2,22,79,330,1,True,False,False,97,0,5,20000000,6500000,70,80,74,93,95,25,6,6,6,74,45,35,32,29,70,23,28,66,50,45
775553028,DEN,Black Knights,553388126,Blake Freeland,RT,73,66,66,0,23,80,302,1,True,False,False,97,0,1,800000,800000,73,81,72,83,67,54,48,46,39,57,53,51,48,45,47,14,15,47,29,44
775553028,DEN,Black Knights,553388103,Oshane Ximines,SAM,42,70,70,0,27,76,254,5,True,False,False,97,0,1,800000,800000,82,80,80,78,80,22,6,6,6,46,50,14,7,5,79,45,51,73,34,75
775553028,DEN,Black Knights,553386745,Sammy Knight,SS,29,93,93,2,22,72,205,1,True,False,False,97,0,2,3800000,2250000,84,85,80,78,95,18,12,10,8,64,82,20,10,10,91,68,89,72,60,56
775553028,DEN,Black Knights,553386448,Grant Delpit,SS,9,82,82,1,25,75,208,4,True,False,False,97,0,3,2400000,850000,89,91,87,60,83,23,6,6,6,69,75,20,15,10,69,74,84,55,80,51
775553028,DEN,Black Knights,553387062,AJ Finley,SS,24,63,63,0,22,72,188,1,True,False,True,97,0,0,0,0,87,87,86,56,61,31,6,6,6,63,73,38,33,31,66,64,68,48,20,40
775553028,DEN,Black Knights,553388795,Rob Gronkowski,TE,87,99,99,3,22,78,268,1,True,False,False,97,0,1,4500000,9000000,88,89,85,90,99,24,17,12,9,96,98,97,95,88,73,32,46,64,19,53
775553028,DEN,Black Knights,553387206,Logan Paulsen,TE,82,77,77,1,22,76,268,1,True,False,False,97,0,1,800000,800000,74,75,70,78,80,42,15,10,6,77,74,73,70,62,36,19,18,44,29,10
775553028,DEN,Black Knights,553388332,Taysom Hill,TE,7,75,75,1,34,74,221,7,True,False,False,97,0,1,800000,800000,90,89,83,82,73,84,81,74,74,78,81,67,63,58,57,53,59,54,21,53
775553028,DEN,Black Knights,553387069,Clay Matthews Jr.,WILL,57,91,91,2,23,76,248,1,True,False,False,97,0,2,3900000,2250000,82,84,85,88,90,20,18,17,15,75,65,60,55,45,92,65,70,90,88,85
775553028,DEN,Black Knights,553386910,Marist Liufau,WILL,59,73,73,1,23,74,234,0,True,False,False,97,0,1,800000,800000,84,88,78,73,72,26,23,21,19,62,60,31,29,24,76,72,67,80,72,61
775553028,DEN,Black Knights,553388654,Henry Ellard,WR,86,96,96,2,22,71,190,1,True,False,False,97,0,3,15000000,10000000,95,96,94,61,93,32,26,24,22,82,96,92,96,97,23,16,24,22,26,11
775553028,DEN,Black Knights,553389083,Stanley Morgan,WR,83,96,96,2,22,72,180,1,True,False,False,97,0,2,4000000,3000000,94,95,92,70,93,22,18,31,27,85,95,88,94,97,27,16,24,22,86,11
775553028,DEN,Black Knights,553387009,Puka Nacua,WR,88,85,85,2,23,73,206,1,False,False,False,86,6,3,3450000,1250000,93,92,86,65,88,25,15,10,6,71,89,88,86,84,28,10,16,20,77,10
775553028,DEN,Black Knights,553386335,Keon Coleman,WR,0,82,82,1,21,75,213,0,True,False,False,97,0,1,800000,800000,87,90,87,71,81,65,52,46,40,77,88,84,83,83,40,25,31,40,29,10
775553028,DEN,Black Knights,553386070,Robbie Chosen,WR,3,75,75,0,31,75,190,8,True,False,False,97,0,1,5450000,5450000,94,91,82,59,73,29,15,10,6,73,82,76,77,81,21,20,25,26,83,10
775553028,DEN,Black Knights,553387330,Cedric Tillman,WR,83,69,69,0,24,75,215,1,True,False,True,97,0,0,0,0,88,90,79,70,71,22,20,15,15,75,85,74,73,72,35,10,10,31,22,10
775553028,DEN,Black Knights,553386611,Cornelius Johnson,WR,86,67,67,0,23,75,208,0,True,False,True,97,0,0,0,0,91,91,86,63,59,23,15,10,10,71,77,73,72,69,37,17,21,34,32,10
775553028,DEN,Black Knights,553387105,Dennis Houston,WR,88,66,66,0,25,73,198,2,True,False,True,97,0,0,0,0,89,92,80,66,64,35,25,20,15,75,80,68,70,66,31,17,21,31,75,10
775553029,CLE,Browns,553386334,Creed Humphrey,C,52,97,97,2,21,76,302,1,False,False,False,23,2,2,4000000,3000000,60,75,80,95,93,24,6,6,6,34,25,15,8,6,39,7,11,26,32,10
775553029,CLE,Browns,553389111,Aaron Brewer,C,56,74,74,0,26,73,274,4,True,False,False,97,0,5,24000000,800000,75,64,63,79,83,12,6,6,6,22,31,27,15,15,31,15,17,18,32,15
775553029,CLE,Browns,553389125,Ty Law,CB,24,99,99,3,22,71,200,1,True,False,False,97,0,2,18000000,18000000,96,95,94,78,96,20,12,9,7,66,92,92,88,82,90,96,94,92,70,90
775553029,CLE,Browns,553388929,DeAngelo Hall,CB,23,93,93,2,22,70,195,1,True,False,False,97,0,3,13500000,8000000,92,96,94,64,90,24,15,12,10,74,76,62,56,52,70,94,90,66,48,52
775553029,CLE,Browns,553387791,Captain Munnerlyn,CB,41,88,88,1,22,68,195,1,True,False,False,97,0,3,4650000,1750000,91,92,90,62,83,20,18,32,35,72,70,52,48,45,75,91,85,60,25,35
775553029,CLE,Browns,553388628,Jeremy Lane,CB,26,81,81,1,22,71,190,1,True,False,False,97,0,2,1900000,1000000,91,92,88,68,79,6,15,10,6,59,66,25,15,12,72,83,79,68,45,40
775553029,CLE,Browns,553388166,Mike Jackson,CB,28,76,76,0,27,73,210,5,True,False,False,97,0,1,800000,800000,91,89,84,61,81,25,6,6,6,57,67,29,19,12,57,76,75,53,25,37
775553029,CLE,Browns,553388482,Vincent Gray,CB,31,66,66,0,24,74,192,1,True,False,True,97,0,0,0,0,88,91,83,65,62,26,6,6,6,56,59,29,11,5,58,69,63,54,28,33
775553029,CLE,Browns,553387194,BJ Raji,DT,99,95,95,1,22,74,334,3,True,False,False,97,0,2,9000000,7500000,82,62,75,95,90,20,15,15,15,50,40,30,25,20,95,30,30,95,93,94
775553029,CLE,Browns,553386572,DeForest Buckner,DT,96,89,89,2,22,79,295,1,True,False,False,97,0,2,3500000,2000000,76,78,81,90,92,22,6,6,6,44,40,14,6,3,91,33,42,86,35,85
775553029,CLE,Browns,553386177,Austin Johnson,DT,98,73,73,0,30,76,314,8,True,False,False,97,0,1,800000,800000,72,64,57,89,78,23,6,6,6,32,29,13,6,3,84,22,29,72,32,56
775553029,CLE,Browns,553388277,Adetomiwa Adebawore,DT,95,63,63,0,23,74,282,1,True,False,True,97,0,0,0,0,89,92,79,84,60,21,14,10,6,35,30,13,6,5,66,19,25,67,20,60
775553029,CLE,Browns,553386360,Marcus Williams,FS,32,86,86,1,27,73,207,7,True,False,False,97,0,4,7000000,2000000,88,90,86,70,89,25,6,6,6,75,80,24,14,10,70,83,87,61,21,41
775553029,CLE,Browns,553388714,Alohi Gilman,FS,39,82,82,1,26,70,201,4,True,False,False,97,0,2,1600000,850000,88,84,89,63,83,26,6,6,6,58,72,36,31,27,77,69,85,62,28,48
775553029,CLE,Browns,553386849,Herschel Walker,HB,34,99,99,2,22,73,225,1,True,False,False,97,0,8,83450000,1750000,96,96,93,89,88,55,56,52,49,97,78,76,70,66,72,36,38,40,30,28
775553029,CLE,Browns,553388874,Ahman Green,HB,30,96,96,2,24,72,218,1,True,False,False,97,0,4,7000000,2250000,95,94,93,85,90,25,20,20,20,89,81,62,55,50,65,40,45,60,40,30
775553029,CLE,Browns,553387240,Tony Dorsett,HB,33,94,94,2,22,71,200,1,False,False,False,92,4,4,5400000,1500000,95,96,91,78,90,41,15,13,11,92,80,75,70,60,25,14,14,80,82,90
775553029,CLE,Browns,553386984,Aaron Jones,HB,20,88,88,2,29,69,208,7,True,False,False,97,0,3,2850000,1000000,90,92,92,71,89,30,35,30,20,85,72,70,65,61,27,15,20,23,31,10
775553029,CLE,Browns,553387251,J.K. Dobbins,HB,25,80,80,1,25,70,212,4,True,False,False,97,0,7,35150000,1550000,90,92,86,74,75,32,30,25,15,89,64,63,56,43,30,13,17,29,22,12
775553029,CLE,Browns,553386065,Martin Gramatica,K,0,93,93,1,22,68,170,27,True,False,False,97,0,3,3450000,1250000,69,60,60,76,92,55,56,53,70,50,35,10,10,10,25,15,20,35,87,10
775553029,CLE,Browns,553386357,Tony Brackens,LEDGE,90,93,93,2,22,76,267,1,True,False,False,97,0,6,134000000,9000000,85,88,81,89,91,20,18,16,15,72,63,28,26,22,94,36,40,92,93,89
775553029,CLE,Browns,553386510,Ryder Anderson,LEDGE,95,73,73,0,25,78,276,2,True,False,False,97,0,5,32000000,800000,75,80,76,82,54,24,8,7,6,28,28,10,5,3,74,15,24,63,96,71
775553029,CLE,Browns,553387810,K.J. Henry,LEDGE,55,65,65,0,25,76,255,1,True,False,True,97,0,0,0,0,85,89,68,68,64,22,9,7,6,45,39,14,7,5,76,32,40,60,29,66
775553029,CLE,Browns,553386568,Moro Ojomo,LEDGE,97,62,62,0,23,75,292,1,True,False,True,97,0,0,0,0,71,82,69,84,63,20,13,9,6,35,33,10,8,6,79,22,26,66,30,55
775553029,CLE,Browns,553387677,Cole Strange,LG,69,76,76,1,26,77,305,2,True,False,False,97,0,4,6200000,1750000,71,79,68,87,83,21,6,6,6,47,43,36,34,30,42,10,10,34,28,37
775553029,CLE,Browns,553388387,David Edwards,LG,76,73,73,0,27,78,308,5,True,False,False,97,0,1,800000,800000,69,70,62,82,83,40,40,34,27,45,46,26,17,14,39,12,12,37,83,27
775553029,CLE,Browns,553388574,Wes Schweitzer,LG,73,70,70,0,30,76,300,8,True,False,False,97,0,1,2350000,2350000,69,71,56,82,79,25,6,6,6,25,12,10,5,5,32,12,12,29,20,10
775553029,CLE,Browns,553387779,Erik Williams,LT,71,89,89,1,22,79,310,1,True,False,False,97,0,2,3900000,2250000,70,68,70,92,89,25,12,9,7,55,55,50,45,40,45,40,42,50,40,45
775553029,CLE,Browns,553386386,Josh Jones,LT,74,74,74,0,27,79,310,4,True,False,False,97,0,1,800000,800000,68,68,60,85,81,30,6,6,6,40,36,15,5,5,35,12,15,20,21,10
775553029,CLE,Browns,553388663,Mike Singletary,MIKE,50,99,99,3,20,71,230,1,True,False,False,97,0,3,15000000,10000000,82,86,80,88,99,20,15,14,12,70,74,58,52,44,99,79,87,96,85,78
775553029,CLE,Browns,553388415,Bobby Okereke,MIKE,57,86,86,1,28,73,235,5,True,False,False,97,0,2,1900000,1000000,89,89,82,73,90,25,6,6,6,47,70,15,5,5,91,74,74,73,81,56
775553029,CLE,Browns,553388501,Nick Niemann,MIKE,31,68,68,0,26,75,244,3,True,False,False,97,0,1,800000,800000,89,91,87,69,68,21,6,6,6,52,57,31,28,21,83,55,64,61,21,41
775553029,CLE,Browns,553388043,J.J. Russell,MIKE,51,62,62,0,25,73,225,2,True,False,True,97,0,0,0,0,82,87,75,73,60,24,9,8,6,63,58,35,30,26,79,54,63,63,76,48
775553029,CLE,Browns,553388807,Ray Guy,P,8,99,99,3,22,75,195,1,True,False,False,97,0,4,5400000,1500000,66,72,70,78,99,76,62,66,68,62,60,40,40,38,30,11,20,22,18,10
775553029,CLE,Browns,553386326,Michael Vick,QB,7,99,99,3,20,72,210,18,True,False,False,97,0,5,50000000,10000000,99,99,99,71,99,99,99,99,99,72,65,65,65,65,65,65,65,65,74,65
775553029,CLE,Browns,553386397,Bernie Kosar,QB,19,87,87,1,22,77,215,1,True,False,False,97,0,8,182100000,800000,56,62,61,66,94,88,91,93,88,65,30,25,25,24,27,20,20,15,17,15
775553029,CLE,Browns,553388190,Malik Willis,QB,9,64,64,0,25,73,219,2,True,False,False,97,0,1,1050000,1050000,90,93,92,72,35,93,77,73,74,67,58,33,26,17,35,22,28,29,19,10
775553029,CLE,Browns,553386410,Simeon Rice,REDGE,97,97,97,3,20,77,268,1,True,False,False,97,0,7,134700000,15000000,86,92,89,85,91,14,11,9,7,52,50,24,18,14,93,42,54,97,96,98
775553029,CLE,Browns,553387419,Charles Omenihu,REDGE,94,74,74,1,27,77,280,5,True,False,False,97,0,5,21200000,800000,75,79,77,83,86,28,6,6,6,41,46,21,14,10,79,37,45,76,23,75
775553029,CLE,Browns,553386187,Dennis Harrah,RG,60,93,93,2,22,77,260,1,True,False,False,97,0,4,7800000,2250000,67,74,70,92,94,25,6,6,6,74,30,15,5,5,34,12,12,30,84,10
775553029,CLE,Browns,553388721,Luke Wypler,RG,72,69,69,0,23,75,303,1,True,False,False,97,0,1,800000,800000,68,77,63,85,75,20,6,6,6,34,29,25,20,15,26,10,10,25,27,18
775553029,CLE,Browns,553388471,Brian Waters,RT,70,96,96,2,22,75,325,1,True,False,False,97,0,4,10000000,4000000,58,76,78,94,95,19,6,6,6,30,35,10,5,5,38,12,12,36,74,10
775553029,CLE,Browns,553387239,Roger Rosengarten,RT,78,74,74,1,22,78,300,0,True,False,False,97,0,5,26000000,800000,75,77,69,80,69,17,9,6,5,32,12,10,10,8,28,15,10,28,77,10
775553029,CLE,Browns,553387739,Kevin Greene,SAM,54,94,94,3,22,75,247,1,True,False,False,97,0,7,20350000,2500000,88,90,87,90,95,10,6,6,6,50,40,20,18,15,95,35,36,97,97,93
775553029,CLE,Browns,553388753,Kyle Van Noy,SAM,55,77,77,1,33,75,250,10,True,False,False,97,0,4,12500000,800000,83,85,79,76,84,20,6,6,6,65,73,15,7,5,84,61,68,74,22,69
775553029,CLE,Browns,553386013,Rodney Harrison,SS,37,99,99,3,22,73,220,1,True,False,False,97,0,4,18000000,8500000,88,87,85,90,97,18,12,9,7,88,80,88,84,78,97,92,95,92,80,85
775553029,CLE,Browns,553386851,Jamal Adams,SS,27,84,84,1,28,73,213,7,True,False,False,97,0,3,2400000,850000,88,88,83,77,85,25,15,10,10,60,68,35,25,20,72,73,83,69,0,61
775553029,CLE,Browns,553387542,Coby Bryant,SS,29,80,80,0,25,73,193,2,True,False,False,97,0,6,19300000,800000,88,90,83,63,77,27,6,6,6,62,74,24,16,12,67,69,89,50,34,25
775553029,CLE,Browns,553388713,Jason Taylor II,SS,25,65,65,0,24,72,208,1,True,False,True,97,0,0,0,0,89,94,78,57,61,36,25,18,12,65,72,49,44,41,69,65,68,51,30,43
775553029,CLE,Browns,553387927,Quindell Johnson,SS,26,64,64,0,24,72,206,1,True,False,True,97,0,0,0,0,88,91,81,61,63,48,44,38,34,57,73,27,19,14,64,66,63,49,73,34
775553029,CLE,Browns,553386413,Jeremy Shockey,TE,80,97,97,2,21,77,251,1,True,False,False,97,0,2,6000000,5000000,86,85,82,77,88,13,12,11,10,83,91,88,84,78,42,40,42,30,20,22
775553029,CLE,Browns,553387457,Dalton Schultz,TE,86,84,84,1,28,77,244,6,True,False,False,97,0,2,2300000,1250000,83,85,80,76,89,24,15,10,5,72,88,78,73,66,29,12,15,31,20,10
775553029,CLE,Browns,553388990,Brayden Willis,TE,9,63,63,0,24,76,240,1,True,False,True,97,0,0,0,0,84,85,79,76,47,58,60,56,50,70,77,58,53,48,46,12,20,40,23,27
775553029,CLE,Browns,553386340,Keith Bulluck,WILL,53,95,95,2,22,75,235,1,True,False,False,97,0,2,3800000,2250000,87,89,85,79,94,8,6,5,6,59,71,65,34,22,95,77,85,93,70,68
775553029,CLE,Browns,553387046,Jaylon Carlies,WILL,43,68,68,0,27,75,227,0,True,False,False,97,0,1,800000,800000,89,90,83,72,71,22,16,15,6,61,76,15,8,7,74,59,72,60,30,62
775553029,CLE,Browns,553386628,Odell Beckham Jr,WR,84,99,99,2,22,72,220,1,True,False,False,97,0,4,24000000,12000000,95,96,97,64,95,22,15,11,17,87,99,98,97,98,25,40,36,17,12,14
775553029,CLE,Browns,553388287,Andre Rison,WR,1,94,94,2,22,72,188,1,True,False,False,97,0,5,20000000,6500000,92,93,94,68,91,20,12,10,8,84,95,94,96,91,58,70,68,35,28,24
775553029,CLE,Browns,553386997,Terance Mathis,WR,81,91,91,1,21,70,182,1,True,False,False,97,0,3,5250000,2000000,92,94,91,59,90,10,7,6,6,84,95,93,91,90,30,48,42,22,20,18
775553029,CLE,Browns,553388886,Deion Branch,WR,82,86,86,1,22,70,195,1,True,False,False,97,0,4,4600000,1250000,92,94,93,62,88,20,16,10,6,82,88,90,86,80,39,12,17,39,30,10
775553029,CLE,Browns,553387517,Rashid Shaheed,WR,22,79,79,1,26,72,180,2,True,False,False,97,0,3,2400000,850000,96,95,90,60,76,28,22,15,10,70,85,74,78,84,25,25,30,23,21,14
775553029,CLE,Browns,553388814,Greg Dortch,WR,4,76,76,0,26,67,175,6,True,False,False,97,0,6,37800000,800000,90,91,88,43,76,38,28,23,17,71,90,80,79,73,23,18,25,22,74,10
775553029,CLE,Browns,553388310,A.T. Perry,WR,17,71,71,0,24,77,205,1,True,False,True,97,0,0,0,0,90,93,85,68,71,23,15,10,6,74,82,75,73,71,38,24,32,31,21,10
775553029,CLE,Browns,553388835,Jalen Nailor,WR,80,69,69,0,25,72,190,2,True,False,True,97,0,0,0,0,91,94,87,58,67,26,15,10,6,70,79,69,70,74,34,22,31,34,73,10
775553029,CLE,Browns,553386468,Jason Brownlee,WR,16,67,67,0,24,74,198,1,True,False,True,97,0,0,0,0,86,92,86,64,55,30,26,20,12,68,77,61,64,67,30,18,23,26,32,11
775553029,CLE,Browns,553389077,Kayshon Boutte,WR,80,66,66,0,22,72,195,1,True,False,True,97,0,0,0,0,88,90,83,56,51,28,20,15,10,73,79,73,72,71,26,11,16,27,31,10
775553030,TB,Buccaneers,553386097,Mike Pouncey,C,51,95,95,1,21,76,305,1,True,False,False,97,0,4,7000000,2250000,68,67,70,92,90,14,6,6,6,55,48,40,40,30,45,20,25,50,30,30
775553030,TB,Buccaneers,553386578,Tyler Biadasz,C,63,79,79,0,26,75,316,4,True,False,False,97,0,1,800000,800000,74,65,63,85,86,21,6,6,6,28,23,16,6,5,37,12,14,36,32,20
775553030,TB,Buccaneers,553386594,Everson Walls,CB,24,99,99,2,22,72,220,1,True,False,False,97,0,2,18000000,18000000,97,96,97,75,96,18,9,6,5,55,85,70,75,85,93,98,98,91,85,90
775553030,TB,Buccaneers,553388725,Nate Odomes,CB,37,95,95,1,22,70,188,1,True,False,False,97,0,2,4000000,3000000,92,93,90,67,92,18,15,15,14,58,75,45,42,40,83,94,93,60,58,65
775553030,TB,Buccaneers,553388774,Paulson Adebo,CB,31,85,85,1,25,73,192,3,True,False,False,97,0,1,1550000,1750000,91,91,92,64,84,30,6,6,6,63,77,37,34,28,72,82,88,50,21,44
775553030,TB,Buccaneers,553386828,DJ Turner II,CB,36,76,76,1,23,72,180,1,True,False,False,97,0,2,1600000,850000,96,97,92,43,69,27,22,15,10,53,69,22,16,11,53,70,77,40,23,35
775553030,TB,Buccaneers,553387766,Clark Phillips III,CB,35,72,72,0,22,70,183,1,True,False,False,97,0,1,800000,800000,89,94,89,60,72,23,15,12,10,57,76,29,24,21,45,75,73,41,27,39
775553030,TB,Buccaneers,553386398,Jaylon Jones,CB,40,69,69,0,22,74,200,1,True,False,True,97,0,0,0,0,89,93,87,62,67,33,17,13,11,63,65,39,37,33,61,65,69,52,78,44
775553030,TB,Buccaneers,553387372,John Randle,DT,93,99,99,3,24,73,290,1,True,False,False,97,0,1,7500000,15000000,78,90,85,95,97,12,9,9,9,65,66,65,8,4,95,34,39,97,98,97
775553030,TB,Buccaneers,553387471,Jalen Carter,DT,95,85,85,2,23,75,314,1,True,False,False,97,0,3,5250000,2000000,82,88,78,94,81,21,6,6,6,48,50,37,34,29,84,22,28,79,87,74
775553030,TB,Buccaneers,553386117,B.J. Hill,DT,92,78,78,0,28,75,311,6,True,False,False,97,0,3,4050000,1500000,74,77,71,88,78,19,6,6,6,43,43,15,7,3,90,22,28,74,22,62
775553030,TB,Buccaneers,553388777,Kalia Davis,DT,93,65,65,0,25,74,310,2,True,False,True,97,0,0,0,0,70,80,54,84,62,20,6,6,6,27,32,15,9,5,75,20,28,70,31,57
775553030,TB,Buccaneers,553386571,DeeJay Dallas,FB,43,74,74,0,25,70,214,4,True,False,False,97,0,2,1900000,1000000,89,87,80,75,78,42,39,37,28,90,74,68,67,53,42,24,34,32,24,17
775553030,TB,Buccaneers,553386713,Tyrann Mathieu,FS,32,91,91,1,32,69,190,11,True,False,False,97,0,4,7000000,2000000,88,90,89,61,96,35,26,20,17,68,82,35,25,20,73,88,86,57,75,69
775553030,TB,Buccaneers,553386035,Tony Adams,FS,39,79,79,0,25,72,205,2,True,False,False,97,0,1,800000,800000,90,94,84,60,78,25,15,10,10,59,69,43,42,39,64,74,82,48,0,33
775553030,TB,Buccaneers,553388578,Jaylin Simpson,FS,30,67,67,0,24,72,179,0,True,False,True,97,0,0,0,0,90,92,83,53,60,35,34,23,21,62,74,33,23,15,60,71,73,49,72,43
775553030,TB,Buccaneers,553387590,Marcus Allen,HB,23,99,99,3,22,74,210,1,True,False,False,97,0,2,6000000,5000000,91,93,95,84,97,34,21,20,15,92,84,72,66,60,26,15,19,19,76,10
775553030,TB,Buccaneers,553386686,Chuck Foreman,HB,20,91,91,2,22,74,210,1,True,False,False,97,0,4,5400000,1500000,90,92,93,76,89,12,6,20,15,86,84,79,73,62,33,12,18,29,21,10
775553030,TB,Buccaneers,553386339,Natrone Means,HB,22,91,91,2,21,70,245,1,True,False,False,97,0,3,2400000,850000,86,87,85,88,88,35,25,20,20,94,70,60,55,50,40,26,33,65,20,25
775553030,TB,Buccaneers,553387753,Evan Hull,HB,26,66,66,0,23,70,214,1,True,False,True,97,0,0,0,0,90,91,87,71,58,25,20,15,10,88,71,62,56,49,32,13,18,27,32,12
775553030,TB,Buccaneers,553388852,Cameron Dicker,K,2,81,81,0,24,73,216,2,True,False,False,97,0,3,2850000,1000000,76,83,63,51,69,41,28,23,19,29,28,10,10,10,34,10,10,10,24,10
775553030,TB,Buccaneers,553386847,Kevin Carter,LEDGE,97,96,96,2,22,77,305,1,True,False,False,97,0,4,24000000,12000000,82,89,78,92,90,22,6,6,6,70,45,14,7,3,96,38,42,93,97,91
775553030,TB,Buccaneers,553387630,Myles Murphy,LEDGE,94,70,70,1,22,77,275,1,True,False,False,97,0,1,800000,800000,88,90,77,82,67,51,42,32,27,45,40,15,8,7,79,28,37,76,38,63
775553030,TB,Buccaneers,553389068,Javontae Jean-Baptiste,LEDGE,90,64,64,0,24,77,260,0,True,False,True,97,0,0,0,0,84,85,67,77,67,18,9,6,5,30,52,43,38,34,75,31,30,69,29,63
775553030,TB,Buccaneers,553388642,Kingsley Jonathan,LEDGE,59,62,62,0,26,76,260,2,True,False,True,97,0,0,0,0,80,88,83,80,56,20,6,6,6,39,35,10,7,5,73,17,21,65,27,61
775553030,TB,Buccaneers,553388155,Landon Dickerson,LG,64,86,86,1,25,78,332,3,True,False,False,97,0,2,3500000,2000000,58,56,68,93,89,24,6,6,6,28,31,12,6,7,36,6,10,39,37,10
775553030,TB,Buccaneers,553387312,Ben Cleveland,LG,66,74,74,0,26,78,370,3,True,False,False,97,0,1,800000,800000,71,73,65,90,80,23,5,5,5,14,12,12,5,5,31,11,11,35,32,12
775553030,TB,Buccaneers,553387462,Christian Darrisaw,LT,71,92,92,1,25,77,315,3,True,False,False,97,0,4,7800000,2250000,70,72,67,92,92,13,6,6,6,25,26,15,5,5,29,12,13,34,85,16
775553030,TB,Buccaneers,553387070,Olumuyiwa Fashanu,LT,69,81,81,1,21,78,312,0,True,False,False,97,0,4,4600000,1250000,69,74,64,88,83,22,6,6,6,36,32,10,5,5,43,10,11,46,73,29
775553030,TB,Buccaneers,553388052,Walter Rouse,LT,70,63,63,0,23,78,322,0,True,False,True,97,0,0,0,0,64,66,55,83,64,22,10,7,6,25,38,10,5,5,37,8,8,22,30,15
775553030,TB,Buccaneers,553386941,Junior Seau,MIKE,55,99,99,2,21,74,250,1,True,False,False,97,0,3,15000000,10000000,87,90,88,85,93,10,10,10,10,65,70,60,50,40,97,88,90,88,85,80
775553030,TB,Buccaneers,553388704,Levon Kirkland,MIKE,53,90,90,2,22,73,275,1,True,False,False,97,0,4,6200000,1750000,76,80,74,92,91,12,6,6,6,76,58,34,29,23,93,66,72,90,92,88
775553030,TB,Buccaneers,553386969,Krys Barnes,MIKE,56,75,75,0,26,74,229,4,True,False,False,97,0,1,800000,800000,85,87,82,71,80,20,6,6,6,55,66,15,10,10,82,65,74,71,31,50
775553030,TB,Buccaneers,553387783,Jamie Gillan,P,6,72,72,1,27,73,207,5,True,False,False,97,0,2,1900000,1000000,76,75,64,69,61,51,43,35,26,40,37,15,15,15,53,13,18,28,32,10
775553030,TB,Buccaneers,553388729,Matthew Stafford,QB,9,98,98,3,22,75,220,1,True,False,False,97,0,5,50000000,20000000,88,85,80,78,94,99,96,95,96,75,26,15,14,12,28,10,22,26,71,10
775553030,TB,Buccaneers,553388909,Daunte Culpepper,QB,11,94,94,0,22,75,265,1,True,False,False,97,0,4,5400000,1500000,81,83,77,86,88,97,93,93,95,79,36,10,10,10,21,9,14,21,27,10
775553030,TB,Buccaneers,553387675,Kyler Murray,QB,8,78,78,1,21,70,207,1,True,False,False,97,0,1,800000,800000,92,93,90,59,66,90,86,79,83,70,50,17,15,13,34,17,23,14,33,10
775553030,TB,Buccaneers,553388035,Jason Taylor,REDGE,99,93,93,2,21,78,255,1,True,False,False,97,0,1,4500000,9000000,90,89,88,85,86,80,75,72,66,65,60,50,50,45,92,55,50,88,95,91
775553030,TB,Buccaneers,553388358,Marcus Davenport,REDGE,90,75,75,1,27,78,265,6,True,False,False,97,0,3,2400000,850000,84,87,76,82,76,23,6,6,6,31,24,10,8,5,79,34,42,75,77,67
775553030,TB,Buccaneers,553386892,Malcolm Koonce,REDGE,98,73,73,0,26,74,250,3,True,False,False,97,0,1,800000,800000,79,83,81,75,71,26,6,6,6,52,47,27,24,18,79,38,46,75,35,80
775553030,TB,Buccaneers,553386072,Trey Smith,RG,65,90,90,1,25,78,321,3,True,False,False,97,0,2,3900000,2250000,69,75,69,95,88,25,6,6,6,32,24,10,5,5,32,10,11,25,74,10
775553030,TB,Buccaneers,553386616,Robert Jones,RG,67,67,67,0,25,76,325,3,True,False,False,97,0,1,800000,800000,62,67,48,88,74,15,6,6,6,37,24,10,5,5,32,10,11,35,28,10
775553030,TB,Buccaneers,553386016,Eric Winston,RT,75,92,92,2,22,77,310,1,True,False,False,97,0,2,3800000,2250000,67,75,66,89,93,6,5,4,4,24,28,15,5,5,23,12,15,24,28,10
775553030,TB,Buccaneers,553388141,Colton McKivitz,RT,68,73,73,0,28,78,301,4,True,False,False,97,0,1,800000,800000,72,69,55,84,80,30,6,6,6,32,35,15,5,5,34,12,15,33,72,18
775553030,TB,Buccaneers,553387059,Seth Joyner,SAM,59,99,99,2,22,74,245,1,True,False,False,97,0,5,20000000,6500000,84,86,85,83,95,47,46,40,33,70,73,48,42,40,97,87,88,96,84,78
775553030,TB,Buccaneers,553387156,Victor Dimukeje,SAM,52,71,71,0,24,74,262,3,True,False,False,97,0,1,800000,800000,78,79,76,82,74,10,6,6,6,40,45,10,3,2,85,37,48,76,28,64
775553030,TB,Buccaneers,553386999,John Lynch,SS,47,99,99,2,21,74,220,1,True,False,False,97,0,3,13500000,8000000,90,89,85,88,92,25,26,25,22,65,85,70,65,60,98,94,96,88,92,90
775553030,TB,Buccaneers,553388549,Jason Pinnock,SS,38,75,75,0,25,72,205,3,True,False,False,97,0,1,800000,800000,89,93,87,61,74,35,6,6,6,56,72,47,44,40,73,70,76,52,67,37
775553030,TB,Buccaneers,553387177,Tristin McCollum,SS,36,62,62,0,25,75,195,2,True,False,True,97,0,0,0,0,90,93,92,57,51,26,15,10,8,61,65,28,24,19,60,65,67,47,78,35
775553030,TB,Buccaneers,553388919,Antonio Gates,TE,85,99,99,2,23,77,255,1,True,False,False,97,0,2,9000000,7500000,83,89,85,86,94,20,15,10,5,92,99,87,85,79,30,25,20,20,20,25
775553030,TB,Buccaneers,553387278,Sam LaPorta,TE,87,88,88,2,23,75,245,1,True,False,False,97,0,3,3450000,1250000,86,88,85,74,88,31,25,22,17,74,92,84,76,69,59,31,36,57,72,43
775553030,TB,Buccaneers,553388360,Durham Smythe,TE,82,71,71,0,29,78,246,6,True,False,False,97,0,1,800000,800000,82,84,76,75,79,25,15,10,6,75,86,66,62,56,28,10,13,19,18,10
775553030,TB,Buccaneers,553387112,Devin White,WILL,45,97,97,2,21,74,237,1,True,False,False,97,0,4,10000000,4000000,92,93,90,85,89,23,6,6,6,78,70,60,55,50,94,85,88,91,85,88
775553030,TB,Buccaneers,553387343,Shaquil Barrett,WILL,58,79,79,1,22,74,250,1,True,False,False,97,0,1,800000,800000,84,86,81,74,81,15,6,6,6,47,61,15,5,5,86,53,58,83,35,83
775553030,TB,Buccaneers,553388444,Gabriel Murphy,WILL,59,65,65,0,23,74,247,0,True,False,True,97,0,0,0,0,83,90,80,77,66,37,15,10,5,38,38,15,5,5,72,54,55,65,20,67
775553030,TB,Buccaneers,553388458,Amon-Ra St. Brown,WR,14,96,96,3,24,72,195,3,True,False,False,97,0,2,6000000,3000000,90,91,91,67,97,32,20,15,10,76,99,96,97,93,34,12,19,33,23,10
775553030,TB,Buccaneers,553387473,Ja'Marr Chase,WR,1,95,95,3,24,72,201,3,True,False,False,97,0,4,18000000,8500000,94,93,89,73,95,33,20,15,10,71,98,92,95,92,34,13,17,37,30,10
775553030,TB,Buccaneers,553388991,Hines Ward,WR,86,93,93,2,26,72,205,1,True,False,False,97,0,1,1750000,2500000,87,89,88,77,96,74,72,6,6,92,96,94,93,92,65,65,63,49,22,41
775553030,TB,Buccaneers,553386951,Michael Crabtree,WR,15,89,89,1,22,74,215,1,True,False,False,97,0,3,4650000,1750000,89,91,90,72,88,26,21,20,18,88,94,91,89,84,31,40,38,26,16,19
775553030,TB,Buccaneers,553388221,Calvin Ridley,WR,0,83,83,1,29,73,190,6,True,False,False,97,0,2,2300000,1250000,92,94,92,59,84,32,28,23,18,75,86,85,85,84,29,17,25,24,23,10
775553030,TB,Buccaneers,553386401,Alshon Jeffery,WR,80,82,82,2,22,75,220,1,True,False,False,97,0,1,800000,800000,89,88,82,86,87,39,35,29,20,84,91,82,81,87,26,21,29,31,22,13
775553030,TB,Buccaneers,553386074,Laviska Shenault Jr,WR,81,75,75,0,25,73,220,4,True,False,False,97,0,1,800000,800000,89,89,88,74,69,39,31,25,18,79,80,77,73,72,52,24,33,53,20,27
775553030,TB,Buccaneers,553387299,Kyle Philips,WR,18,71,71,0,25,71,189,2,True,False,True,97,0,0,0,0,87,93,89,62,69,29,15,10,6,76,82,76,75,69,31,21,29,28,35,10
775553030,TB,Buccaneers,553388816,Antoine Green,WR,18,66,66,0,24,74,199,1,True,False,True,97,0,0,0,0,90,90,84,61,53,24,20,15,10,73,80,70,71,71,29,12,16,24,21,10
775553031,AZ,Cardinals,553386856,Max Unger,C,60,93,93,2,21,77,305,1,False,False,False,85,4,4,7000000,2250000,70,76,71,91,93,27,6,6,6,25,27,10,8,5,28,12,10,21,19,21
775553031,AZ,Cardinals,553387644,Will Clapp,C,77,69,69,0,27,77,311,6,True,False,False,97,0,1,800000,800000,72,64,54,80,81,14,6,6,6,29,24,15,5,5,26,10,11,19,30,10
775553031,AZ,Cardinals,553389074,Nnamdi Asomugha,CB,21,99,99,2,22,74,210,1,True,False,False,97,0,4,24000000,12000000,96,94,95,82,90,21,6,6,6,70,75,40,35,30,90,96,95,85,75,98
775553031,AZ,Cardinals,553386631,Denzel Ward,CB,35,90,90,2,27,71,190,6,True,False,False,97,0,2,4000000,3000000,94,95,95,61,89,31,15,10,8,66,77,30,26,20,53,89,87,50,29,33
775553031,AZ,Cardinals,553386356,Jamel Dean,CB,39,86,86,1,27,73,206,5,True,False,False,97,0,3,4650000,1750000,91,91,86,66,87,14,6,6,6,59,68,34,25,22,75,87,83,50,79,39
775553031,AZ,Cardinals,553388138,Marcus Jones,CB,25,76,76,1,25,68,175,2,True,False,False,97,0,2,1600000,850000,93,95,92,48,74,24,16,12,8,65,77,54,45,42,61,75,66,42,83,36
775553031,AZ,Cardinals,553387483,Mike Hughes,CB,33,73,73,0,27,70,189,6,True,False,False,97,0,1,800000,800000,89,91,91,66,76,23,6,6,6,72,76,35,30,26,54,69,70,47,72,31
775553031,AZ,Cardinals,553386289,Nehemiah Pritchett,CB,28,69,69,0,23,72,190,0,True,False,True,97,0,0,0,0,94,92,85,50,64,24,12,8,6,55,62,35,30,25,53,66,73,44,68,32
775553031,AZ,Cardinals,553389010,Deantre Prince,CB,35,67,67,0,23,72,183,0,True,False,True,97,0,0,0,0,93,93,85,53,59,27,10,8,6,57,72,42,40,31,63,64,67,40,70,29
775553031,AZ,Cardinals,553386255,Dexter Lawrence II,DT,97,95,95,3,21,76,342,1,True,False,False,97,0,4,39900000,9000000,76,79,71,96,98,19,6,6,6,42,36,18,14,12,95,13,24,89,71,78
775553031,AZ,Cardinals,553388014,Tony Casillas,DT,96,87,87,1,22,78,290,1,True,False,False,97,0,3,5250000,2000000,80,77,75,88,87,12,6,6,6,29,26,10,6,3,88,19,26,88,90,83
775553031,AZ,Cardinals,553387546,Kris Jenkins,DT,98,77,77,1,22,75,285,0,True,False,False,97,0,3,4050000,1500000,75,80,67,87,69,22,13,10,7,44,46,10,5,3,89,24,28,80,31,68
775553031,AZ,Cardinals,553387952,Zacch Pickens,DT,92,69,69,0,24,76,300,1,True,False,False,97,0,1,800000,800000,76,83,69,81,69,20,6,6,6,58,45,36,31,25,82,19,26,70,20,58
775553031,AZ,Cardinals,553386583,Brodric Martin,DT,99,65,65,0,25,77,330,1,True,False,True,97,0,0,0,0,61,69,48,87,62,16,12,8,6,51,48,38,34,26,81,15,21,71,71,50
775553031,AZ,Cardinals,553387640,Raymond Vohasek,DT,59,65,65,0,25,74,311,1,True,False,True,97,0,0,0,0,70,72,62,84,67,23,6,6,6,29,26,12,8,5,72,15,16,74,26,67
775553031,AZ,Cardinals,553386208,Jonathan Taylor,FB,28,77,77,2,25,70,226,4,True,False,False,97,0,3,2850000,1000000,93,92,87,82,88,29,25,20,15,91,72,62,55,48,27,12,19,25,20,10
775553031,AZ,Cardinals,553388585,Ed Reed,FS,20,99,99,3,24,71,205,1,True,False,False,97,0,4,18000000,8500000,93,96,94,72,99,30,26,21,15,82,90,42,38,35,84,84,99,78,58,64
775553031,AZ,Cardinals,553386420,Elijah Molden,FS,27,74,74,0,25,70,192,3,True,False,False,97,0,1,800000,800000,88,90,84,57,77,25,6,6,6,63,65,43,32,24,66,71,74,43,75,31
775553031,AZ,Cardinals,553389034,Devonta Freeman,HB,22,94,94,1,21,68,206,1,True,False,False,97,0,4,5400000,1500000,91,94,93,70,90,28,22,19,17,88,81,77,72,62,29,41,47,28,25,22
775553031,AZ,Cardinals,553387698,Leroy Kelly,HB,31,87,87,1,22,71,206,1,True,False,False,97,0,2,2300000,1250000,90,91,87,55,90,25,23,22,20,90,80,58,55,52,65,15,20,75,90,85
775553031,AZ,Cardinals,553388137,Cam Akers,HB,37,78,78,1,25,70,217,4,True,False,False,97,0,1,2320000,2320000,89,94,90,73,70,56,47,43,41,91,66,62,54,45,28,12,16,26,35,10
775553031,AZ,Cardinals,553388338,Deuce Vaughn,HB,42,70,70,0,22,66,176,1,True,False,True,97,0,0,0,0,89,91,90,58,52,24,19,15,14,92,66,65,59,54,25,10,16,23,20,10
775553031,AZ,Cardinals,553386323,Riley Patterson,K,38,75,75,0,24,72,190,3,True,False,False,97,0,2,1900000,1000000,77,79,63,40,59,31,31,24,20,41,38,10,10,10,32,15,15,14,29,10
775553031,AZ,Cardinals,553385984,J.J. Watt,LEDGE,99,99,99,3,22,78,289,1,True,False,False,97,0,2,18000000,18000000,80,83,84,99,95,11,9,8,7,78,68,38,34,30,98,48,53,96,99,94
775553031,AZ,Cardinals,553386178,Isaac Rochell,LEDGE,91,69,69,0,29,76,280,7,True,False,False,97,0,1,800000,800000,74,75,65,88,64,24,17,12,9,28,36,14,7,3,81,23,34,71,77,57
775553031,AZ,Cardinals,553387189,Quenton Nelson,LG,61,89,89,2,21,77,330,1,True,False,False,97,0,4,7800000,2250000,71,68,68,95,97,27,6,6,6,35,19,10,10,10,34,9,10,27,79,10
775553031,AZ,Cardinals,553387340,Matt Feiler,LG,71,73,73,0,32,78,330,9,True,False,False,97,0,1,800000,800000,68,60,47,91,85,27,5,5,5,49,51,38,28,20,57,11,11,52,82,33
775553031,AZ,Cardinals,553387416,Zachary Thomas,LG,57,63,63,0,26,77,300,2,True,False,True,97,0,0,0,0,74,85,71,81,63,16,6,6,6,27,22,22,15,10,34,10,10,34,20,20
775553031,AZ,Cardinals,553387500,Jim Tyrer,LT,75,95,95,1,21,78,270,1,True,False,False,97,0,2,3800000,2250000,70,69,68,94,92,10,10,10,10,20,15,15,10,10,10,10,10,15,10,10
775553031,AZ,Cardinals,553388918,Charles Leno Jr,LT,72,80,80,0,32,75,302,10,True,False,False,97,0,1,800000,800000,72,67,61,86,84,10,6,6,6,24,25,33,23,15,35,12,9,25,27,30
775553031,AZ,Cardinals,553387551,Andrew Rupcich,LT,76,63,63,0,25,78,318,2,True,False,True,97,0,0,0,0,62,69,54,85,70,21,8,6,5,22,25,10,7,5,25,10,10,21,21,21
775553031,AZ,Cardinals,553386221,Keith Brooking,MIKE,56,97,97,2,22,74,245,1,True,False,False,97,0,2,9000000,7500000,86,87,85,82,93,66,46,41,37,70,65,50,40,35,97,72,80,91,79,60
775553031,AZ,Cardinals,553387584,Harry Carson,MIKE,53,96,96,2,22,74,237,1,True,False,False,97,0,2,3900000,2250000,82,85,78,90,96,25,17,15,12,80,63,42,36,30,97,63,75,94,79,65
775553031,AZ,Cardinals,553386840,Shane Conlan,MIKE,58,94,94,2,22,75,235,1,True,False,False,97,0,4,7000000,1750000,82,80,78,80,91,30,25,20,15,30,60,55,55,50,93,84,89,92,85,80
775553031,AZ,Cardinals,553388582,Kenneth Murray Jr,MIKE,54,77,77,0,25,74,241,4,True,False,False,97,0,1,800000,800000,88,90,84,73,82,25,22,20,19,55,60,15,15,15,86,64,62,69,22,62
775553031,AZ,Cardinals,553386344,Jake Hummel,MIKE,35,62,62,0,25,73,235,2,True,False,True,97,0,0,0,0,87,88,85,67,64,22,6,6,6,56,65,31,24,14,76,53,59,60,31,43
775553031,AZ,Cardinals,553386543,**** #####,P,9,74,74,0,31,76,221,8,True,False,False,97,0,2,1900000,1000000,73,75,68,56,62,43,37,33,22,50,38,10,10,10,34,13,22,24,31,10
775553031,AZ,Cardinals,553386377,Ben Roethlisberger,QB,7,99,99,3,27,77,240,1,True,False,False,97,0,5,50000000,20000000,74,72,70,84,98,97,97,99,93,60,25,15,15,15,30,15,14,19,20,10
775553031,AZ,Cardinals,553386202,Boomer Esiason,QB,4,97,97,2,20,77,220,1,True,False,False,97,0,4,5400000,1500000,79,86,84,65,97,93,97,97,93,60,30,20,18,16,25,18,20,25,22,20
775553031,AZ,Cardinals,553388867,Anthony Richardson,QB,5,76,76,1,22,76,250,1,True,False,False,97,0,1,800000,800000,91,92,88,73,72,95,86,81,76,57,39,20,16,13,33,11,17,27,30,10
775553031,AZ,Cardinals,553386911,Michael Penix Jr,QB,9,70,70,0,24,74,216,0,True,False,True,97,0,0,0,0,86,90,78,57,74,92,84,76,80,67,30,15,14,12,18,12,15,18,27,10
775553031,AZ,Cardinals,553386286,Julius Peppers,REDGE,90,97,97,3,25,79,295,1,True,False,False,97,0,1,7500000,15000000,88,87,86,92,94,10,6,6,5,50,40,20,18,15,98,32,34,94,96,92
775553031,AZ,Cardinals,553387034,Zach Allen,REDGE,94,76,76,1,27,77,285,5,True,False,False,97,0,3,2400000,850000,75,78,75,85,81,22,6,6,6,42,50,30,25,20,84,35,47,82,33,66
775553031,AZ,Cardinals,553388768,Robert Hunt,RG,50,84,84,1,28,78,335,4,True,False,False,97,0,2,3500000,2000000,67,59,61,89,88,25,6,6,6,38,41,12,5,5,39,12,15,30,21,10
775553031,AZ,Cardinals,553386688,Sean Rhyan,RG,65,70,70,0,25,77,321,2,True,False,False,97,0,1,800000,800000,64,73,66,84,72,28,21,15,12,45,35,18,14,10,43,10,10,25,20,10
775553031,AZ,Cardinals,553387745,Brian O'Neill,RT,74,85,85,1,28,79,310,6,True,False,False,97,0,4,7000000,2000000,77,77,76,86,93,18,6,6,6,51,37,18,14,10,29,12,13,27,67,10
775553031,AZ,Cardinals,553386327,Matt Peart,RT,79,68,68,0,27,79,318,4,True,False,False,97,0,1,800000,800000,70,74,55,86,76,11,5,5,5,40,27,15,5,5,37,12,13,29,33,22
775553031,AZ,Cardinals,553388638,Malik Harrison,SAM,40,75,75,0,26,75,259,4,True,False,False,97,0,1,1550000,1750000,86,87,84,75,74,47,34,27,22,55,58,26,21,16,87,54,63,73,21,60
775553031,AZ,Cardinals,553387690,BJ Ojulari,SAM,47,69,69,1,22,74,248,1,True,False,False,97,0,2,1850000,800000,86,91,84,75,62,19,6,6,6,30,29,10,7,5,81,41,51,70,30,74
775553031,AZ,Cardinals,553387141,Ochaun Mathis,SAM,32,64,64,0,25,76,247,1,True,False,True,97,0,0,0,0,82,90,77,75,62,25,19,15,11,41,42,25,18,14,73,34,40,74,23,61
775553031,AZ,Cardinals,553386181,Tyreke Smith,SAM,50,64,64,0,24,75,255,2,True,False,True,97,0,0,0,0,77,78,82,72,64,24,6,6,6,41,36,34,31,28,79,32,46,73,29,63
775553031,AZ,Cardinals,553386747,Adrian Wilson,SS,24,99,99,2,22,75,230,1,True,False,False,97,0,3,13500000,8000000,86,85,84,88,92,25,20,15,15,88,88,57,69,68,96,91,96,91,90,89
775553031,AZ,Cardinals,553386337,Kamren Curl,SS,3,83,83,1,25,74,198,4,True,False,False,97,0,3,2400000,850000,89,90,83,70,82,20,10,10,10,55,65,38,31,27,82,70,75,61,39,53
775553031,AZ,Cardinals,553386599,Avery Young,SS,39,65,65,0,24,72,198,1,True,False,True,97,0,0,0,0,81,82,87,61,67,24,6,6,6,61,68,35,31,28,75,67,64,49,33,42
775553031,AZ,Cardinals,553388843,Alge Crumpler,TE,83,96,96,2,22,74,262,1,True,False,False,97,0,4,10000000,4000000,83,84,75,81,88,13,8,6,4,90,91,86,84,71,42,26,32,30,21,15
775553031,AZ,Cardinals,553387148,Dalton Kincaid,TE,86,93,93,1,24,76,240,1,True,False,False,97,0,3,3450000,1250000,88,92,90,75,80,10,15,10,6,82,92,85,80,78,30,20,30,50,20,15
775553031,AZ,Cardinals,553388647,Luke Schoonmaker,TE,89,71,71,1,25,77,250,1,True,False,False,97,0,1,800000,800000,85,88,90,72,71,37,15,10,6,73,79,70,60,52,52,34,39,43,21,25
775553031,AZ,Cardinals,553388474,Jon Beason,WILL,52,97,97,2,22,72,237,1,True,False,False,97,0,6,23260000,2500000,88,89,87,86,93,18,94,6,6,82,70,55,50,40,96,75,82,91,70,65
775553031,AZ,Cardinals,553388528,Andrew Van Ginkel,WILL,43,77,77,1,29,76,242,5,True,False,False,97,0,1,800000,800000,88,89,83,74,87,25,6,6,6,54,60,15,5,5,78,56,63,76,22,85
775553031,AZ,Cardinals,553389040,Andre Johnson,WR,80,98,98,3,22,75,230,1,True,False,False,97,0,3,15000000,10000000,94,95,90,85,96,15,12,12,10,88,98,94,95,95,28,15,21,29,33,10
775553031,AZ,Cardinals,553389000,Tom Fears,WR,84,93,93,2,22,73,210,1,True,False,False,97,0,4,6200000,1750000,88,89,90,72,96,23,15,10,6,84,96,97,94,84,48,16,22,47,18,20
775553031,AZ,Cardinals,553387347,**** #####,WR,87,88,88,1,22,79,225,1,True,False,False,97,0,4,4600000,1250000,89,88,85,70,90,25,15,10,6,88,93,88,92,92,25,55,50,35,40,88
775553031,AZ,Cardinals,553386813,Sidney Rice,WR,85,88,88,1,22,76,202,1,True,False,False,97,0,3,3450000,1150000,90,91,87,74,82,49,40,35,29,80,93,87,89,93,50,30,44,35,20,10
775553031,AZ,Cardinals,553386807,Stevie Johnson,WR,13,86,86,1,24,74,207,3,True,False,False,97,0,1,800000,800000,88,87,85,70,97,10,10,10,10,82,92,85,88,94,10,15,19,26,23,10
775553031,AZ,Cardinals,553386333,Roman Wilson,WR,88,74,74,1,23,72,185,0,True,False,False,97,0,1,800000,800000,93,94,86,56,67,26,20,15,10,74,85,74,75,76,27,12,17,26,18,10
775553034,LAC,Chargers,553387888,Kevin Mawae,C,68,98,98,3,24,76,289,1,True,False,False,97,0,5,20000000,6500000,74,82,76,94,96,18,14,12,10,70,58,40,35,32,66,35,36,70,72,60
775553034,LAC,Chargers,553389039,Bradley Bozeman,C,61,71,71,0,29,77,325,6,True,False,False,97,0,1,800000,800000,72,57,53,85,81,17,6,6,6,20,12,10,5,5,20,10,11,15,27,10
775553034,LAC,Chargers,553386769,Asante Samuel,CB,22,99,99,2,22,71,185,1,True,False,False,97,0,7,41070000,15000000,96,94,95,78,96,26,15,10,10,70,75,40,35,30,90,96,95,85,75,96
775553034,LAC,Chargers,553387787,Patrick Surtain,CB,42,91,91,2,22,73,205,1,True,False,False,97,0,2,3800000,2250000,87,88,85,80,89,16,7,7,7,60,75,65,65,60,90,90,88,80,70,75
775553034,LAC,Chargers,553386039,Darius Slay Jr,CB,37,89,89,3,33,72,190,11,True,False,False,97,0,3,4650000,1750000,91,92,87,60,93,36,6,6,6,64,82,40,30,23,61,84,94,54,81,49
775553034,LAC,Chargers,553388738,Mike Sainristil,CB,2,77,77,1,23,70,182,0,True,False,False,97,0,3,2400000,850000,90,94,94,51,70,27,20,16,14,64,78,55,52,57,60,73,84,43,30,42
775553034,LAC,Chargers,553387263,Michael Davis,CB,24,74,74,0,29,74,196,7,True,False,False,97,0,1,800000,800000,92,89,82,63,80,26,6,6,6,58,69,22,12,10,61,70,76,52,27,51
775553034,LAC,Chargers,553388315,Carlos Dunlap,DT,96,89,89,1,22,78,280,1,True,False,False,97,0,4,7000000,2250000,83,86,80,84,91,22,8,6,4,33,25,10,6,4,90,19,27,90,82,91
775553034,LAC,Chargers,553387934,Denico Autry,DT,94,80,80,0,34,77,285,10,True,False,False,97,0,1,9020000,9020000,74,73,69,86,95,14,6,6,6,45,35,15,8,4,82,24,29,79,33,73
775553034,LAC,Chargers,553388313,Jer'Zhan Newton,DT,95,79,79,1,22,74,304,0,False,False,False,85,5,3,21810000,1750000,78,82,73,85,79,29,5,5,5,40,35,10,10,10,87,12,22,81,78,76
775553034,LAC,Chargers,553387474,Maurice Hurst,DT,98,76,76,0,29,74,290,6,True,False,False,97,0,3,4050000,1500000,74,77,65,91,75,12,6,6,6,31,49,18,15,13,84,25,29,74,30,78
775553034,LAC,Chargers,553387432,Nesta Jade Silvera,DT,99,66,66,0,24,74,315,1,True,False,True,97,0,0,0,0,67,77,64,83,67,16,7,6,5,30,26,15,8,5,81,12,15,71,71,53
775553034,LAC,Chargers,553387597,Thomas Booker IV,DT,95,66,66,0,24,75,301,2,True,False,True,97,0,0,0,0,74,82,73,85,62,18,6,6,6,40,39,29,25,22,78,15,14,67,35,51
775553034,LAC,Chargers,553388402,Travis Etienne Jr,FB,1,80,80,2,25,70,215,3,True,False,False,97,0,3,2850000,1000000,93,94,89,71,93,49,46,40,34,91,74,72,62,52,34,15,19,29,29,10
775553034,LAC,Chargers,553387311,**** #######,FS,27,99,99,2,21,72,212,1,True,False,False,97,0,4,10000000,4000000,87,85,84,85,93,30,30,30,30,70,71,55,55,55,96,94,93,90,85,80
775553034,LAC,Chargers,553386140,DeMarcco Hellams,FS,23,71,71,0,24,73,213,1,True,False,False,97,0,1,800000,800000,87,92,77,70,70,38,35,31,25,68,71,55,49,47,77,66,69,65,32,49
775553034,LAC,Chargers,553386866,Earl Campbell,HB,34,99,99,3,22,71,232,1,True,False,False,97,0,4,5400000,1500000,91,93,86,92,90,11,6,4,2,93,62,46,38,59,47,66,73,43,67,35
775553034,LAC,Chargers,553387287,Franco Harris,HB,32,99,99,3,22,74,230,1,True,False,False,97,0,2,6000000,5000000,91,90,87,90,96,29,26,23,20,99,88,75,70,66,35,12,12,39,27,10
775553034,LAC,Chargers,553385997,Eddie George,HB,26,95,95,2,24,75,235,1,True,False,False,97,0,4,4600000,1250000,89,91,84,86,93,30,15,10,10,95,64,60,52,43,80,54,63,59,27,61
775553034,LAC,Chargers,553389146,Chase Brown,HB,30,71,71,0,24,69,215,1,True,False,True,97,0,0,0,0,93,95,86,70,64,45,40,35,28,83,68,58,51,44,27,10,17,29,29,10
775553034,LAC,Chargers,553387163,Zach Evans,HB,26,67,67,0,23,72,215,1,True,False,True,97,0,0,0,0,90,92,86,65,63,22,20,15,10,82,63,52,46,37,27,11,17,24,28,10
775553034,LAC,Chargers,553388783,Wil Lutz,K,12,76,76,0,30,71,184,8,True,False,False,97,0,2,1900000,1000000,70,73,59,54,62,39,33,15,15,40,18,15,15,15,26,11,17,24,25,10
775553034,LAC,Chargers,553387234,Jack Youngblood,LEDGE,90,99,99,3,22,75,245,1,True,False,False,97,0,2,18000000,18000000,85,91,82,91,97,22,6,7,6,72,60,38,24,30,97,42,46,98,98,99
775553034,LAC,Chargers,553386694,Lukas Van Ness,LEDGE,92,73,73,1,23,77,272,1,True,False,False,97,0,1,800000,800000,86,91,83,81,74,31,25,20,16,44,42,13,6,5,80,35,41,78,27,61
775553034,LAC,Chargers,553386779,Gene Upshaw,LG,63,99,99,3,21,77,255,1,True,False,False,97,0,4,18000000,8500000,66,72,70,96,99,15,8,6,6,70,60,40,28,5,46,11,11,49,18,37
775553034,LAC,Chargers,553386576,Nate Davis,LG,64,76,76,0,27,75,316,5,True,False,False,97,0,1,800000,800000,68,64,61,90,84,30,6,6,6,40,25,10,5,5,45,12,15,37,28,22
775553034,LAC,Chargers,553387249,Art Shell,LT,78,99,99,3,24,77,265,1,True,False,False,97,0,6,55400000,9000000,64,71,72,94,98,25,9,7,6,70,58,22,15,10,72,54,57,70,73,50
775553034,LAC,Chargers,553388337,Ikem Ekwonu,LT,75,82,82,1,23,76,320,2,True,False,False,97,0,2,2300000,1250000,75,78,57,92,80,23,6,6,6,40,32,10,5,5,45,12,14,44,23,35
775553034,LAC,Chargers,553386280,Luke Kuechly,MIKE,59,99,99,3,24,75,238,1,True,False,False,97,0,3,15000000,10000000,91,94,91,88,99,30,18,14,13,70,65,40,36,32,99,95,97,98,95,96
775553034,LAC,Chargers,553386565,Lee Roy Jordan,MIKE,55,90,90,2,21,74,235,1,False,False,False,86,7,3,5250000,2000000,83,85,82,87,94,22,6,6,6,60,45,45,45,45,92,65,70,85,88,82
775553034,LAC,Chargers,553386781,Alex Singleton,MIKE,40,77,77,0,30,74,240,6,True,False,False,97,0,1,800000,800000,86,87,78,72,84,20,6,6,6,55,63,15,5,5,88,56,64,69,23,55
775553034,LAC,Chargers,553387441,Troy Andersen,MIKE,44,65,65,0,25,76,235,2,True,False,True,97,0,0,0,0,91,93,87,68,72,53,51,46,44,76,67,35,30,24,76,52,54,66,33,45
775553034,LAC,Chargers,553387365,Mike Rose,MIKE,59,63,63,0,24,76,243,2,True,False,True,97,0,0,0,0,82,88,83,68,64,18,6,6,6,53,66,15,5,5,75,49,54,71,69,45
775553034,LAC,Chargers,553388622,Jake Camarda,P,5,79,79,0,25,73,193,2,True,False,False,97,0,2,1900000,1000000,86,89,70,45,69,30,35,31,25,35,29,10,10,10,30,11,12,10,21,10
775553034,LAC,Chargers,553386646,Patrick Mahomes,QB,15,99,99,3,21,74,225,1,True,False,False,97,0,5,50000000,20000000,87,88,87,70,98,97,98,95,89,66,59,27,17,15,26,17,19,24,22,10
775553034,LAC,Chargers,553387860,Dak Prescott,QB,3,90,90,1,22,74,238,1,True,False,False,97,0,4,5400000,1500000,84,84,83,75,86,90,94,87,93,68,42,18,17,15,42,12,18,29,26,9
775553034,LAC,Chargers,553388223,Jayden Daniels,QB,13,82,82,1,23,76,210,0,True,False,False,97,0,1,800000,800000,90,91,91,59,78,90,89,85,79,64,37,16,13,11,19,15,14,16,29,10
775553034,LAC,Chargers,553386952,Sam Howell,QB,6,69,69,0,23,73,220,2,True,False,True,97,0,0,0,0,82,87,78,64,57,92,87,80,81,66,61,15,14,12,29,12,14,24,20,10
775553034,LAC,Chargers,553386151,Ross Browner,REDGE,79,92,92,0,20,75,262,1,True,False,False,97,0,4,7800000,2250000,82,85,80,91,92,25,20,20,20,50,60,40,35,30,89,62,65,92,95,89
775553034,LAC,Chargers,553386801,Devonte Wyatt,REDGE,91,73,73,0,26,75,304,2,True,False,False,97,0,1,800000,800000,80,90,69,86,74,25,5,5,5,39,41,27,24,19,76,24,29,75,22,79
775553034,LAC,Chargers,553387222,Mike Morris,REDGE,93,70,70,0,23,78,292,1,True,False,False,97,0,1,800000,800000,74,84,69,82,63,22,11,5,5,52,51,25,16,11,75,25,32,76,83,59
775553034,LAC,Chargers,553388731,Jalen Redmond,REDGE,61,68,68,0,25,74,291,1,True,False,True,97,0,0,0,0,79,85,74,85,60,22,6,6,6,42,37,10,6,5,73,18,24,65,77,66
775553034,LAC,Chargers,553388809,Zack Martin,RG,70,99,99,3,21,76,315,1,True,False,False,97,0,3,13500000,8000000,72,74,63,96,98,29,6,6,6,40,32,15,5,5,28,9,11,27,81,10
775553034,LAC,Chargers,553387496,Ed Ingram,RG,67,73,73,0,25,75,307,2,True,False,False,97,0,1,800000,800000,72,82,55,87,76,15,6,6,6,25,22,15,10,5,30,10,10,24,76,20
775553034,LAC,Chargers,553387958,Jason Peters,RT,73,97,97,2,21,76,328,1,False,False,False,6,7,2,9000000,7500000,68,82,76,95,88,10,6,6,6,74,45,36,32,29,70,23,28,66,52,45
775553034,LAC,Chargers,553387078,Mike McGlinchey,RT,69,80,80,1,29,80,315,6,True,False,False,97,0,1,800000,800000,71,68,68,88,86,11,6,6,6,33,28,15,10,8,32,11,13,32,27,10
775553034,LAC,Chargers,553387073,Frankie Luvu,SAM,4,82,82,1,27,75,235,6,True,False,False,97,0,2,3500000,2000000,86,87,82,83,89,34,6,6,6,48,55,15,5,5,82,54,61,82,21,80
775553034,LAC,Chargers,553387852,Dylan Cole,SAM,41,69,69,0,30,72,240,7,True,False,False,97,0,1,800000,800000,89,88,82,84,66,25,6,6,6,53,57,20,10,6,81,60,67,64,31,57
775553034,LAC,Chargers,553387495,Tavius Robinson,SAM,95,63,63,0,25,78,258,1,True,False,True,97,0,0,0,0,84,91,71,79,64,20,6,6,6,36,35,20,15,10,78,31,38,65,68,55
775553034,LAC,Chargers,553387716,George Atkinson,SS,43,89,89,1,22,72,185,1,True,False,False,97,0,2,3900000,2250000,90,91,88,76,86,28,26,24,22,76,78,40,42,44,84,76,82,72,60,60
775553034,LAC,Chargers,553386833,Jordan Poyer,SS,21,86,86,2,33,72,191,11,True,False,False,97,0,2,1600000,850000,87,89,86,66,92,30,6,6,6,65,75,35,25,20,70,77,88,59,20,54
775553034,LAC,Chargers,553386970,Kitan Oladapo,SS,14,67,67,0,23,74,216,0,True,False,True,97,0,0,0,0,86,89,79,68,62,27,9,8,6,65,66,15,13,10,73,67,68,63,26,36
775553034,LAC,Chargers,553386464,Charlie Sanders,TE,88,96,96,2,22,76,225,1,True,False,False,97,0,2,4000000,3000000,85,87,84,82,90,20,15,15,15,88,87,81,83,84,44,12,14,44,73,14
775553034,LAC,Chargers,553387524,Kyle Rudolph,TE,82,91,91,2,22,78,265,1,True,False,False,97,0,3,3450000,1250000,82,84,78,78,90,24,15,10,6,88,87,86,82,72,47,17,26,48,68,32
775553034,LAC,Chargers,553387022,Jordan Akins,TE,89,71,71,0,32,76,245,6,True,False,False,97,0,1,800000,800000,85,83,73,76,70,45,36,27,22,70,84,68,64,63,28,12,14,25,31,20
775553034,LAC,Chargers,553386814,Davis Allen,TE,87,66,66,0,23,78,250,1,True,False,True,97,0,0,0,0,82,88,78,69,69,44,20,15,10,71,82,62,55,49,63,37,45,55,35,50
775553034,LAC,Chargers,553388462,Jeremiah Owusu-Koramoah,WILL,6,86,86,1,24,74,221,3,True,False,False,97,0,4,7000000,2000000,89,92,88,65,88,43,40,36,30,57,72,34,29,23,82,73,81,67,20,64
775553034,LAC,Chargers,553386132,Alex Anzalone,WILL,45,78,78,0,29,75,240,7,True,False,False,97,0,1,800000,800000,86,87,82,74,84,25,6,6,6,47,61,22,12,7,83,66,73,73,31,57
775553034,LAC,Chargers,553386494,Greg Jennings,WR,85,99,99,3,22,71,197,2,True,False,False,97,0,4,24000000,12000000,97,94,93,85,97,25,22,20,18,90,97,96,96,98,60,50,45,55,40,45
775553034,LAC,Chargers,553387248,Anquan Boldin,WR,81,95,95,2,22,73,220,1,True,False,False,97,0,6,88640000,2500000,89,91,87,75,97,39,34,29,25,91,98,96,93,95,34,15,24,27,22,22
775553034,LAC,Chargers,553386832,Jaylen Waddle,WR,17,87,87,2,25,70,182,3,True,False,False,97,0,4,6200000,1750000,97,97,97,57,85,34,29,23,19,77,84,85,84,82,29,14,19,27,22,10
775553034,LAC,Chargers,553388892,Marvin Harrison Jr,WR,18,82,82,1,22,75,209,0,True,False,False,97,0,3,2400000,850000,94,93,91,57,82,27,15,10,6,81,88,81,84,81,24,17,25,15,74,18
775553034,LAC,Chargers,553386392,Alec Pierce,WR,14,76,76,0,24,75,211,2,True,False,False,97,0,1,800000,800000,92,94,79,62,78,26,15,10,10,75,85,76,78,79,29,23,27,29,31,10
775553034,LAC,Chargers,553388545,Xavier Legette,WR,84,76,76,1,23,73,221,0,True,False,False,97,0,1,800000,800000,93,93,89,73,62,48,38,32,25,77,87,73,77,77,38,23,28,36,79,11
775553034,LAC,Chargers,553386592,Jacob Cowing,WR,83,70,70,0,23,68,168,0,True,False,True,97,0,0,0,0,93,93,83,52,52,25,25,20,15,71,79,77,76,75,26,17,25,24,85,10
775553035,KC,Chiefs,553387268,Dermontti Dawson,C,63,99,99,3,22,74,288,1,True,False,False,97,0,3,13500000,8000000,69,83,78,92,98,12,6,6,6,21,22,12,7,5,25,10,10,24,22,10
775553035,KC,Chiefs,553388456,Jarrett Patterson,C,75,67,67,0,25,76,310,1,True,False,False,97,0,1,800000,800000,61,71,54,83,79,27,5,5,5,24,33,21,11,7,31,10,9,27,79,20
775553035,KC,Chiefs,553386569,Darrelle Revis,CB,24,99,99,3,22,71,198,3,True,False,False,97,0,2,18000000,18000000,92,94,94,78,98,16,14,12,10,82,87,76,72,70,87,99,98,74,52,60
775553035,KC,Chiefs,553386319,Patrick Surtain II,CB,2,98,98,1,21,74,202,1,True,False,False,97,0,2,9000000,7500000,90,91,92,78,94,35,30,30,30,65,75,55,55,55,90,96,92,90,70,85
775553035,KC,Chiefs,553386553,Duane Starks,CB,39,90,90,1,22,70,174,1,True,False,False,97,0,4,6200000,1750000,93,94,91,66,86,10,6,6,6,66,72,40,34,30,75,91,87,64,42,40
775553035,KC,Chiefs,553387224,Stephon Gilmore,CB,21,87,87,2,33,72,190,12,True,False,False,97,0,1,1550000,1550000,88,92,90,66,94,43,39,35,32,62,77,15,11,10,70,86,87,54,81,44
775553035,KC,Chiefs,553388855,Cam Smith,CB,22,74,74,1,23,72,180,1,True,False,False,97,0,1,800000,800000,91,95,90,45,73,27,6,6,6,56,72,52,42,35,53,69,77,42,25,34
775553035,KC,Chiefs,553387317,Dwight McGlothern,CB,47,66,66,0,22,74,185,0,True,False,True,97,0,0,0,0,90,92,75,59,63,33,30,25,18,55,62,20,18,16,54,62,66,35,66,41
775553035,KC,Chiefs,553388931,Sam Webb,CB,27,66,66,0,26,72,202,2,True,False,True,97,0,0,0,0,90,92,85,58,60,35,6,6,6,61,68,56,52,48,52,68,70,43,68,34
775553035,KC,Chiefs,553386789,Sam Adams,DT,97,93,93,2,22,75,350,1,True,False,False,97,0,5,20000000,6500000,67,74,64,96,92,8,6,6,6,72,52,20,18,18,96,18,28,95,92,69
775553035,KC,Chiefs,553387390,Vita Vea,DT,50,88,88,2,21,76,347,1,True,False,False,97,0,2,3500000,2000000,70,70,60,97,85,24,20,16,13,68,40,26,17,16,91,28,35,87,90,80
775553035,KC,Chiefs,553388857,Tyler Davis,DT,90,73,73,0,23,74,300,0,True,False,False,97,0,1,800000,800000,72,78,60,89,63,12,13,16,17,40,22,4,4,4,85,17,19,75,31,65
775553035,KC,Chiefs,553387869,Christian Okoye,FB,37,99,99,3,21,74,260,1,True,False,False,97,0,1,1550000,1750000,86,90,75,99,88,20,6,6,6,96,80,55,50,45,76,34,47,69,95,66
775553035,KC,Chiefs,553387812,Charles Godfrey,FS,30,88,88,1,22,71,210,1,True,False,False,97,0,4,7000000,2000000,89,91,85,76,80,22,6,6,6,76,71,48,45,40,87,80,84,75,55,52
775553035,KC,Chiefs,553388701,Quandre Diggs,FS,33,83,83,1,31,69,197,9,True,False,False,97,0,3,2400000,850000,87,86,81,70,91,48,31,29,28,66,81,30,20,13,67,76,85,53,29,33
775553035,KC,Chiefs,553388028,Percy Butler,FS,35,70,70,0,24,72,191,2,True,False,True,97,0,0,0,0,92,95,83,57,71,26,16,13,10,59,60,35,31,26,57,73,69,51,35,37
775553035,KC,Chiefs,553386806,Theo Jackson,FS,25,68,68,0,25,73,198,2,True,False,True,97,0,0,0,0,90,92,76,58,71,25,6,6,6,55,65,10,10,10,67,60,66,58,22,48
775553035,KC,Chiefs,553386308,Thurman Thomas,HB,36,97,97,3,20,71,200,1,True,False,False,97,0,2,3800000,2250000,91,92,90,75,94,40,40,40,40,92,86,85,82,70,34,10,16,31,72,18
775553035,KC,Chiefs,553388656,DeMarco Murray,HB,29,94,94,2,22,73,220,1,True,False,False,86,7,4,5400000,1500000,95,95,91,78,89,14,10,8,6,90,74,69,60,52,30,12,15,25,18,10
775553035,KC,Chiefs,553388031,Jamal Lewis,HB,31,92,92,2,22,71,245,1,True,False,False,97,0,3,2850000,1000000,91,90,85,84,88,25,21,15,12,93,68,58,46,38,35,15,20,31,88,10
775553035,KC,Chiefs,553388171,Miles Sanders,HB,38,76,76,0,27,71,210,5,True,False,False,97,0,1,800000,800000,90,92,88,69,73,29,31,27,19,88,66,64,59,52,33,12,18,26,35,10
775553035,KC,Chiefs,553387056,Keaontay Ingram,HB,34,67,67,0,24,72,221,2,True,False,True,97,0,0,0,0,88,90,78,76,71,25,20,15,10,87,69,56,50,40,34,10,16,31,30,10
775553035,KC,Chiefs,553386714,Kevin Harris,HB,38,62,62,0,23,70,225,2,True,False,True,97,0,0,0,0,85,87,77,75,68,26,35,25,15,90,66,55,48,39,33,15,20,31,31,11
775553035,KC,Chiefs,553387567,Gary Anderson,K,1,98,98,2,22,71,195,1,True,False,False,97,0,4,5400000,1500000,68,72,70,58,97,20,18,16,14,30,34,10,8,7,29,10,10,13,26,10
775553035,KC,Chiefs,553388006,Reggie White,LEDGE,92,99,99,2,25,77,291,1,True,False,False,97,0,1,7500000,15000000,87,88,84,98,97,33,33,27,24,70,30,25,20,18,95,40,45,94,98,94
775553035,KC,Chiefs,553388817,Niko Lalos,LEDGE,57,67,67,0,27,77,270,4,True,False,False,97,0,1,800000,800000,73,77,74,75,67,27,6,6,6,54,58,15,8,5,76,48,57,68,79,58
775553035,KC,Chiefs,553388928,**** ######,LG,62,98,98,2,22,74,250,1,True,False,False,97,0,2,6000000,5000000,68,70,72,92,95,16,10,6,6,55,48,40,40,30,45,12,15,50,30,30
775553035,KC,Chiefs,553387439,Asim Richards,LG,79,67,67,0,23,76,307,1,True,False,False,97,0,1,800000,800000,67,73,59,87,67,21,6,6,6,57,52,42,40,35,45,11,12,45,23,35
775553035,KC,Chiefs,553387877,Mark Evans II,LG,68,61,61,0,24,76,295,1,True,False,True,97,0,0,0,0,58,69,61,79,70,14,6,5,5,26,24,10,8,5,32,10,11,26,26,10
775553035,KC,Chiefs,553388837,Robert Kelly,LT,74,90,90,1,22,77,300,1,True,False,False,97,0,2,3900000,2250000,64,65,70,91,88,22,12,10,9,50,46,32,26,21,33,14,16,40,21,88
775553035,KC,Chiefs,553386054,Chukwuma Okorafor,LT,77,72,72,0,27,78,320,6,True,False,False,97,0,1,800000,800000,68,64,57,85,85,18,6,6,6,27,24,15,10,7,28,11,13,24,72,14
775553035,KC,Chiefs,553387967,Brian Urlacher,MIKE,54,99,99,3,20,76,258,1,True,False,False,97,0,3,15000000,10000000,88,91,85,86,90,25,20,18,15,68,78,60,55,48,98,79,89,95,84,78
775553035,KC,Chiefs,553386064,Patrick Queen,MIKE,6,86,86,1,25,72,237,4,True,False,False,97,0,2,1900000,1000000,88,89,86,71,87,27,6,6,6,73,71,55,48,37,90,70,75,76,21,65
775553035,KC,Chiefs,553386431,Blake Martinez,MIKE,40,70,70,0,30,74,237,7,True,False,False,97,0,1,800000,800000,80,86,80,79,68,25,6,6,6,45,58,15,5,5,84,51,59,70,76,56
775553035,KC,Chiefs,553387700,Josh Bidwell,P,16,86,86,0,22,75,220,4,True,False,False,97,0,4,4600000,1250000,78,88,82,99,86,70,70,70,70,44,27,15,15,15,29,10,16,30,20,10
775553035,KC,Chiefs,553388359,Kurt Warner,QB,13,99,99,3,25,74,220,1,True,False,False,97,0,5,50000000,20000000,72,74,78,66,99,95,98,96,92,79,69,22,19,17,57,62,66,48,67,35
775553035,KC,Chiefs,553386371,Joe Namath,QB,12,93,93,3,22,74,200,1,True,False,False,97,0,3,4050000,1500000,72,76,74,66,95,95,90,94,94,66,34,30,28,26,40,26,31,36,27,11
775553035,KC,Chiefs,553386004,Colin Kaepernick,QB,4,86,86,2,22,76,230,1,True,False,False,97,0,1,800000,800000,91,92,87,72,84,92,89,85,88,84,62,59,55,52,48,45,50,40,35,40
775553035,KC,Chiefs,553387999,Dwight Freeney,REDGE,93,95,95,2,22,74,265,1,True,False,False,97,0,1,4500000,9000000,94,95,92,85,94,25,6,6,6,41,30,23,13,7,82,60,65,93,94,96
775553035,KC,Chiefs,553388839,James Houston IV,REDGE,96,72,72,1,25,73,225,2,True,False,False,97,0,1,800000,800000,84,91,70,72,76,21,22,17,12,35,32,15,5,5,77,27,34,71,36,73
775553035,KC,Chiefs,553388969,Chris Snee,RG,76,96,96,2,21,75,314,1,True,False,False,97,0,4,7800000,2250000,61,70,66,95,92,83,79,74,71,72,35,25,20,15,58,18,25,42,32,28
775553035,KC,Chiefs,553386229,Jon Runyan,RG,68,77,77,0,21,76,307,1,True,False,False,97,0,1,800000,800000,72,71,65,87,84,25,6,6,6,29,36,17,12,5,30,12,15,22,25,16
775553035,KC,Chiefs,553388905,Tony Boselli,RT,71,98,98,3,22,79,322,1,True,False,False,97,0,4,18000000,8500000,72,76,74,95,98,20,18,15,13,78,45,36,30,26,71,28,32,72,65,60
775553035,KC,Chiefs,553388167,Austin Jackson,RT,73,75,75,0,25,77,320,4,True,False,False,97,0,1,800000,800000,72,77,65,84,82,22,6,6,6,24,31,18,7,5,54,22,31,55,27,41
775553035,KC,Chiefs,553388870,Jaelan Phillips,SAM,15,82,82,1,25,77,263,3,True,False,False,97,0,3,5250000,2000000,86,90,85,83,91,18,6,6,6,39,39,22,16,12,89,41,48,79,25,82
775553035,KC,Chiefs,553387588,Azeez Ojulari,SAM,51,73,73,1,24,75,240,3,True,False,False,97,0,1,800000,800000,86,91,81,77,69,23,6,6,6,53,50,29,24,19,85,43,51,73,83,73
775553035,KC,Chiefs,553386300,Devin Harper,SAM,56,63,63,0,26,72,234,2,True,False,True,97,0,0,0,0,89,91,87,70,57,15,6,6,6,56,58,25,15,10,80,36,43,62,33,61
775553035,KC,Chiefs,553389132,Eric Reid,SS,32,95,95,2,22,73,215,1,True,False,False,97,0,1,1750000,2500000,92,95,88,90,85,24,15,15,15,78,76,50,45,42,93,76,83,88,68,64
775553035,KC,Chiefs,553386618,Kyle Dugger,SS,26,84,84,1,28,74,220,4,True,False,False,97,0,3,2400000,850000,90,89,87,74,85,25,10,6,6,70,76,40,32,29,75,73,72,70,81,53
775553035,KC,Chiefs,553388380,Jeremy Reaves,SS,23,73,73,0,28,71,200,6,True,False,False,97,0,1,800000,800000,87,87,76,61,75,28,6,6,6,64,59,15,13,10,78,65,69,52,19,41
775553035,KC,Chiefs,553387501,Charle Young,TE,86,94,94,2,22,75,234,1,True,False,False,97,0,3,3450000,1250000,85,83,78,76,84,49,45,35,34,82,89,88,86,76,34,28,30,26,22,18
775553035,KC,Chiefs,553387737,Steve Jordan,TE,83,93,93,3,22,75,240,1,True,False,False,97,0,4,7000000,2250000,84,86,82,80,93,20,16,15,26,89,89,82,83,79,39,15,15,33,78,10
775553035,KC,Chiefs,553386923,Juwan Johnson,TE,87,78,78,1,27,76,231,4,True,False,False,97,0,1,800000,800000,88,88,84,69,79,36,30,25,20,76,85,72,65,63,34,19,27,36,71,14
775553035,KC,Chiefs,553386250,Erick All,TE,83,67,67,0,23,77,252,0,True,False,True,97,0,0,0,0,86,87,83,72,62,24,15,10,6,73,76,65,60,63,46,16,22,41,32,10
775553035,KC,Chiefs,553387104,Peyton Hendershot,TE,89,67,67,0,25,76,254,2,True,False,True,97,0,0,0,0,81,88,85,72,61,33,15,10,6,74,78,67,65,57,39,15,15,42,32,10
775553035,KC,Chiefs,553388673,Isiah Robertson,WILL,58,97,97,2,22,75,225,1,True,False,False,97,0,2,4000000,3000000,88,91,86,83,92,20,18,16,14,74,72,44,42,38,95,80,84,91,70,76
775553035,KC,Chiefs,553386024,Tony Fields II,WILL,42,71,71,0,25,72,222,3,True,False,False,97,0,1,800000,800000,86,91,79,64,75,25,6,6,6,59,66,35,32,31,80,67,66,62,75,60
775553035,KC,Chiefs,553386712,CeeDee Lamb,WR,80,99,99,3,21,74,200,1,True,False,False,97,0,4,24000000,12000000,91,91,94,70,99,37,31,26,21,78,99,95,99,97,38,18,25,30,81,10
775553035,KC,Chiefs,553388229,Julio Jones,WR,11,93,93,2,22,75,220,1,True,False,False,97,0,4,10000000,4000000,94,94,92,80,88,45,15,10,6,86,95,87,92,93,45,60,65,45,25,10
775553035,KC,Chiefs,553386841,T.Y. Hilton,WR,88,92,92,1,21,70,183,1,True,False,False,97,0,4,6200000,1550000,95,94,90,64,90,25,30,25,20,88,93,94,93,86,30,35,40,50,55,90
775553035,KC,Chiefs,553386802,Mike Evans,WR,84,90,90,2,22,77,231,1,True,False,False,97,0,3,4650000,1750000,88,87,85,80,95,30,25,20,20,85,94,92,94,93,50,50,45,50,40,45
775553035,KC,Chiefs,553387304,Gabe Davis,WR,85,84,84,1,25,74,225,4,True,False,False,97,0,2,1600000,850000,90,93,85,67,87,31,15,10,6,76,87,83,86,89,33,14,21,33,72,10
775553035,KC,Chiefs,553387150,Kalif Raymond,WR,81,76,76,0,30,68,182,7,True,False,False,97,0,1,800000,800000,92,92,87,53,80,35,15,10,6,72,88,76,77,78,44,22,31,34,22,16
775553035,KC,Chiefs,553387662,Jermaine Burton,WR,81,70,70,0,23,72,196,0,True,False,True,97,0,0,0,0,91,92,90,58,56,24,15,10,6,74,86,72,73,74,31,12,16,30,21,10
775553035,KC,Chiefs,553388304,Johnny Wilson,WR,89,68,68,0,23,79,231,0,True,False,True,97,0,0,0,0,88,90,82,70,71,27,15,10,6,72,78,71,70,71,31,15,18,29,32,10
775553036,IND,Colts,553386129,Tom Nalen,C,65,99,99,2,22,74,292,1,True,False,False,97,0,3,13500000,8000000,50,72,78,90,95,30,6,6,6,40,25,10,5,5,37,12,15,92,93,90
775553036,IND,Colts,553388075,Connor McGovern,C,66,78,78,0,26,77,318,5,True,False,False,97,0,1,800000,800000,70,63,62,87,84,30,10,10,10,40,35,15,5,5,40,12,15,20,21,10
775553036,IND,Colts,553388662,Patrick Peterson,CB,21,99,99,2,22,73,219,1,True,False,False,97,0,2,18000000,18000000,98,99,97,80,95,64,59,37,32,75,92,60,65,70,90,99,98,94,92,96
775553036,IND,Colts,553387303,Chris Harris Jr,CB,25,97,97,1,22,70,195,1,True,False,False,97,0,2,4000000,3000000,88,89,90,75,92,40,35,35,35,70,80,55,55,55,88,98,91,88,65,80
775553036,IND,Colts,553387873,Greg Newsome II,CB,30,86,86,1,24,72,192,3,True,False,False,97,0,3,4650000,1750000,93,93,92,60,85,22,6,6,6,61,70,39,32,26,54,87,84,49,26,40
775553036,IND,Colts,553388237,Tre Roberson,CB,39,86,86,0,20,72,205,1,True,False,False,97,0,2,1900000,1000000,83,75,87,55,86,24,6,6,6,76,87,50,44,40,86,87,86,39,68,32
775553036,IND,Colts,553387854,Jarrian Jones,CB,22,75,75,1,23,72,191,0,True,False,False,97,0,1,800000,800000,93,94,88,43,72,32,16,9,8,61,74,32,26,22,54,75,70,46,31,43
775553036,IND,Colts,553388946,Jalyn Armour-Davis,CB,38,66,66,0,24,73,195,2,True,False,True,97,0,0,0,0,93,94,81,60,56,31,15,10,6,48,70,21,15,12,57,67,66,43,31,34
775553036,IND,Colts,553389108,Christian Braswell,CB,21,65,65,0,24,70,181,1,True,False,True,97,0,0,0,0,90,90,89,42,61,32,19,14,12,62,69,49,45,44,60,61,70,51,26,33
775553036,IND,Colts,553389011,Isaiah Bolden,CB,29,64,64,0,24,74,205,1,True,False,True,97,0,0,0,0,95,93,80,63,53,26,16,13,8,66,59,35,32,28,52,65,62,44,30,39
775553036,IND,Colts,553388833,Duron Lowe,CB,42,62,62,0,26,70,190,2,True,False,True,97,0,0,0,0,92,87,79,52,62,31,6,6,6,61,60,33,23,16,51,61,63,44,31,41
775553036,IND,Colts,553386930,Andy Robustelli,DT,96,95,95,2,21,72,230,1,True,False,False,97,0,4,18000000,8500000,77,83,74,86,97,22,20,16,13,64,52,13,11,10,96,28,42,97,93,85
775553036,IND,Colts,553388573,Alan Branch,DT,97,88,88,1,22,78,350,1,True,False,False,97,0,2,3500000,2000000,66,74,60,94,88,15,6,6,6,66,49,15,12,8,94,38,49,90,88,65
775553036,IND,Colts,553387693,Teair Tart,DT,94,74,74,0,27,74,304,4,True,False,False,97,0,1,800000,800000,71,78,65,88,73,29,6,6,6,40,34,12,7,5,84,12,23,75,22,68
775553036,IND,Colts,553388610,Phidarian Mathis,DT,98,72,72,0,26,76,312,2,True,False,False,97,0,1,800000,800000,63,69,56,89,72,22,6,6,6,25,24,15,12,9,86,15,20,77,24,59
775553036,IND,Colts,553386983,Marquan McCall,DT,52,62,62,0,25,75,345,2,True,False,True,97,0,0,0,0,59,55,47,88,59,11,10,8,6,25,22,10,5,5,77,15,19,72,73,48
775553036,IND,Colts,553388877,Vonta Leach,FB,44,95,95,3,22,72,260,1,True,False,False,97,0,1,1550000,1750000,83,80,74,87,92,12,6,6,6,89,71,60,42,30,81,50,57,64,81,53
775553036,IND,Colts,553388106,Earl Thomas III,FS,29,96,96,3,25,70,202,1,True,False,False,97,0,2,6000000,5000000,93,94,91,68,94,19,15,10,10,67,82,15,10,5,85,84,91,70,55,64
775553036,IND,Colts,553388040,Micah Hyde,FS,23,88,88,2,33,72,197,11,True,False,False,97,0,3,2400000,850000,88,88,86,58,92,30,6,6,6,74,79,33,23,18,70,80,91,56,27,49
775553036,IND,Colts,553387701,LaDainian Tomlinson,HB,24,99,99,3,21,70,215,1,True,False,False,97,0,2,9000000,4500000,98,98,98,83,97,35,19,17,12,98,95,79,69,67,77,33,39,69,27,57
775553036,IND,Colts,553386662,Joe Mixon,HB,31,92,92,1,28,73,220,7,True,False,False,97,0,4,4600000,1250000,91,91,89,81,97,46,38,33,29,98,73,65,58,56,37,10,20,34,25,14
775553036,IND,Colts,553386625,Ray Rice,HB,27,92,92,1,25,68,212,1,True,False,False,97,0,4,5400000,1500000,91,94,92,77,88,25,13,12,11,89,82,74,68,60,52,61,67,52,80,48
775553036,IND,Colts,553389123,George Atkinson III,HB,31,67,67,0,22,73,218,1,True,False,True,97,0,0,0,0,94,92,88,73,70,45,40,35,30,70,65,58,52,47,37,20,27,32,34,10
775553036,IND,Colts,553388311,Jawhar Jordan,HB,42,66,66,0,25,70,185,0,True,False,True,97,0,0,0,0,88,90,83,63,64,24,20,15,10,89,65,56,49,39,31,10,16,27,21,10
775553036,IND,Colts,553388687,Sebastian Janikowski,K,11,93,93,1,22,73,260,1,True,False,False,97,0,4,5400000,1500000,64,68,66,78,89,34,24,20,18,58,42,20,18,18,26,12,16,18,31,10
775553036,IND,Colts,553388365,Charles Johnson,LEDGE,95,97,97,1,22,74,278,1,True,False,False,97,0,3,15000000,10000000,88,88,80,92,90,10,6,6,6,50,40,20,18,15,96,30,32,94,96,92
775553036,IND,Colts,553387508,Justin Ellis,LEDGE,92,70,70,0,33,74,334,10,True,False,False,97,0,1,800000,800000,70,65,58,84,78,25,6,6,6,40,35,15,7,3,77,15,20,67,82,48
775553036,IND,Colts,553389079,Steve Hutchinson,LG,76,98,98,3,22,77,313,1,True,False,False,97,0,2,9000000,7500000,65,72,66,90,96,12,10,7,6,31,24,11,9,7,30,11,12,25,32,10
775553036,IND,Colts,553386980,Spencer Anderson,LG,51,63,63,0,24,77,305,1,True,False,False,97,0,1,800000,800000,67,70,63,88,72,26,8,7,6,24,21,12,5,5,35,12,12,24,88,10
775553036,IND,Colts,553386500,Ronnie Stanley,LT,79,88,88,2,30,78,315,8,True,False,False,97,0,4,7000000,2000000,71,68,69,90,94,22,6,6,6,32,24,19,9,6,31,11,13,27,29,14
775553036,IND,Colts,553387557,Kiran Amegadjie,LT,72,70,70,0,22,77,326,0,True,False,False,97,0,1,800000,800000,70,74,69,88,70,24,25,21,19,32,37,24,21,14,33,15,14,30,25,21
775553036,IND,Colts,553387750,Ray Lewis,MIKE,52,99,99,3,22,73,250,1,True,False,False,97,0,4,24000000,12000000,87,91,84,91,99,10,8,6,5,80,70,40,38,30,99,78,85,99,88,76
775553036,IND,Colts,553386839,Malcolm Smith,MIKE,53,85,85,2,22,72,225,1,True,False,False,97,0,3,2850000,1000000,87,88,85,76,81,15,6,6,5,44,33,20,15,12,89,69,78,82,61,64
775553036,IND,Colts,553387370,Denzel Perryman,MIKE,6,77,77,0,31,71,240,9,True,False,False,97,0,1,5250000,5250000,82,83,77,84,83,25,6,6,6,65,60,15,5,5,83,58,54,76,28,51
775553036,IND,Colts,553388056,Markus Bailey,MIKE,41,67,67,0,27,72,235,4,True,False,False,97,0,1,800000,800000,82,86,80,74,67,20,6,6,6,57,60,28,20,11,81,58,64,68,91,49
775553036,IND,Colts,553387280,Jordan Stout,P,5,77,77,0,26,75,214,2,True,False,False,97,0,2,1900000,1000000,84,88,66,45,65,34,27,23,18,34,27,15,15,15,27,10,10,21,24,10
775553036,IND,Colts,553386878,Bobby Layne,QB,0,97,97,3,22,73,201,1,True,False,False,97,0,5,50000000,20000000,82,77,75,78,96,94,95,95,96,75,40,45,48,42,51,15,19,24,32,10
775553036,IND,Colts,553388011,Jordan Love,QB,10,82,82,1,25,76,219,4,True,False,False,97,0,1,800000,800000,84,86,77,62,84,92,89,85,85,67,21,15,14,13,26,16,20,26,18,10
775553036,IND,Colts,553388344,Danielle Hunter,REDGE,91,88,88,2,29,77,263,9,True,False,False,97,0,4,7000000,2250000,88,89,83,82,90,15,6,6,6,46,36,10,3,2,87,38,50,86,28,92
775553036,IND,Colts,553386517,Leonard Floyd,REDGE,56,78,78,0,31,77,240,8,True,False,False,97,0,1,800000,800000,85,87,83,76,85,22,6,6,6,41,55,15,5,5,79,52,57,75,28,80
775553036,IND,Colts,553388170,Damien Woody,RG,67,91,91,1,23,75,320,1,True,False,False,97,0,4,7800000,2250000,63,72,68,93,92,15,10,10,10,58,40,30,12,11,26,11,11,23,28,21
775553036,IND,Colts,553386507,Daniel Brunskill,RG,60,75,75,0,30,77,300,7,True,False,False,97,0,1,800000,800000,72,65,60,81,83,27,6,6,6,49,53,39,29,21,33,12,15,20,23,10
775553036,IND,Colts,553386681,Amarius Mims,RT,75,84,84,1,21,80,340,0,True,False,False,97,0,3,5250000,2000000,70,73,70,91,77,13,12,11,6,48,49,35,31,24,35,12,11,45,83,31
775553036,IND,Colts,553386294,Morgan Moses,RT,78,83,83,0,33,78,320,10,True,False,False,97,0,1,800000,800000,66,50,55,89,94,30,6,6,6,45,35,15,5,5,30,12,15,20,30,10
775553036,IND,Colts,553388124,Maxie Baughan,SAM,55,96,96,2,22,73,227,1,True,False,False,97,0,4,10000000,4000000,82,86,80,84,94,10,6,6,6,52,68,36,32,28,96,73,76,93,72,68
775553036,IND,Colts,553389047,Tyus Bowser,SAM,57,68,68,0,29,75,242,7,True,False,False,97,0,1,800000,800000,82,87,80,75,73,23,6,6,6,52,63,23,13,7,76,53,59,70,21,77
775553036,IND,Colts,553386542,Reggie Nelson,SS,26,99,99,1,21,72,207,1,True,False,False,97,0,5,20000000,6500000,89,90,88,80,95,35,40,42,40,74,81,22,12,10,96,93,96,92,90,88
775553036,IND,Colts,553388156,Harrison Smith,SS,32,87,87,2,35,74,211,12,True,False,False,97,0,2,1600000,850000,87,88,88,73,90,25,10,10,10,66,82,15,13,10,79,73,84,71,75,50
775553036,IND,Colts,553389064,Tony Gonzalez,TE,88,99,99,3,21,77,245,1,True,False,False,97,0,1,4500000,9000000,82,83,80,90,98,10,10,10,10,88,95,88,87,85,40,20,20,35,20,25
775553036,IND,Colts,553388022,Evan Engram,TE,17,88,88,2,29,75,240,7,True,False,False,97,0,3,3450000,1250000,88,90,87,66,91,28,23,18,14,75,97,75,72,70,42,24,31,32,33,28
775553036,IND,Colts,553388350,Isaiah Likely,TE,80,77,77,1,24,76,241,2,True,False,False,97,0,1,800000,800000,83,87,81,66,70,24,21,15,11,74,83,72,74,64,36,25,30,33,30,30
775553036,IND,Colts,553388423,Payne Durham,TE,87,63,63,0,24,78,253,1,True,False,True,97,0,0,0,0,77,84,80,73,59,20,25,20,14,72,78,61,55,49,44,14,21,39,23,10
775553036,IND,Colts,553388019,Dont'a Hightower,WILL,54,92,92,2,22,75,260,1,True,False,False,97,0,2,3900000,2250000,80,85,76,87,91,16,10,13,11,73,62,25,20,16,94,63,74,92,85,72
775553036,IND,Colts,553387102,Oren Burks,WILL,42,72,72,0,29,75,233,6,True,False,False,97,0,1,800000,800000,88,87,84,69,73,16,6,6,6,63,70,15,5,5,83,66,72,63,19,60
775553036,IND,Colts,553387741,Torry Holt,WR,81,97,97,2,22,72,200,1,True,False,False,97,0,1,7500000,15000000,95,96,96,66,94,47,38,32,27,89,96,94,98,97,27,13,17,26,22,10
775553036,IND,Colts,553386421,Deebo Samuel Sr,WR,1,91,91,2,21,72,215,1,True,False,False,97,0,1,1750000,2500000,92,93,89,80,93,44,32,27,21,78,93,90,87,84,46,21,29,43,79,11
775553036,IND,Colts,553386903,Vincent Jackson,WR,83,89,89,2,22,77,241,1,True,False,False,97,0,4,6200000,1750000,89,88,86,82,92,25,20,20,15,87,94,88,94,94,50,40,45,50,40,45
775553036,IND,Colts,553388543,Jerry Jeudy,WR,3,83,83,1,25,73,193,4,True,False,False,97,0,2,2300000,1250000,91,94,93,64,80,27,20,15,10,75,85,83,83,84,33,23,31,28,23,10
775553036,IND,Colts,553388915,Josh Downs,WR,89,80,80,1,23,70,175,1,True,False,False,97,0,1,7850000,7850000,90,93,91,51,78,54,46,40,39,75,89,83,82,77,22,10,10,22,37,10
775553036,IND,Colts,553386601,Marvin Mims Jr,WR,19,79,79,1,22,71,182,1,True,False,False,97,0,3,2400000,850000,92,94,88,55,79,29,20,15,10,77,87,80,82,80,23,10,14,24,23,10
775553036,IND,Colts,553386014,Isaiah McKenzie,WR,87,74,74,0,29,68,173,7,True,False,False,97,0,1,800000,800000,92,93,92,53,69,38,27,20,15,72,81,72,72,72,22,15,24,22,25,10
775553036,IND,Colts,553386416,Tyquan Thornton,WR,89,70,70,0,24,74,182,2,True,False,True,97,0,0,0,0,96,91,82,55,69,44,38,31,22,76,81,71,73,75,19,12,18,21,74,10
775553036,IND,Colts,553388036,Tahj Washington,WR,82,68,68,0,23,70,174,0,True,False,True,97,0,0,0,0,88,87,89,53,48,22,15,10,6,76,82,72,73,74,20,10,17,25,22,10
775553036,IND,Colts,553387875,Matt Landers,WR,89,65,65,0,25,76,200,1,True,False,True,97,0,0,0,0,92,92,88,56,59,28,20,15,10,71,78,65,66,67,26,10,15,29,23,10
775553036,IND,Colts,553388369,Kwamie Lassiter II,WR,13,63,63,0,26,71,185,2,True,False,True,97,0,0,0,0,88,88,79,57,47,35,34,29,26,68,76,64,66,65,25,34,32,25,25,10
775553037,WAS,Commanders,553388174,Jason Kelce,C,62,99,99,2,21,75,295,1,True,False,False,97,0,5,20000000,6500000,67,81,75,94,95,13,6,6,5,70,45,35,30,28,70,22,28,65,50,45
775553037,WAS,Commanders,553386171,Alex Forsyth,C,54,64,64,0,25,76,312,1,True,False,False,97,0,1,800000,800000,66,65,54,86,73,25,6,6,6,23,34,31,21,15,34,12,13,31,22,10
775553037,WAS,Commanders,553386652,Troy Vincent,CB,23,99,99,2,21,72,192,1,True,False,False,97,0,7,36630000,15000000,96,95,95,84,94,24,22,13,11,75,78,45,40,35,90,95,93,85,78,95
775553037,WAS,Commanders,553388339,A.J. Terrell Jr,CB,36,90,90,2,25,73,195,1,True,False,False,97,0,2,4000000,3000000,92,92,89,60,92,22,6,6,6,58,70,31,26,20,56,90,92,49,22,43
775553037,WAS,Commanders,553388666,Kenny Moore II,CB,38,87,87,1,22,69,190,1,True,False,False,97,0,4,6200000,1750000,91,92,88,61,89,17,6,6,6,53,77,38,28,21,70,87,89,59,27,56
775553037,WAS,Commanders,553389095,Julius Brents,CB,29,76,76,1,24,75,198,1,True,False,False,97,0,2,1600000,850000,88,95,94,52,70,22,24,18,15,61,68,20,10,10,66,68,79,49,31,47
775553037,WAS,Commanders,553385993,Kristian Fulton,CB,7,73,73,0,25,71,197,4,True,False,False,97,0,1,800000,800000,90,90,87,59,77,24,6,6,6,56,61,32,24,16,45,72,76,52,31,36
775553037,WAS,Commanders,553388715,Chase Lucas,CB,26,65,65,0,27,72,176,2,True,False,True,97,0,0,0,0,90,94,90,54,61,25,16,13,11,66,62,37,30,24,46,63,68,42,29,30
775553037,WAS,Commanders,553387217,Kris Jenkins,DT,91,94,94,2,22,76,349,1,True,False,False,97,0,2,9000000,7500000,70,76,66,97,90,12,6,6,6,72,52,30,26,22,95,28,30,94,97,81
775553037,WAS,Commanders,553387865,Otis Sistrunk,DT,60,88,88,1,21,74,265,1,True,False,False,97,0,3,5250000,2000000,72,78,68,90,86,20,6,6,6,68,56,25,20,18,94,25,28,88,92,79
775553037,WAS,Commanders,553387243,Jay Tufele,DT,96,69,69,0,25,75,305,3,True,False,False,97,0,1,800000,800000,72,75,59,88,63,23,6,6,6,27,25,10,7,3,85,16,21,69,67,67
775553037,WAS,Commanders,553387281,Lorenzo Neal,FB,26,98,98,2,21,73,255,1,True,False,False,97,0,1,1550000,1750000,82,90,77,80,87,30,20,15,15,88,60,55,50,45,45,30,28,40,35,25
775553037,WAS,Commanders,553386691,Justin Simmons,FS,37,90,90,2,30,74,202,8,True,False,False,97,0,2,3900000,2250000,87,90,93,66,94,26,15,10,10,62,81,22,12,10,67,78,89,67,66,36
775553037,WAS,Commanders,553387847,Eddie Jackson,FS,4,81,81,1,30,72,206,7,True,False,False,97,0,3,2400000,850000,90,89,84,62,86,21,6,6,6,74,77,52,42,37,65,69,82,53,76,41
775553037,WAS,Commanders,553386607,Evan Williams,FS,33,69,69,0,23,71,200,0,True,False,True,97,0,0,0,0,86,90,81,62,64,25,15,10,10,61,68,25,23,18,71,70,65,60,22,54
775553037,WAS,Commanders,553388060,Russ Yeast,FS,2,69,69,0,25,70,195,2,True,False,True,97,0,0,0,0,86,90,89,62,72,25,15,10,10,59,67,25,23,18,61,64,70,47,38,54
775553037,WAS,Commanders,553386469,Emmitt Smith,HB,24,99,99,3,21,69,221,1,True,False,False,97,0,2,9000000,4500000,87,93,95,89,99,26,25,23,20,99,83,87,72,76,43,18,25,44,28,19
775553037,WAS,Commanders,553387734,Lenny Moore,HB,21,99,99,2,22,72,190,1,True,False,False,97,0,2,6000000,5000000,94,93,92,78,92,28,30,28,20,93,90,94,85,65,30,30,35,65,65,90
775553037,WAS,Commanders,553387819,Ahmad Bradshaw,HB,34,93,93,1,21,70,214,1,True,False,False,97,0,4,5400000,1500000,91,94,92,75,85,40,45,35,30,92,81,86,70,55,30,30,35,55,40,88
775553037,WAS,Commanders,553386407,Joe Perry,HB,39,88,88,1,22,71,205,1,True,False,False,97,0,3,2850000,1000000,88,92,86,90,90,30,35,30,25,90,81,85,71,50,25,25,30,60,70,80
775553037,WAS,Commanders,553388309,Tyler Allgeier,HB,22,81,81,1,24,71,220,2,True,False,False,97,0,1,800000,800000,86,89,83,80,83,30,20,15,10,96,67,54,47,38,40,17,25,34,36,17
775553037,WAS,Commanders,553388375,Tyrion Davis-Price,HB,35,69,69,0,23,73,219,2,True,False,True,97,0,0,0,0,90,93,86,78,66,28,20,15,10,86,61,51,42,35,35,11,16,28,26,10
775553037,WAS,Commanders,553387256,Jan Stenerud,K,3,93,93,2,22,73,190,1,True,False,False,97,0,4,5400000,1500000,20,22,30,25,91,20,20,20,20,23,28,16,16,16,24,12,12,17,21,10
775553037,WAS,Commanders,553387568,Will Anderson Jr,LEDGE,51,84,84,1,22,76,243,1,True,False,False,97,0,2,3800000,2250000,87,90,85,84,82,21,6,6,6,50,59,20,15,10,85,31,40,84,36,84
775553037,WAS,Commanders,553388674,Drake Jackson,LEDGE,95,74,74,0,23,75,273,2,True,False,False,97,0,1,800000,800000,84,90,83,75,68,26,6,6,6,47,50,14,7,5,77,36,47,67,35,78
775553037,WAS,Commanders,553387168,Javon Solomon,LEDGE,96,69,69,0,23,73,246,0,True,False,True,97,0,0,0,0,82,84,75,77,70,22,6,6,6,33,47,10,6,5,79,36,40,70,29,72
775553037,WAS,Commanders,553386322,Micheal Clemons,LEDGE,72,68,68,0,27,77,281,2,True,False,True,97,0,0,0,0,77,84,74,80,69,23,20,15,10,28,30,10,8,4,80,20,28,76,32,58
775553037,WAS,Commanders,553387309,Jesse Sapolu,LG,61,97,97,2,22,76,278,1,True,False,False,97,0,3,19340000,2500000,63,70,68,95,94,25,6,6,6,65,40,12,5,1,45,10,12,65,40,30
775553037,WAS,Commanders,553386114,Ben Powers,LG,74,76,76,0,27,76,310,5,True,False,False,97,0,1,800000,800000,71,70,61,82,84,25,6,6,6,40,37,15,5,5,38,12,12,33,78,10
775553037,WAS,Commanders,553388362,Walter Jones,LT,71,98,98,3,25,77,325,1,True,False,False,97,0,6,51310000,9000000,66,72,64,96,97,8,6,6,5,78,34,22,20,18,42,63,59,45,20,38
775553037,WAS,Commanders,553387919,Charles Cross,LT,67,82,82,1,23,77,311,2,True,False,False,97,0,4,4600000,1250000,74,75,55,84,84,23,6,6,6,25,20,15,10,5,25,10,10,22,26,10
775553037,WAS,Commanders,553386630,Brian Cushing,MIKE,56,98,98,2,22,75,255,1,True,False,False,97,0,4,18000000,8500000,85,89,82,88,94,12,10,9,8,78,74,17,12,9,98,65,74,93,86,74
775553037,WAS,Commanders,553386893,Ernest Jones,MIKE,53,83,83,1,24,74,230,3,True,False,False,97,0,3,2400000,850000,84,87,72,74,84,22,6,6,6,62,66,38,32,27,92,62,65,81,80,45
775553037,WAS,Commanders,553387776,Ben Niemann,MIKE,58,68,68,0,29,74,235,6,True,False,False,97,0,1,800000,800000,83,81,80,71,65,26,6,6,6,42,47,18,9,5,87,57,66,68,73,57
775553037,WAS,Commanders,553388107,Darius Muasau,MIKE,50,67,67,0,23,73,230,0,True,False,True,97,0,0,0,0,82,88,76,63,66,21,13,11,6,58,70,23,13,7,77,71,70,65,74,67
775553037,WAS,Commanders,553388396,Cameron Johnston,P,5,74,74,0,32,71,194,6,True,False,False,97,0,2,1900000,1000000,76,74,61,48,59,28,15,15,15,25,30,10,10,10,35,21,29,26,26,10
775553037,WAS,Commanders,553389116,Ken Stabler,QB,12,99,99,2,26,74,215,1,True,False,False,97,0,5,50000000,20000000,75,74,78,65,92,98,96,96,96,70,53,29,21,18,22,10,12,17,23,10
775553037,WAS,Commanders,553387707,Bart Starr,QB,15,97,97,3,22,73,193,1,True,False,False,97,0,5,50000000,10000000,72,75,74,66,99,96,95,95,87,72,32,28,25,20,48,10,10,15,20,10
775553037,WAS,Commanders,553386585,Kordell Stewart,QB,10,83,83,2,22,73,218,1,True,False,False,97,0,1,800000,800000,89,91,90,72,84,90,88,88,84,77,24,18,17,15,28,12,18,21,28,9
775553037,WAS,Commanders,553387451,Kurt Benkert,QB,6,69,69,1,22,75,218,1,True,False,True,97,0,0,0,0,72,75,76,55,80,85,82,80,78,49,20,15,14,12,24,12,15,23,81,10
775553037,WAS,Commanders,553387535,Calais Campbell,REDGE,93,91,91,2,21,78,300,1,True,False,False,97,0,3,13500000,8000000,85,82,80,88,88,35,6,6,6,60,65,50,50,45,92,65,60,88,95,90
775553037,WAS,Commanders,553388790,Matthew Butler,REDGE,97,77,77,0,25,76,295,2,True,False,False,97,0,1,800000,800000,72,82,54,80,77,23,6,6,6,37,36,29,25,20,83,14,17,71,93,63
775553037,WAS,Commanders,553386678,Tyree Wilson,REDGE,90,71,71,0,24,78,271,1,True,False,True,97,0,0,0,0,81,87,76,85,72,22,6,6,6,45,49,10,8,5,82,35,45,73,17,60
775553037,WAS,Commanders,553388295,Davin Joseph,RG,75,97,97,1,22,75,313,1,True,False,False,97,0,4,7000000,2250000,60,70,75,95,90,46,45,43,41,55,50,42,37,33,45,10,11,44,76,34
775553037,WAS,Commanders,553389081,Will Hernandez,RG,76,80,80,0,28,74,332,6,True,False,False,97,0,1,800000,800000,68,70,61,94,81,22,6,6,6,25,17,10,10,10,27,10,10,24,31,10
775553037,WAS,Commanders,553388061,Jim Parker,RT,77,99,99,3,22,75,273,1,True,False,False,97,0,3,15000000,10000000,70,78,74,96,99,10,6,6,6,72,52,34,28,24,34,9,12,25,22,15
775553037,WAS,Commanders,553386331,Dawand Jones,RT,79,79,79,1,23,80,375,1,True,False,False,97,0,1,800000,800000,61,65,42,95,79,15,6,6,6,33,22,10,5,5,40,9,9,42,25,10
775553037,WAS,Commanders,553387635,Devin Bush,SAM,30,76,76,0,26,71,234,5,True,False,False,97,0,3,4650000,1750000,89,91,84,74,77,14,6,6,6,56,63,13,5,5,87,65,68,65,75,62
775553037,WAS,Commanders,553386238,Jabril Cox,SAM,41,70,70,0,26,75,233,3,True,False,False,97,0,1,800000,800000,88,91,83,65,66,48,45,37,31,45,69,18,9,5,80,66,73,62,30,61
775553037,WAS,Commanders,553388676,Roy Williams,SS,31,94,94,1,22,72,220,1,True,False,False,97,0,4,7800000,2250000,89,84,87,78,86,27,15,10,10,98,76,19,10,10,93,80,91,90,21,46
775553037,WAS,Commanders,553388343,Jonathan Owens,SS,33,75,75,0,29,71,210,5,True,False,False,97,0,1,800000,800000,91,92,84,66,76,18,6,6,6,67,68,37,33,29,72,62,71,48,80,30
775553037,WAS,Commanders,553386422,Greg Olsen,TE,88,99,99,1,25,77,255,1,True,False,False,97,0,4,10000000,4000000,85,84,82,80,95,20,15,15,15,88,97,92,92,90,45,12,12,31,40,18
775553037,WAS,Commanders,553386852,Pat Freiermuth,TE,9,84,84,1,25,77,258,3,False,False,False,16,2,2,2300000,1250000,83,83,77,78,82,30,50,15,10,78,94,76,74,66,58,32,41,55,20,44
775553037,WAS,Commanders,553386669,Adam Trautman,TE,82,73,73,0,27,77,253,4,True,False,False,97,0,1,800000,800000,82,84,85,74,65,65,61,55,47,77,83,67,64,55,33,13,19,31,23,10
775553037,WAS,Commanders,553388038,Bud Dupree,WILL,48,89,89,1,20,77,265,1,True,False,False,97,0,4,7000000,2000000,89,88,85,87,83,33,6,6,6,65,60,60,55,50,92,70,72,89,88,82
775553037,WAS,Commanders,553386776,Anthony Nelson,WILL,98,70,70,0,27,79,271,5,True,False,False,97,0,1,800000,800000,81,85,81,77,72,22,6,6,6,33,47,14,7,3,81,37,44,75,24,67
775553037,WAS,Commanders,553386775,Michael Barrett,WILL,57,69,69,0,24,72,232,0,True,False,False,97,0,1,800000,800000,82,86,74,63,72,24,23,18,13,56,62,32,25,20,76,65,76,61,29,65
775553037,WAS,Commanders,553387874,Brennan Jackson,WILL,44,68,68,0,23,76,264,0,True,False,True,97,0,0,0,0,83,88,70,80,71,25,10,8,6,42,50,22,16,11,78,39,45,72,78,69
775553037,WAS,Commanders,553386447,David Ojabo,WILL,90,65,65,1,24,76,255,2,True,False,True,97,0,0,0,0,87,90,86,78,65,20,6,6,6,32,32,10,3,2,81,34,42,65,26,73
775553037,WAS,Commanders,553388032,Fred Biletnikoff,WR,25,99,99,3,22,72,190,1,True,False,False,97,0,4,24000000,12000000,90,93,95,74,99,54,52,49,46,90,98,99,98,94,44,10,10,23,36,10
775553037,WAS,Commanders,553388850,Cris Carter,WR,86,94,94,2,21,73,205,1,True,False,False,97,0,2,3500000,2000000,85,85,89,74,97,42,30,27,19,88,98,97,98,92,29,18,16,20,21,10
775553037,WAS,Commanders,553387647,Mark Clayton,WR,83,89,89,1,22,73,192,1,True,False,False,97,0,3,3450000,1250000,90,91,88,70,94,24,5,5,5,83,94,88,90,93,25,45,40,20,15,20
775553037,WAS,Commanders,553388520,Michael Pittman Jr,WR,11,86,86,1,26,76,223,4,True,False,False,97,0,2,1900000,1000000,89,88,85,71,90,48,39,33,28,71,93,86,84,78,55,14,20,41,73,10
775553037,WAS,Commanders,553386213,Ja'Lynn Polk,WR,1,74,74,1,22,74,203,0,True,False,False,97,0,1,800000,800000,88,90,89,62,71,27,25,20,15,75,87,73,72,76,30,11,22,30,24,10
775553037,WAS,Commanders,553387683,Isaiah Williams,WR,83,67,67,0,23,73,206,0,True,False,True,97,0,0,0,0,87,92,91,59,64,67,60,58,54,76,81,69,67,64,24,10,15,23,29,10
775553051,NE,Condors,553388055,Drew Dalman,C,67,80,80,0,25,75,300,3,True,False,False,97,0,4,6200000,1750000,71,76,69,87,86,15,6,6,6,34,25,15,5,5,32,9,11,27,28,10
775553051,NE,Condors,553386395,Liam Eichenberg,C,69,67,67,0,26,77,306,3,True,False,False,97,0,1,800000,800000,68,70,66,85,78,21,6,6,6,24,24,10,8,5,26,12,15,17,30,10
775553051,NE,Condors,553388439,Ronde Barber,CB,20,99,99,2,22,70,184,1,True,False,False,97,0,2,18000000,18000000,96,98,96,75,94,27,6,6,6,73,91,65,35,33,89,98,96,84,52,67
775553051,NE,Condors,553387043,Brent Grimes,CB,24,92,92,1,22,70,185,1,True,False,False,97,0,2,4000000,3000000,89,91,92,61,95,30,10,10,10,63,86,39,33,25,58,93,95,41,34,47
775553051,NE,Condors,553388913,Jimmy Smith,CB,21,91,91,1,22,74,210,1,True,False,False,97,0,3,5250000,2000000,91,92,86,78,88,21,6,6,6,54,68,31,27,23,82,91,91,72,36,42
775553051,NE,Condors,553388935,Roger McCreary,CB,23,82,82,1,24,71,190,2,True,False,False,97,0,2,2300000,1250000,89,91,87,65,81,39,31,28,24,63,72,38,33,29,64,86,82,53,21,47
775553051,NE,Condors,553388508,Elijah Jones,CB,28,72,72,0,24,74,184,0,True,False,False,97,0,2,1800000,800000,92,93,82,48,61,23,21,19,15,57,77,23,16,10,65,74,67,43,19,35
775553051,NE,Condors,553386078,Zyon McCollum,CB,27,69,69,0,25,74,199,2,True,False,True,97,0,0,0,0,93,95,97,60,64,26,15,10,8,63,72,28,24,19,53,65,63,51,79,40
775553051,NE,Condors,553388551,Darrell Luter Jr,CB,28,68,68,0,24,72,190,1,True,False,True,97,0,0,0,0,90,92,87,50,65,10,8,6,5,58,66,50,45,40,61,65,70,50,27,35
775553051,NE,Condors,553389110,Faion Hicks,CB,30,64,64,0,25,70,192,2,True,False,True,97,0,0,0,0,89,94,87,53,57,24,6,6,6,51,59,24,20,16,44,66,61,41,27,30
775553051,NE,Condors,553388417,Kalon Barnes,CB,31,64,64,0,25,72,186,2,True,False,True,97,0,0,0,0,96,93,86,50,54,33,17,14,12,59,69,44,37,35,47,61,66,42,83,57
775553051,NE,Condors,553388302,Tiawan Mullen,CB,41,63,63,0,24,68,181,1,True,False,True,97,0,0,0,0,92,92,85,57,61,29,29,24,18,54,71,27,23,21,59,62,64,42,33,33
775553051,NE,Condors,553389142,Cam Brown,CB,38,62,62,0,24,72,199,1,True,False,True,97,0,0,0,0,87,87,80,56,70,27,6,6,6,60,60,52,50,45,42,62,66,44,35,36
775553051,NE,Condors,553388205,Cortez Kennedy,DT,96,96,96,3,22,75,306,1,True,False,False,97,0,3,15000000,10000000,68,76,66,97,92,5,6,6,6,33,30,13,5,3,97,22,30,96,96,80
775553051,NE,Condors,553388806,Brandon Mebane,DT,92,88,88,1,22,73,311,1,True,False,False,97,0,2,3500000,2000000,67,78,64,94,84,4,3,2,1,45,30,10,3,2,90,20,26,90,91,68
775553051,NE,Condors,553388636,Dalvin Tomlinson,DT,94,76,76,1,30,75,325,7,True,False,False,97,0,3,4050000,1500000,70,67,60,89,87,23,6,6,6,27,34,13,5,3,83,22,29,74,21,65
775553051,NE,Condors,553386653,Keondre Coburn,DT,91,70,70,0,24,74,332,1,True,False,False,97,0,1,800000,800000,65,73,65,90,71,12,7,6,5,22,25,10,6,5,80,9,10,73,22,45
775553051,NE,Condors,553388727,Kenyan Drake,FB,44,70,70,0,30,73,216,8,True,False,False,97,0,2,1900000,1000000,90,86,87,65,70,26,26,27,20,85,69,65,61,53,33,14,19,26,27,12
775553051,NE,Condors,553387259,Tommy Myers,FS,37,89,89,1,22,72,190,1,True,False,False,97,0,2,3900000,2250000,87,86,82,68,92,30,33,28,24,65,76,65,49,43,80,74,92,66,42,54
775553051,NE,Condors,553386575,Jalen Pitre,FS,25,81,81,1,25,71,198,2,True,False,False,97,0,2,1600000,850000,90,93,91,62,80,23,15,12,11,63,74,30,25,20,61,75,83,52,68,48
775553051,NE,Condors,553387307,Verone McKinley III,FS,39,65,65,0,24,70,195,2,True,False,True,97,0,0,0,0,83,88,80,57,70,21,15,10,8,63,76,28,25,21,58,63,69,48,78,35
775553051,NE,Condors,553388659,Ottis Anderson,HB,32,99,99,2,21,74,220,1,True,False,False,97,0,4,5400000,1500000,91,93,90,85,94,29,25,20,15,97,78,70,67,61,30,20,25,40,30,28
775553051,NE,Condors,553386925,Matt Forte,HB,22,95,95,2,20,74,218,1,True,False,False,97,0,2,3800000,2250000,91,93,95,76,91,26,22,20,18,92,85,78,74,68,45,34,42,48,22,29
775553051,NE,Condors,553386282,Rachaad White,HB,1,81,81,1,25,72,214,2,True,False,False,97,0,3,2400000,850000,90,92,87,71,81,26,20,15,10,89,76,70,63,57,30,12,17,26,22,10
775553051,NE,Condors,553386670,Elijah Mitchell,HB,38,80,80,1,26,70,200,3,True,False,False,97,0,4,9800000,800000,90,91,87,71,75,27,20,17,12,94,69,64,57,50,27,13,18,24,31,12
775553051,NE,Condors,553386135,Jashaun Corbin,HB,35,66,66,0,24,72,221,2,True,False,True,97,0,0,0,0,87,91,83,62,63,28,22,16,13,85,68,64,57,51,39,19,26,33,31,10
775553051,NE,Condors,553386764,Greg Zuerlein,K,17,81,81,0,36,72,187,12,True,False,False,97,0,3,2850000,1000000,71,73,60,38,72,28,35,30,25,39,35,10,10,10,23,12,12,13,21,10
775553051,NE,Condors,553388937,Eddie Edwards,LEDGE,73,90,90,0,22,77,256,21,True,False,False,97,0,4,7000000,2250000,85,84,82,90,88,27,6,6,6,36,40,14,6,3,92,50,55,85,90,88
775553051,NE,Condors,553388384,William Gholston,LEDGE,97,74,74,0,33,78,281,11,True,False,False,97,0,1,800000,800000,72,72,72,84,77,35,6,6,6,46,39,10,3,2,87,24,47,72,78,55
775553051,NE,Condors,553387075,Dalton Risner,LG,61,76,76,1,29,77,312,5,True,False,False,97,0,3,14150000,1750000,70,64,61,86,86,26,6,6,6,34,31,15,6,5,44,12,12,36,29,24
775553051,NE,Condors,553386825,Joshua Ezeudu,LG,75,71,71,0,24,76,308,2,True,False,False,97,0,1,800000,800000,66,72,58,81,73,16,6,6,6,35,23,10,5,5,21,9,10,20,22,10
775553051,NE,Condors,553388214,Tristan Wirfs,LT,78,98,98,2,25,77,320,4,True,False,False,97,0,4,10000000,4000000,77,78,64,91,95,11,6,6,6,36,37,15,5,5,38,12,13,25,20,10
775553051,NE,Condors,553387204,Patrick Paul,LT,74,75,75,1,22,80,331,0,True,False,False,97,0,3,2400000,850000,68,73,63,90,70,32,14,11,11,35,33,23,21,11,44,14,11,41,24,35
775553051,NE,Condors,553388003,Kellen Diesch,LT,72,62,62,0,27,79,300,2,True,False,True,97,0,0,0,0,76,82,59,81,67,21,15,12,9,47,45,38,32,25,38,11,10,42,28,27
775553051,NE,Condors,553386671,Patrick Willis,MIKE,52,99,99,3,21,73,240,1,True,False,False,97,0,4,24000000,12000000,91,93,85,89,95,22,7,6,5,88,72,38,30,25,99,72,88,96,84,75
775553051,NE,Condors,553387245,Jack Reynolds,MIKE,46,93,93,2,22,73,232,1,True,False,False,97,0,4,7000000,2000000,80,84,78,86,92,20,6,6,6,74,64,34,30,28,96,72,73,90,72,68
775553051,NE,Condors,553387742,Jack Campbell,MIKE,41,78,78,1,24,77,249,1,True,False,False,97,0,1,800000,800000,84,90,87,76,78,25,6,6,6,58,69,19,12,7,88,58,61,77,22,49
775553051,NE,Condors,553388450,Owen Pappoe,MIKE,51,67,67,0,23,72,225,1,True,False,True,97,0,0,0,0,89,92,77,77,65,24,22,17,12,55,62,15,10,8,76,66,61,61,20,60
775553051,NE,Condors,553388373,Bryce Baringer,P,12,72,72,0,25,75,215,1,True,False,False,97,0,2,1900000,1000000,73,75,67,50,58,38,33,31,26,40,28,15,15,15,32,10,10,26,24,10
775553051,NE,Condors,553386457,Russell Wilson,QB,9,96,96,3,22,71,206,1,True,False,False,97,0,5,50000000,20000000,85,89,88,66,94,94,95,93,92,88,68,31,21,11,26,15,14,16,19,10
775553051,NE,Condors,553387651,Tim Tebow,QB,15,72,72,3,22,75,245,24,True,False,False,97,0,1,800000,800000,84,86,78,82,87,83,84,78,70,82,40,40,36,30,40,25,30,20,25,20
775553051,NE,Condors,553388258,Richard Seymour,REDGE,93,96,96,3,22,78,317,1,True,False,False,97,0,5,75100000,15000000,77,82,71,96,95,11,6,6,6,68,58,17,17,17,96,45,55,96,95,81
775553051,NE,Condors,553388707,A.J. Epenesa,REDGE,57,74,74,0,25,78,260,4,True,False,False,97,0,1,800000,800000,79,75,76,85,86,24,6,6,6,51,53,26,22,15,76,20,28,79,39,71
775553051,NE,Condors,553386144,DeMarvin Leal,REDGE,98,67,67,0,24,76,290,2,True,False,True,97,0,0,0,0,73,78,77,74,72,20,9,9,9,35,44,26,24,20,76,24,28,67,73,71
775553051,NE,Condors,553388987,Larry Little,RG,66,98,98,3,22,75,255,1,True,False,False,97,0,2,9000000,7500000,67,68,70,94,94,30,6,6,6,60,24,11,6,5,45,20,25,50,30,30
775553051,NE,Condors,553388010,Trevor Keegan,RG,79,67,67,0,24,78,305,0,True,False,False,97,0,1,800000,800000,64,72,60,85,70,22,15,11,11,25,31,10,5,5,34,10,10,21,22,15
775553051,NE,Condors,553388134,Lou Creekmur,RT,76,97,97,3,21,74,246,1,True,False,False,97,0,4,18000000,8500000,66,72,70,96,96,15,10,10,10,60,38,15,15,15,32,12,15,20,20,10
775553051,NE,Condors,553387264,Justin Skule,RT,77,65,65,0,27,78,315,5,True,False,False,97,0,1,800000,800000,65,65,65,85,72,18,6,6,6,22,28,22,13,7,32,12,12,30,72,17
775553051,NE,Condors,553387015,Carl Banks,SAM,58,96,96,2,21,75,235,1,True,False,False,97,0,2,6000000,5000000,84,86,78,88,92,22,10,6,6,68,68,54,48,42,94,70,82,93,80,72
775553051,NE,Condors,553386241,Dennis Gardeck,SAM,45,71,71,0,30,72,232,6,True,False,False,97,0,1,800000,800000,88,87,74,81,75,28,6,6,6,45,50,14,10,6,76,49,58,73,29,78
775553051,NE,Condors,553388646,Kam Chancellor,SS,31,99,99,3,22,75,225,1,True,False,False,97,0,3,13500000,8000000,90,91,84,86,92,20,6,6,6,85,76,32,22,17,94,78,91,84,78,62
775553051,NE,Condors,553387526,Andrew Wingard,SS,42,74,74,0,27,72,200,5,True,False,False,97,0,1,800000,800000,87,90,87,55,77,35,15,10,10,74,71,35,25,10,66,65,74,53,24,45
775553051,NE,Condors,553387492,George Kittle,TE,84,97,97,2,21,76,250,1,True,False,False,97,0,5,20000000,6500000,88,88,84,82,97,30,20,15,10,75,93,84,80,77,34,15,24,31,27,18
775553051,NE,Condors,553388247,Dallas Goedert,TE,88,86,86,1,21,77,256,1,True,False,False,97,0,3,3450000,1250000,86,87,83,78,83,27,15,10,5,76,88,78,73,69,37,10,17,30,28,10
775553051,NE,Condors,553386642,Daniel Bellinger,TE,16,78,78,0,23,77,253,2,True,False,False,97,0,4,12500000,800000,85,89,79,79,76,25,15,10,6,74,88,70,68,59,44,23,31,49,85,31
775553051,NE,Condors,553386146,Josh Whyle,TE,81,65,65,0,24,79,248,1,True,False,True,97,0,0,0,0,83,85,83,71,62,30,15,10,6,71,81,63,59,50,37,10,15,41,22,10
775553051,NE,Condors,553388161,Keena Turner,WILL,53,91,91,1,22,75,237,1,True,False,False,97,0,4,7800000,2250000,84,86,82,80,91,30,15,10,10,70,68,38,32,28,89,74,84,90,71,69
775553051,NE,Condors,553387735,Uchenna Nwosu,WILL,10,74,74,1,27,74,251,6,True,False,False,97,0,4,5600000,800000,83,87,82,73,83,18,6,6,6,47,63,15,5,5,79,47,60,76,75,76
775553051,NE,Condors,553386774,Jimmey Smith,WR,82,95,95,2,22,73,213,1,True,False,False,97,0,6,80500000,9000000,93,94,91,77,96,36,31,27,25,83,96,93,95,94,45,40,43,38,36,35
775553051,NE,Condors,553387861,Percy Harvin,WR,80,95,95,2,22,71,184,1,True,False,False,97,0,6,80500000,4500000,97,98,96,70,86,34,30,10,6,83,93,91,91,88,25,10,15,24,81,10
775553051,NE,Condors,553386540,Ahmad Rashad,WR,85,91,91,2,24,74,205,1,True,False,False,97,0,1,1750000,2500000,92,94,93,68,87,24,20,18,25,82,95,93,90,89,44,18,26,30,24,24
775553051,NE,Condors,553388115,Garrett Wilson,WR,5,86,86,1,24,72,192,2,True,False,False,97,0,3,4650000,1750000,92,93,93,56,86,26,19,15,12,73,93,85,84,86,22,14,21,20,34,10
775553051,NE,Condors,553387427,Marquise Brown,WR,87,82,82,1,21,69,180,1,True,False,False,97,0,4,4600000,1250000,95,93,95,44,77,22,15,10,5,72,90,80,83,83,18,17,27,19,22,10
775553051,NE,Condors,553389092,Tyler Boyd,WR,86,81,81,1,29,74,203,8,True,False,False,97,0,3,16400000,800000,88,90,85,63,77,52,43,38,33,71,96,84,85,81,24,16,24,39,22,11
775553051,NE,Condors,553388357,Zach Pascal,WR,81,72,72,0,29,74,215,7,True,False,False,97,0,1,800000,800000,90,91,83,72,74,46,30,24,20,75,84,76,74,71,31,19,18,28,79,10
775553039,MIA,Dolphins,553386296,Ryan Jensen,C,66,89,89,2,22,76,319,1,True,False,False,97,0,2,3900000,2250000,50,55,60,92,88,10,10,10,10,40,10,10,10,10,30,10,10,85,20,20
775553039,MIA,Dolphins,553388544,Dylan McMahon,C,63,67,67,0,23,76,305,0,True,False,False,97,0,1,800000,800000,69,75,75,80,73,25,21,19,13,35,25,15,9,5,36,9,9,29,71,10
775553039,MIA,Dolphins,553387636,Kenny Easley,CB,3,99,99,3,22,71,197,2,True,False,False,97,0,2,18000000,18000000,99,99,99,61,99,48,44,34,30,74,99,77,80,79,99,99,99,21,30,10
775553039,MIA,Dolphins,553386226,Rashean Mathis,CB,27,93,93,2,22,73,195,3,True,False,False,97,0,5,20000000,6500000,92,94,91,72,89,24,22,20,19,76,83,48,46,44,80,90,94,68,54,58
775553039,MIA,Dolphins,553388752,Tariq Woolen,CB,29,86,86,0,25,76,210,2,True,False,False,97,0,1,1550000,1750000,97,96,87,60,83,27,15,10,6,62,82,44,42,40,56,77,88,48,17,34
775553039,MIA,Dolphins,553388993,Akayleb Evans,CB,37,79,79,0,25,74,198,2,True,False,False,97,0,1,800000,800000,90,93,81,65,79,24,15,10,10,55,60,28,23,17,70,70,84,49,29,40
775553039,MIA,Dolphins,553388546,Emmanuel Moseley,CB,24,76,76,1,28,71,184,6,True,False,False,97,0,3,2400000,850000,91,92,87,65,77,25,6,6,6,53,54,20,10,10,49,73,81,47,21,42
775553039,MIA,Dolphins,553387844,Tyon Davis,CB,20,64,64,0,25,72,180,1,True,False,True,97,0,0,0,0,87,90,84,51,64,25,6,6,6,52,64,29,19,12,47,69,64,39,22,29
775553039,MIA,Dolphins,553387024,Bob Golic,DT,72,92,92,2,20,77,285,1,False,False,False,92,4,1,1750000,2500000,68,75,73,94,91,20,20,20,20,60,65,45,40,35,91,60,62,94,93,89
775553039,MIA,Dolphins,553386960,Dontari Poe,DT,92,86,86,2,22,75,346,11,True,False,False,97,0,3,5250000,2000000,65,75,70,92,86,20,6,6,6,40,32,15,7,3,87,15,20,89,91,87
775553039,MIA,Dolphins,553388440,Quinton Jefferson,DT,96,74,74,0,31,76,291,8,True,False,False,97,0,4,5400000,1500000,75,77,62,82,84,10,6,6,6,39,36,10,3,2,84,15,25,72,27,79
775553039,MIA,Dolphins,553389003,DeShawn Williams,DT,95,71,71,0,31,73,295,9,True,False,False,97,0,1,800000,800000,72,74,60,85,76,23,6,6,6,33,43,13,5,3,84,18,26,72,17,74
775553039,MIA,Dolphins,553386590,Cory Schlesinger,FB,44,99,99,1,22,72,245,1,True,False,False,97,0,4,5400000,1500000,80,82,75,85,88,20,15,15,15,78,65,40,35,30,30,12,13,24,76,10
775553039,MIA,Dolphins,553388539,Lawyer Milloy,FS,36,99,99,3,22,72,211,1,True,False,False,97,0,4,18000000,8500000,89,88,83,85,95,18,12,9,7,88,80,88,84,78,96,93,95,92,80,85
775553039,MIA,Dolphins,553386641,Marquise Blair,FS,38,78,78,0,27,73,196,5,True,False,False,97,0,1,800000,800000,89,91,85,60,75,27,6,6,6,62,67,42,34,29,75,72,79,57,31,29
775553039,MIA,Dolphins,553387209,Gale Sayers,HB,34,99,99,3,20,72,198,1,True,False,False,97,0,2,9000000,7500000,97,97,99,72,93,40,35,33,30,86,84,76,74,70,45,62,60,44,35,40
775553039,MIA,Dolphins,553386883,Ezekiel Elliott,HB,15,89,89,1,21,72,225,1,True,False,False,97,0,3,4050000,1500000,87,92,91,85,88,10,10,22,20,92,78,75,70,55,59,14,19,85,85,88
775553039,MIA,Dolphins,553387795,Marcus Allen,HB,28,86,86,0,22,72,215,2,True,False,False,97,0,3,2400000,850000,90,92,90,90,75,31,20,15,10,90,62,49,43,34,36,11,14,37,20,10
775553039,MIA,Dolphins,553388241,Ronnie Rivers,HB,20,63,63,0,25,69,195,2,True,False,True,97,0,0,0,0,88,91,86,63,53,30,25,22,20,77,69,65,60,52,29,15,20,25,21,16
775553039,MIA,Dolphins,553387991,Tyler Bass,K,2,77,77,1,27,70,183,4,True,False,False,97,0,2,1900000,1000000,80,82,63,40,65,27,35,30,25,33,35,10,10,10,29,12,12,13,24,10
775553039,MIA,Dolphins,553387266,Christopher Dunn,K,15,68,68,0,26,68,170,1,True,False,True,97,0,0,0,0,68,67,61,27,53,25,32,26,22,27,32,10,10,10,15,10,11,13,29,10
775553039,MIA,Dolphins,553387368,Caleb Shudak,K,6,65,65,0,26,67,177,2,True,False,True,97,0,0,0,0,73,75,60,27,49,33,36,30,23,27,32,10,10,10,21,15,15,13,21,10
775553039,MIA,Dolphins,553387191,Justin Madubuike,LEDGE,93,92,92,1,26,75,293,4,True,False,False,97,0,4,10000000,4000000,81,83,73,95,97,16,6,6,6,30,44,15,7,3,96,22,26,83,79,88
775553039,MIA,Dolphins,553386709,Marshawn Kneeland,LEDGE,98,78,78,1,23,75,267,0,True,False,False,97,0,1,800000,800000,81,84,79,78,78,34,6,6,6,24,26,10,3,2,83,31,32,84,55,80
775553039,MIA,Dolphins,553387530,Jordan Jackson,LEDGE,94,62,62,0,26,76,294,2,True,False,True,97,0,0,0,0,74,74,76,78,67,22,6,6,6,30,24,14,5,5,77,23,29,66,18,55
775553039,MIA,Dolphins,553387001,Rob Sims,LG,59,87,87,1,22,75,312,1,True,False,False,97,0,4,7000000,2000000,62,70,65,90,90,15,10,10,10,58,40,30,25,20,55,20,25,55,20,20
775553039,MIA,Dolphins,553387571,Netane Muti,LG,52,72,72,0,25,75,315,4,True,False,False,97,0,1,800000,800000,67,57,63,96,66,17,6,6,6,40,17,15,5,5,44,11,9,39,27,28
775553039,MIA,Dolphins,553388130,Orlando Pace,LT,76,99,99,3,22,79,325,1,True,False,False,97,0,3,15000000,10000000,69,76,72,98,99,20,15,10,6,72,44,30,26,24,50,20,21,53,71,41
775553039,MIA,Dolphins,553388767,Cameron Fleming,LT,73,73,73,0,31,78,320,10,True,False,False,97,0,1,800000,800000,65,58,50,84,83,32,6,6,6,45,49,10,5,5,40,10,12,45,22,40
775553039,MIA,Dolphins,553387516,Vederian Lowe,LT,59,63,63,0,25,78,320,2,True,False,True,97,0,0,0,0,65,75,57,82,72,19,6,6,6,24,21,17,7,5,29,8,9,33,71,21
775553039,MIA,Dolphins,553388100,Takeo Spikes,MIKE,40,96,96,1,22,74,242,1,True,False,False,97,0,2,4000000,3000000,82,80,80,85,93,14,6,6,6,25,70,60,55,50,95,88,90,90,88,85
775553039,MIA,Dolphins,553386626,Karlos Dansby,MIKE,56,91,91,1,22,76,250,1,True,False,False,97,0,2,3500000,2000000,83,86,70,86,90,23,5,5,5,56,79,34,26,20,90,64,99,84,81,81
775553039,MIA,Dolphins,553386561,Trevin Wallace,MIKE,42,76,76,1,21,74,241,0,True,False,False,97,0,1,800000,800000,89,88,81,70,74,50,47,44,42,64,66,38,24,12,80,74,73,81,68,67
775553039,MIA,Dolphins,553388611,Myles Jack,MIKE,54,72,72,0,28,73,255,8,True,False,False,97,0,1,800000,800000,87,86,86,74,75,22,26,22,20,76,70,64,54,48,83,57,63,69,19,60
775553039,MIA,Dolphins,553387868,Corey Bojorquez,P,13,83,83,1,28,72,217,6,True,False,False,97,0,3,2850000,1000000,70,74,63,41,73,34,30,25,20,33,24,14,12,10,28,12,17,24,34,10
775553039,MIA,Dolphins,553387740,John Elway,QB,7,99,99,3,20,75,215,1,True,False,False,97,0,5,50000000,20000000,85,84,82,78,99,97,94,94,98,72,50,55,60,60,30,30,35,20,20,25
775553039,MIA,Dolphins,553388083,Jake Plummer,QB,16,87,87,1,21,74,212,1,True,False,False,97,0,3,3450000,1250000,68,72,67,70,94,91,90,90,86,65,60,65,62,60,45,40,45,50,40,45
775553039,MIA,Dolphins,553388009,Jameis Winston,QB,4,81,81,1,20,76,231,1,True,False,False,97,0,1,800000,800000,77,73,71,70,78,94,84,86,88,70,35,28,26,24,38,12,15,18,18,15
775553039,MIA,Dolphins,553389012,Drew Lock,QB,2,64,64,0,21,76,228,1,True,False,True,97,0,0,0,0,83,86,80,68,67,89,81,76,75,56,42,29,23,17,22,14,16,20,31,10
775553039,MIA,Dolphins,553387562,John Abraham,REDGE,94,95,95,3,22,76,263,2,True,False,False,97,0,4,24000000,12000000,85,90,86,84,92,14,10,8,6,66,54,40,36,32,92,44,52,91,93,97
775553039,MIA,Dolphins,553387657,Haason Reddick,REDGE,97,85,85,2,29,73,240,7,True,False,False,97,0,4,4600000,1250000,86,88,87,81,89,25,6,6,6,77,70,52,44,35,83,58,62,74,30,86
775553039,MIA,Dolphins,553386844,Isaiah Thomas,REDGE,96,67,67,0,25,77,266,2,True,False,True,97,0,0,0,0,82,87,65,79,65,20,6,6,6,40,38,32,30,26,72,20,30,67,74,62
775553039,MIA,Dolphins,553387986,Shaq Mason,RG,69,82,82,1,31,73,310,9,True,False,False,97,0,3,4650000,1750000,72,71,64,87,87,30,6,6,6,45,40,15,5,5,44,12,15,20,34,10
775553039,MIA,Dolphins,553387082,Phil Haynes,RG,60,70,70,0,28,76,322,5,True,False,False,97,0,1,800000,800000,68,71,58,90,76,25,6,6,6,45,45,15,5,5,41,12,12,33,31,16
775553039,MIA,Dolphins,553388846,Jackie Slater,RT,78,99,99,3,22,76,277,1,True,False,False,97,0,1,4500000,9000000,68,74,70,96,99,11,6,6,6,74,27,15,5,5,35,12,13,25,73,10
775553039,MIA,Dolphins,553388192,Malaesala Aumavae-Laulu,RT,71,67,67,0,25,77,322,1,True,False,False,97,0,1,800000,800000,69,77,63,80,63,11,5,5,5,32,29,15,13,11,30,8,9,30,25,19
775553039,MIA,Dolphins,553386560,Wayne Walker,SAM,55,94,94,2,21,74,220,1,True,False,False,97,0,4,7000000,2250000,79,82,76,85,91,25,25,20,20,68,72,55,50,40,96,72,75,95,78,75
775553039,MIA,Dolphins,553386105,Arden Key,SAM,49,72,72,1,28,77,240,6,True,False,False,97,0,1,800000,800000,81,79,77,79,83,10,6,6,6,32,35,10,8,4,79,34,46,79,69,80
775553039,MIA,Dolphins,553387943,Roman Harper,SS,41,93,93,2,22,72,200,1,True,False,False,97,0,4,7800000,2250000,87,88,81,58,92,27,6,6,6,55,66,40,37,30,92,71,87,74,62,58
775553039,MIA,Dolphins,553388225,Tre'von Moehrig,SS,31,82,82,1,25,74,202,3,True,False,False,97,0,2,1600000,850000,90,90,82,61,84,22,6,6,6,64,75,38,36,32,75,73,83,57,69,44
775553039,MIA,Dolphins,553387261,Brenden Schooler,SS,41,62,62,0,27,73,205,2,True,False,True,97,0,0,0,0,92,91,91,64,54,27,20,16,13,62,71,50,48,44,61,60,62,47,26,42
775553039,MIA,Dolphins,553388434,Delanie Walker,TE,85,99,99,3,22,74,248,23,True,False,False,97,0,5,24770000,4500000,99,99,99,99,99,20,15,10,6,99,99,99,99,99,30,12,15,29,21,10
775553039,MIA,Dolphins,553387023,Luke Stocker,TE,86,82,82,0,22,77,253,20,True,False,False,97,0,1,800000,800000,80,87,74,77,73,53,48,44,40,69,74,65,60,55,31,13,20,37,22,17
775553039,MIA,Dolphins,553388644,Tucker Kraft,TE,80,71,71,0,23,77,259,1,False,False,False,85,5,1,800000,800000,82,87,81,76,72,52,44,39,35,71,84,67,61,51,53,26,35,49,31,41
775553039,MIA,Dolphins,553387122,Rickey Jackson,WILL,57,97,97,3,22,74,243,1,True,False,False,97,0,2,3800000,2250000,85,90,84,91,95,14,6,6,6,55,60,10,5,5,92,70,72,95,92,82
775553039,MIA,Dolphins,553387077,T.J. Edwards,WILL,53,84,84,1,28,73,242,5,True,False,False,97,0,2,2300000,1250000,85,85,81,72,87,42,39,36,32,65,72,15,5,5,92,69,76,75,72,57
775553039,MIA,Dolphins,553386315,Jonah Elliss,WILL,52,65,65,0,21,74,248,0,True,False,True,97,0,0,0,0,81,87,82,74,73,22,6,6,6,28,26,14,7,3,75,41,47,70,81,73
775553039,MIA,Dolphins,553386536,Cooper Kupp,WR,10,99,99,3,26,74,208,7,True,False,False,97,0,1,7500000,15000000,92,95,96,72,99,60,42,36,31,84,98,99,99,97,31,15,26,28,22,10
775553039,MIA,Dolphins,553388657,Wes Chandler,WR,83,93,93,2,22,75,198,1,True,False,False,97,0,2,6000000,5000000,92,93,90,78,92,28,20,15,10,87,96,90,92,96,30,60,44,40,45,90
775553039,MIA,Dolphins,553387410,Cordarrelle Patterson,WR,89,88,88,1,21,74,220,1,True,False,False,97,0,4,6200000,1750000,96,97,91,72,85,30,28,25,22,84,91,91,84,81,48,20,25,39,29,10
775553039,MIA,Dolphins,553386430,Chris Godwin,WR,14,87,87,1,22,74,200,1,True,False,False,97,0,2,1900000,1000000,90,92,88,70,90,25,20,20,15,90,90,24,90,88,50,40,45,50,40,45
775553039,MIA,Dolphins,553388226,Xavier Worthy,WR,1,80,80,1,21,71,165,0,True,False,False,97,0,1,800000,800000,98,96,88,47,73,62,50,52,51,74,86,81,83,82,19,13,18,17,18,10
775553039,MIA,Dolphins,553387608,Jalen Reagor,WR,84,73,73,0,25,71,197,4,True,False,False,97,0,1,800000,800000,92,91,90,62,61,31,20,15,10,70,80,75,74,75,28,13,23,26,25,10
775553039,MIA,Dolphins,553387283,Danny Gray,WR,6,70,70,0,25,72,200,2,True,False,True,97,0,0,0,0,95,93,88,58,63,22,15,10,6,74,76,72,71,72,22,10,15,24,33,10
775553039,MIA,Dolphins,553388995,Devaughn Vele,WR,81,66,66,0,26,77,210,0,True,False,True,97,0,0,0,0,90,90,83,58,73,49,37,30,23,71,81,70,69,67,33,20,27,32,21,10
775553038,DAL,Dragons,553388316,Shaun O'Hara,C,66,91,91,1,21,75,303,1,True,False,False,97,0,2,3900000,2250000,59,64,63,92,95,26,28,24,18,58,22,10,8,5,42,10,10,60,25,18
775553038,DAL,Dragons,553386038,Cam Jurgens,C,51,71,71,0,25,75,303,2,True,False,False,97,0,1,800000,800000,75,79,74,84,76,20,6,6,6,45,47,39,36,32,26,10,10,25,32,18
775553038,DAL,Dragons,553386597,Charles Woodson,CB,36,99,99,3,22,73,210,1,True,False,False,97,0,2,18000000,18000000,93,96,95,76,99,27,9,7,6,82,89,70,72,74,90,98,99,76,64,70
775553038,DAL,Dragons,553388479,L'Jarius Sneed,CB,38,92,92,1,27,73,192,4,True,False,False,97,0,2,4000000,3000000,95,93,88,60,96,27,6,6,6,68,77,30,26,33,63,84,91,59,20,46
775553038,DAL,Dragons,553388789,Jaylon Johnson,CB,34,89,89,1,25,72,196,4,True,False,False,97,0,4,6200000,1750000,90,91,86,67,91,27,6,6,6,60,74,26,16,11,57,88,95,51,24,35
775553038,DAL,Dragons,553387453,Darious Williams,CB,24,85,85,0,31,69,187,6,True,False,False,97,0,3,2400000,850000,91,93,85,54,90,35,6,6,6,60,78,22,12,10,56,85,87,51,20,35
775553038,DAL,Dragons,553386886,Kamari Lassiter,CB,14,75,75,1,21,72,180,0,True,False,False,97,0,1,800000,800000,87,89,94,52,75,35,16,11,6,54,60,49,50,55,68,76,78,40,78,30
775553038,DAL,Dragons,553386207,Damarion Williams,CB,24,66,66,0,26,70,180,2,True,False,True,97,0,0,0,0,88,93,83,57,62,32,15,12,10,58,64,42,36,31,57,65,67,42,23,35
775553038,DAL,Dragons,553387178,MJ Devonshire,CB,26,66,66,0,23,71,179,0,True,False,True,97,0,0,0,0,91,93,83,51,64,24,16,12,8,55,73,35,33,25,42,62,67,38,18,35
775553038,DAL,Dragons,553386051,Ameer Speed,CB,37,65,65,0,24,75,209,1,True,False,True,97,0,0,0,0,95,92,84,62,62,25,6,6,6,55,52,22,12,10,64,61,63,48,22,38
775553038,DAL,Dragons,553387067,Kalen King,CB,34,65,65,0,21,71,191,0,True,False,True,97,0,0,0,0,87,91,87,47,66,23,15,10,9,59,68,31,25,18,56,62,65,54,77,41
775553038,DAL,Dragons,553387044,Mario Goodrich,CB,37,64,64,0,24,72,191,1,True,False,True,97,0,0,0,0,88,92,81,52,63,27,6,6,6,59,65,33,30,28,56,62,66,51,26,35
775553038,DAL,Dragons,553388996,Alan Page,DT,99,99,99,3,24,76,245,1,True,False,False,97,0,4,24000000,12000000,88,92,90,94,95,23,6,6,6,65,65,65,11,7,92,30,30,96,96,92
775553038,DAL,Dragons,553388165,Chester McGlockton,DT,91,92,92,2,22,76,334,1,True,False,False,97,0,4,7000000,2000000,74,80,70,94,88,25,6,6,6,70,58,15,7,3,94,28,30,90,95,82
775553038,DAL,Dragons,553386906,Roy Lopez,DT,98,70,70,0,27,74,318,3,True,False,False,97,0,1,800000,800000,67,69,70,90,64,21,6,6,6,23,22,10,8,5,81,12,19,74,77,63
775553038,DAL,Dragons,553386495,Travis Bell,DT,53,68,68,0,25,72,310,1,True,False,False,97,0,1,800000,800000,72,79,53,86,62,20,6,6,6,25,30,15,10,5,80,15,19,69,81,53
775553038,DAL,Dragons,553387464,Jim Taylor,FB,41,99,99,3,26,72,214,1,True,False,False,97,0,1,1550000,1750000,88,87,85,90,92,25,20,20,15,90,78,60,50,40,75,40,45,70,50,45
775553038,DAL,Dragons,553387095,Antoine Winfield Jr,FS,31,94,94,2,26,69,203,4,True,False,False,97,0,4,7000000,2250000,91,92,89,59,95,35,6,6,6,67,77,30,20,15,80,82,90,64,18,57
775553038,DAL,Dragons,553387754,C.J. Gardner-Johnson,FS,35,84,84,1,26,71,208,5,True,False,False,97,0,2,1900000,1000000,90,91,84,68,91,25,15,10,10,64,83,28,21,15,62,83,82,53,19,48
775553038,DAL,Dragons,553386106,Saquon Barkley,HB,26,97,97,3,21,72,232,1,True,False,False,97,0,2,6000000,5000000,94,96,96,84,88,41,41,34,29,89,76,75,68,65,35,38,42,32,28,25
775553038,DAL,Dragons,553388045,Maurice Jones-Drew,HB,32,95,95,2,24,67,210,1,True,False,False,97,0,4,5400000,1500000,91,94,90,85,93,33,29,25,20,96,78,76,71,63,52,50,53,51,43,39
775553038,DAL,Dragons,553387038,Denard Robinson,HB,29,85,85,1,22,71,199,1,True,False,False,97,0,3,2850000,1000000,93,94,91,63,78,84,74,66,62,83,66,67,62,60,36,36,42,33,28,30
775553038,DAL,Dragons,553388208,Blake Corum,HB,21,83,83,1,23,68,210,0,True,False,False,97,0,1,800000,800000,88,91,89,75,77,27,25,18,10,92,67,68,63,57,32,10,20,24,20,10
775553038,DAL,Dragons,553389008,DeWayne McBride,HB,39,67,67,0,23,70,209,1,True,False,True,97,0,0,0,0,89,91,88,74,65,25,20,15,10,78,60,49,40,32,43,20,29,35,21,19
775553038,DAL,Dragons,553387297,Justin Tucker,K,9,99,99,3,34,73,184,12,True,False,False,97,0,4,5400000,1500000,99,99,99,99,99,70,70,70,70,35,52,22,17,13,13,12,12,13,22,10
775553038,DAL,Dragons,553388129,Michael Strahan,LEDGE,92,98,98,3,21,77,255,1,True,False,False,97,0,1,7500000,15000000,77,87,80,93,97,30,6,6,6,62,61,28,23,18,96,42,59,97,99,90
775553038,DAL,Dragons,553388677,Matt Henningsen,LEDGE,96,73,73,0,25,75,291,2,True,False,False,97,0,1,800000,800000,73,77,77,82,69,23,9,9,9,40,33,16,13,10,79,13,17,71,86,52
775553038,DAL,Dragons,553386314,Esezi Otomewo,LEDGE,95,62,62,0,25,77,282,2,True,False,True,97,0,0,0,0,76,81,62,81,67,17,6,6,6,29,25,12,10,8,74,18,24,74,28,53
775553038,DAL,Dragons,553387111,Ezra Cleveland,LG,59,74,74,1,26,78,312,4,True,False,False,97,0,3,4650000,1750000,76,78,70,88,80,10,6,6,6,34,30,15,5,5,55,11,12,56,24,37
775553038,DAL,Dragons,553387085,Aaron Banks,LG,65,72,72,0,26,77,325,3,True,False,False,97,0,1,800000,800000,61,59,60,86,80,25,6,6,6,31,30,10,5,5,25,12,15,15,23,10
775553038,DAL,Dragons,553389027,Duane Brown,LT,76,94,94,2,21,76,315,1,True,False,False,97,0,1,1750000,2500000,68,74,65,94,95,8,6,5,4,72,35,25,22,21,36,12,16,35,33,22
775553038,DAL,Dragons,553387543,Jordan Morgan,LT,77,77,77,1,23,77,311,0,True,False,False,97,0,2,1900000,1000000,71,80,62,87,78,23,21,15,11,40,27,15,13,9,35,16,18,31,28,21
775553038,DAL,Dragons,553388889,Derrick Brooks,MIKE,55,99,99,2,22,72,235,1,True,False,False,97,0,3,13500000,8000000,91,90,88,85,99,26,19,15,12,52,90,65,13,11,97,95,98,94,80,92
775553038,DAL,Dragons,553388732,Fred Warner,MIKE,54,97,97,3,20,75,230,1,True,False,False,97,0,1,4500000,9000000,88,92,84,76,99,14,6,6,6,63,76,15,5,5,90,77,86,80,21,62
775553038,DAL,Dragons,553386937,Junior Colson,MIKE,25,76,76,1,21,74,238,0,True,False,False,97,0,1,800000,800000,86,90,77,75,71,25,24,21,11,57,55,15,9,5,86,71,70,81,85,45
775553038,DAL,Dragons,553388761,Brandon Smith,MIKE,47,66,66,0,23,75,240,2,True,False,True,97,0,0,0,0,88,91,84,69,63,24,21,11,11,49,53,17,8,5,76,64,64,64,31,59
775553038,DAL,Dragons,553387765,A.J. Cole,P,6,86,86,1,28,76,220,5,True,False,False,97,0,2,2300000,1250000,73,72,63,47,74,29,30,28,25,45,43,38,31,24,37,16,24,10,36,10
775553038,DAL,Dragons,553389015,Joe Montana,QB,16,99,99,3,21,74,205,1,True,False,False,97,0,5,50000000,20000000,74,80,81,60,99,92,99,97,94,76,35,24,21,20,25,20,24,15,12,10
775553038,DAL,Dragons,553388459,Jim McMahon,QB,12,83,83,1,20,73,190,1,True,False,False,97,0,1,800000,800000,78,80,76,67,87,91,88,87,84,68,32,28,26,24,30,20,22,22,22,20
775553038,DAL,Dragons,553386446,Chandler Jones,REDGE,95,91,91,2,20,78,265,1,True,False,False,97,0,2,9000000,7500000,88,90,85,84,87,20,6,6,6,47,57,15,5,5,87,37,43,92,94,93
775553038,DAL,Dragons,553386547,Dorance Armstrong,REDGE,94,76,76,1,27,76,255,6,True,False,False,97,0,2,1600000,850000,80,81,81,82,82,20,6,6,6,28,34,15,10,5,83,27,41,76,34,78
775553038,DAL,Dragons,553386050,Ben Jones,RG,60,89,89,2,22,75,308,1,True,False,False,97,0,4,7800000,2250000,66,74,65,87,92,6,5,4,4,68,48,10,5,5,45,10,12,43,22,17
775553038,DAL,Dragons,553388049,Andrew Vorhees,RG,72,68,68,0,25,78,310,1,True,False,False,97,0,1,800000,800000,65,74,51,97,70,15,5,5,5,32,30,22,16,14,29,8,9,35,69,25
775553038,DAL,Dragons,553386522,Rosey Brown,RT,79,98,98,3,21,76,255,1,True,False,False,97,0,4,18000000,8500000,70,75,74,94,98,7,6,6,6,58,28,15,5,5,45,12,13,55,30,20
775553038,DAL,Dragons,553388239,Broderick Jones,RT,78,81,81,1,23,77,311,1,True,False,False,97,0,1,800000,800000,73,83,76,86,77,24,6,6,6,35,34,15,9,5,54,12,15,55,77,43
775553038,DAL,Dragons,553386454,Reggie Williams,SAM,57,93,93,1,20,73,228,1,True,False,False,97,0,2,3800000,2250000,82,84,80,85,90,30,15,10,10,55,55,33,28,18,93,88,90,88,87,84
775553038,DAL,Dragons,553388074,De'Vondre Campbell,SAM,44,78,78,0,31,76,232,8,True,False,False,97,0,1,800000,800000,86,86,84,72,79,24,6,6,6,45,65,18,9,5,92,64,72,66,79,61
775553038,DAL,Dragons,553389016,Javon Bullard,SS,27,99,99,1,21,71,198,0,True,False,False,97,0,1,800000,800000,89,92,86,71,95,30,15,10,10,61,76,32,26,23,99,92,99,71,24,37
775553038,DAL,Dragons,553387120,Dawan Landry,SS,23,87,87,1,22,73,210,1,True,False,False,97,0,2,3500000,2000000,88,90,84,80,84,10,6,6,6,70,64,34,30,28,89,72,78,72,54,48
775553038,DAL,Dragons,553387440,Jimmie Ward,SS,20,84,84,1,33,71,195,10,True,False,False,97,0,1,800000,800000,90,89,85,54,87,28,6,6,6,65,74,15,13,10,80,75,82,48,20,59
775553038,DAL,Dragons,553386089,D'Anthony Bell,SS,37,68,68,0,27,73,211,2,True,False,True,97,0,0,0,0,89,89,83,66,65,27,6,6,6,59,62,51,47,44,70,67,69,58,22,40
775553038,DAL,Dragons,553388297,John Mackey,TE,89,99,99,2,22,75,232,1,True,False,False,97,0,3,3450000,1250000,77,76,74,83,85,42,37,33,30,78,90,75,80,65,50,18,20,55,20,22
775553038,DAL,Dragons,553386275,Herman Moore,TE,84,97,97,2,26,76,210,1,True,False,False,97,0,5,20000000,6500000,94,94,91,82,94,26,25,20,15,90,96,93,94,96,31,15,19,26,22,10
775553038,DAL,Dragons,553388110,Keith Jackson,TE,88,96,96,2,22,74,249,1,True,False,False,97,0,4,10000000,4000000,87,88,81,74,88,43,34,24,21,86,91,89,87,79,36,31,34,30,22,20
775553038,DAL,Dragons,553387083,Jelani Woods,TE,80,73,73,1,25,79,253,2,True,False,False,97,0,1,800000,800000,85,87,84,78,64,79,67,61,62,72,79,65,69,63,38,12,20,35,19,20
775553038,DAL,Dragons,553386811,Nick Muse,TE,34,63,63,0,25,77,252,2,True,False,True,97,0,0,0,0,82,85,81,80,64,30,25,20,14,74,76,59,55,50,38,20,26,36,23,21
775553038,DAL,Dragons,553387604,Harold Landry III,WILL,58,76,76,1,28,74,252,6,True,False,False,97,0,1,800000,800000,85,89,84,78,75,23,6,6,6,47,56,20,15,10,86,44,54,77,31,77
775553038,DAL,Dragons,553388556,Stefon Diggs,WR,1,94,94,3,22,72,191,9,True,False,False,97,0,3,15000000,10000000,92,94,92,62,92,46,27,23,18,72,93,91,94,93,27,33,38,34,32,10
775553038,DAL,Dragons,553388492,**** #########,WR,87,91,91,2,22,71,191,1,True,False,False,97,0,3,5250000,2000000,91,91,90,70,95,30,25,22,20,81,94,94,92,87,38,36,38,35,26,25
775553038,DAL,Dragons,553386243,Emmanuel Sanders,WR,85,85,85,1,21,70,180,1,True,False,False,97,0,4,4600000,1250000,88,90,90,68,85,65,47,39,32,85,90,88,89,85,40,82,80,25,20,30
775553038,DAL,Dragons,553387314,Henry Ruggs III,WR,86,85,85,1,22,72,190,1,True,False,False,97,0,2,1900000,950000,99,98,92,66,74,45,40,35,30,72,85,76,80,95,39,24,32,35,75,10
775553038,DAL,Dragons,553387466,Courtland Sutton,WR,83,84,84,1,28,76,216,6,True,False,False,97,0,3,2400000,850000,91,91,91,74,84,62,59,53,50,72,87,82,79,78,33,23,30,31,78,10
775553038,DAL,Dragons,553388030,Trey Palmer,WR,10,73,73,0,23,72,192,1,True,False,False,97,0,1,800000,800000,95,92,80,54,76,25,15,10,6,72,83,74,75,77,46,33,39,36,76,20
775553038,DAL,Dragons,553388716,Luke McCaffrey,WR,12,70,70,0,23,74,198,0,True,False,True,97,0,0,0,0,90,91,92,55,52,58,53,45,43,76,84,75,74,70,32,13,19,30,27,10
775553038,DAL,Dragons,553387099,Kendric Pryor,WR,19,63,63,0,26,71,189,2,True,False,True,97,0,0,0,0,93,92,85,52,49,30,31,26,24,69,76,63,64,61,27,22,29,20,70,14
775553040,PHI,Eagles,553387497,Ryan Kalil,C,65,99,99,3,22,74,300,1,True,False,False,97,0,3,13500000,8000000,69,68,70,90,97,10,6,6,6,32,40,30,25,20,20,12,12,15,85,10
775553040,PHI,Eagles,553386994,Robert Hainsey,C,58,67,67,0,26,76,306,3,True,False,False,97,0,1,800000,800000,64,70,64,87,80,21,6,6,6,34,22,15,5,5,25,13,11,33,78,15
775553040,PHI,Eagles,553388708,Deion Sanders,CB,21,99,99,3,21,72,198,1,True,False,False,97,0,2,18000000,18000000,99,99,98,75,94,55,40,32,29,90,85,88,87,85,70,99,95,48,32,42
775553040,PHI,Eagles,553387987,Aqib Talib,CB,36,96,96,2,22,73,202,1,True,False,False,97,0,2,9000000,7500000,92,91,90,80,88,40,35,35,35,65,75,50,50,50,88,95,90,88,70,85
775553040,PHI,Eagles,553387706,Chidobe Awuzie,CB,13,85,85,1,29,72,202,7,True,False,False,97,0,1,1550000,1750000,91,93,87,69,86,32,6,6,6,68,72,34,23,16,65,84,88,54,23,51
775553040,PHI,Eagles,553389085,Mark Fields,CB,25,77,77,0,22,70,181,1,True,False,False,97,0,3,2400000,850000,93,94,91,58,66,20,6,6,6,68,65,45,42,38,62,80,72,50,28,30
775553040,PHI,Eagles,553388548,Keisean Nixon,CB,35,74,74,0,27,70,200,5,True,False,False,97,0,1,800000,800000,93,92,81,54,76,29,6,6,6,59,69,30,20,12,53,74,73,55,72,45
775553040,PHI,Eagles,553387838,Riley Moss,CB,36,70,70,0,24,72,193,1,True,False,True,97,0,0,0,0,91,95,95,53,71,31,21,15,12,68,74,21,14,11,50,60,71,43,26,34
775553040,PHI,Eagles,553386544,Alex Austin,CB,20,67,67,0,23,73,191,1,True,False,True,97,0,0,0,0,88,93,82,49,71,27,8,8,8,59,72,24,16,12,52,63,68,40,36,35
775553040,PHI,Eagles,553388655,Leo Nomellini,DT,99,99,99,3,22,75,267,24,True,False,False,97,0,1,7500000,15000000,99,99,99,99,99,23,6,6,6,31,31,13,5,3,99,18,26,99,41,99
775553040,PHI,Eagles,553386481,Anthony McFarland,DT,98,88,88,1,22,72,300,1,True,False,False,97,0,3,5250000,2000000,75,80,78,92,85,31,6,6,6,55,39,24,20,18,91,35,40,87,88,80
775553040,PHI,Eagles,553387822,Mekhi Wingo,DT,94,73,73,0,21,73,295,0,True,False,False,97,0,4,5400000,1500000,77,86,73,79,70,27,6,6,6,40,45,10,3,2,84,15,20,78,21,67
775553040,PHI,Eagles,553387214,Perrion Winfrey,DT,95,67,67,0,24,76,290,2,True,False,True,97,0,0,0,0,76,79,59,82,68,20,9,9,9,26,24,15,8,5,77,20,24,72,20,61
775553040,PHI,Eagles,553388281,Mosi Tatupu,FB,30,94,94,1,26,72,227,1,True,False,False,97,0,4,5400000,1500000,82,84,78,82,88,20,25,20,15,87,72,66,58,45,41,10,16,33,24,10
775553040,PHI,Eagles,553388008,Dexter Jackson,FS,34,98,98,2,22,72,210,12,True,False,False,97,0,4,10000000,4000000,88,90,85,78,92,21,6,6,6,68,94,15,13,10,92,93,95,84,68,63
775553040,PHI,Eagles,553388064,Caden Sterns,FS,33,74,74,0,24,73,207,3,True,False,False,97,0,1,800000,800000,91,91,86,60,75,23,15,10,10,57,65,37,35,31,67,63,74,49,27,33
775553040,PHI,Eagles,553389052,Brad Hawkins,FS,29,63,63,0,26,73,207,2,True,False,True,97,0,0,0,0,87,90,80,66,63,26,18,15,11,62,59,37,32,28,68,60,63,63,32,47
775553040,PHI,Eagles,553388169,Derrick Henry,HB,22,95,95,3,22,75,247,8,True,False,False,97,0,3,4050000,1500000,91,86,84,87,96,42,40,29,23,95,66,56,49,41,44,14,19,36,32,12
775553040,PHI,Eagles,553387376,Arian Foster,HB,23,93,93,3,23,73,227,1,True,False,False,97,0,2,3800000,2250000,89,92,92,74,90,18,24,23,21,92,84,77,71,58,78,60,69,63,31,59
775553040,PHI,Eagles,553387207,Peyton Hillis,HB,27,87,87,1,22,71,242,1,True,False,False,97,0,1,800000,800000,82,84,80,88,86,20,18,17,15,91,70,55,53,50,65,15,20,70,88,75
775553040,PHI,Eagles,553387071,Ronnie Brown,HB,24,84,84,3,22,72,223,2,True,False,False,97,0,2,1900000,1000000,88,88,83,85,94,27,24,22,15,89,70,62,60,55,40,32,34,32,25,27
775553040,PHI,Eagles,553388670,Travis Dye,HB,35,62,62,0,25,70,201,1,True,False,True,97,0,0,0,0,84,88,82,62,58,25,21,15,12,76,69,63,56,48,32,15,20,29,20,10
775553040,PHI,Eagles,553387008,Cairo Santos,K,8,78,78,0,32,68,175,10,True,False,False,97,0,2,1900000,1000000,73,75,67,33,66,26,33,15,15,35,25,15,15,15,22,20,14,26,78,10
775553040,PHI,Eagles,553386624,Shaun Ellis,LEDGE,92,92,92,2,24,77,285,1,True,False,False,97,0,4,18000000,8500000,82,82,80,90,92,18,10,8,6,70,52,35,30,28,94,38,44,92,95,90
775553040,PHI,Eagles,553386316,Jonah Williams,LEDGE,90,69,69,0,29,77,275,4,True,False,False,97,0,1,800000,800000,78,79,73,82,66,23,9,9,9,42,37,18,15,12,84,16,20,74,72,62
775553040,PHI,Eagles,553388120,Joe Thuney,LG,62,92,92,1,20,75,315,1,True,False,False,97,0,4,7800000,2250000,74,77,68,88,94,25,6,6,6,33,26,15,5,5,29,12,12,33,29,10
775553040,PHI,Eagles,553387521,Ike Boettger,LG,68,67,67,0,28,78,313,6,True,False,False,97,0,1,800000,800000,56,61,62,83,86,15,12,9,7,37,43,26,18,15,34,11,12,25,24,10
775553040,PHI,Eagles,553386354,Kolton Miller,LT,74,87,87,1,28,80,325,6,True,False,False,97,0,2,3500000,2000000,74,80,72,88,92,12,6,6,6,30,22,15,12,10,31,12,16,31,74,10
775553040,PHI,Eagles,553386228,Yosh Nijman,LT,77,71,71,0,28,79,314,5,True,False,False,97,0,1,800000,800000,74,77,71,87,83,35,6,6,6,40,25,10,5,5,44,20,26,37,21,35
775553040,PHI,Eagles,553386524,Andrew Stueber,LT,74,63,63,0,25,78,312,2,True,False,True,97,0,0,0,0,60,66,51,82,71,19,6,6,6,20,21,10,5,5,39,10,11,40,20,35
775553040,PHI,Eagles,553388948,Chris Spielman,MIKE,54,98,98,3,26,73,247,1,True,False,False,97,0,2,3900000,2250000,80,86,78,87,97,10,10,10,10,70,68,45,40,30,97,69,72,97,72,65
775553040,PHI,Eagles,553388803,Sam Mills,MIKE,51,97,97,3,22,69,225,1,False,False,False,23,1,1,4500000,9000000,84,90,88,83,97,22,11,9,6,72,68,24,21,14,93,73,83,95,78,76
775553040,PHI,Eagles,553386227,David Long Jr,MIKE,11,79,79,1,27,71,227,5,True,False,False,97,0,1,800000,800000,85,88,85,74,83,25,6,6,6,65,67,15,5,5,85,53,58,81,78,64
775553040,PHI,Eagles,553387938,Shaquille Leonard,MIKE,50,74,74,1,29,74,220,6,True,False,False,97,0,1,800000,800000,85,86,82,78,68,19,6,6,6,58,76,15,5,5,86,55,58,75,27,63
775553040,PHI,Eagles,553388435,Bradley Pinion,P,7,83,83,0,30,77,229,9,True,False,False,97,0,3,2850000,1000000,71,65,58,53,71,52,51,42,32,40,39,15,15,15,29,15,15,19,79,10
775553040,PHI,Eagles,553388249,Brett Favre,QB,4,99,99,3,24,74,222,1,True,False,False,97,0,5,50000000,20000000,78,82,80,78,99,99,96,97,92,72,38,35,26,20,63,59,65,50,77,42
775553040,PHI,Eagles,553388041,Bo Nix,QB,10,89,89,1,24,74,214,0,True,False,False,97,0,3,3450000,1250000,85,87,88,70,87,92,94,92,91,82,45,50,55,60,10,12,13,12,21,10
775553040,PHI,Eagles,553388381,Archie Manning,QB,6,82,82,1,22,75,212,1,True,False,False,97,0,1,800000,800000,78,78,76,72,84,92,89,87,84,66,38,23,16,10,19,10,14,21,69,10
775553040,PHI,Eagles,553387329,Skylar Thompson,QB,19,65,65,0,27,74,219,2,True,False,True,97,0,0,0,0,77,85,83,65,64,88,80,77,78,56,34,15,14,12,26,10,15,22,19,10
775553040,PHI,Eagles,553386509,Chris Long,REDGE,56,97,97,2,22,75,270,1,True,False,False,97,0,4,24000000,12000000,87,88,85,92,96,20,6,6,6,70,30,25,20,18,93,40,45,93,96,95
775553040,PHI,Eagles,553389031,Grady Jarrett,REDGE,97,83,83,1,23,72,305,2,True,False,False,97,0,2,2300000,1250000,72,77,69,92,87,26,6,6,6,40,30,15,7,3,88,25,29,89,30,73
775553040,PHI,Eagles,553387801,Trai Turner,RG,70,97,97,1,22,75,320,1,True,False,False,97,0,2,4000000,3000000,75,78,82,90,96,10,6,6,6,60,40,30,25,20,20,12,12,25,31,10
775553040,PHI,Eagles,553386463,Nick Saldiveri,RG,64,69,69,0,24,78,316,1,True,False,False,97,0,1,800000,800000,65,78,61,84,69,26,7,6,5,21,24,16,16,16,27,11,11,32,76,23
775553040,PHI,Eagles,553387970,Bruce Armstrong,RT,78,94,94,2,22,76,295,1,True,False,False,97,0,4,7000000,2250000,66,72,70,94,96,15,7,6,6,74,48,36,30,28,66,30,34,60,52,48
775553040,PHI,Eagles,553388865,Lucas Niang,RT,79,68,68,0,26,78,315,4,True,False,False,97,0,1,800000,800000,66,58,61,86,77,30,6,6,6,23,30,23,13,7,28,15,20,25,24,10
775553040,PHI,Eagles,553388383,Dallas Turner,SAM,15,77,77,1,21,75,247,0,True,False,False,97,0,4,6200000,1750000,90,93,84,76,79,18,6,6,6,35,33,15,8,4,86,49,53,78,15,77
775553040,PHI,Eagles,553388989,Jacob Phillips,SAM,44,70,70,0,25,75,228,4,True,False,False,97,0,1,800000,800000,83,86,72,73,64,24,6,6,6,47,56,31,27,22,83,51,57,73,25,53
775553040,PHI,Eagles,553389105,Mike Brown,SS,9,98,98,2,22,70,205,2,True,False,False,97,0,5,20000000,6500000,90,92,88,75,95,12,10,10,9,78,83,58,54,52,92,84,91,84,58,54
775553040,PHI,Eagles,553387424,DeShon Elliott,SS,32,80,80,0,27,73,210,6,True,False,False,97,0,1,800000,800000,88,89,79,57,84,24,6,6,6,66,76,20,10,10,78,66,75,57,33,52
775553040,PHI,Eagles,553388496,Patrick McMorris,SS,32,64,64,0,22,72,210,0,True,False,True,97,0,0,0,0,87,91,81,65,64,41,32,27,22,74,71,54,45,44,63,63,67,58,27,37
775553040,PHI,Eagles,553388256,Jimmy Graham,TE,80,95,95,2,22,79,260,1,True,False,False,97,0,1,1750000,2500000,75,85,75,75,80,37,6,6,6,80,94,90,93,89,53,14,12,42,29,10
775553040,PHI,Eagles,553388027,Harold Carmichael,TE,17,92,92,1,21,80,225,1,True,False,False,97,0,2,1900000,950000,88,90,80,82,95,26,15,10,10,82,94,80,88,92,38,40,48,42,28,26
775553040,PHI,Eagles,553386025,Gerald Everett,TE,14,81,81,1,30,75,250,7,True,False,False,97,0,2,1600000,850000,84,87,81,69,76,25,15,10,6,70,92,73,70,71,36,12,12,30,33,10
775553040,PHI,Eagles,553386359,Dalton Kincaid,TE,81,73,73,3,22,75,254,3,True,False,False,97,0,1,800000,800000,80,79,32,43,79,71,55,48,43,24,82,84,83,86,38,12,15,38,80,10
775553040,PHI,Eagles,553389117,Connor Heyward,TE,19,66,66,0,25,72,230,2,True,False,True,97,0,0,0,0,82,86,72,68,68,37,32,20,24,80,78,65,56,49,40,15,15,46,31,21
775553040,PHI,Eagles,553388197,Cole Turner,TE,85,64,64,0,24,78,240,2,True,False,True,97,0,0,0,0,81,88,82,68,60,30,15,10,6,73,79,63,58,53,29,14,16,29,21,15
775553040,PHI,Eagles,553386158,Matt Milano,WILL,53,87,87,3,30,72,223,7,True,False,False,97,0,4,7000000,2000000,87,86,74,78,90,25,6,6,6,52,70,22,12,6,87,70,78,81,29,60
775553040,PHI,Eagles,553387513,Drue Tranquill,WILL,59,81,81,1,29,74,228,5,True,False,False,97,0,3,2400000,850000,88,90,84,77,85,22,6,6,6,63,59,31,24,14,85,68,72,72,21,60
775553040,PHI,Eagles,553387533,Jonathan Greenard,WILL,42,74,74,0,27,75,263,4,True,False,False,97,0,1,800000,800000,81,83,81,77,85,23,6,6,6,56,63,31,21,19,79,40,50,78,31,81
775553040,PHI,Eagles,553388700,Wes Welker,WR,83,99,99,3,22,69,185,1,True,False,False,97,0,3,15000000,10000000,90,94,96,64,96,42,38,10,6,93,97,99,96,90,25,18,25,25,33,10
775553040,PHI,Eagles,553386705,Plaxico Burress,WR,85,95,95,2,22,77,232,1,True,False,False,97,0,2,3500000,1750000,93,92,90,82,88,16,23,18,13,80,97,95,95,97,75,61,66,64,81,59
775553040,PHI,Eagles,553387003,D.J. Moore,WR,12,92,92,2,20,73,205,1,True,False,False,97,0,2,6000000,5000000,92,93,95,78,88,30,28,25,22,93,94,89,91,90,50,30,32,55,50,60
775553040,PHI,Eagles,553388679,Terry McLaurin,WR,88,89,89,2,28,72,210,5,True,False,False,97,0,3,4650000,1750000,93,92,87,67,86,32,15,10,6,76,94,89,89,89,41,16,24,41,29,11
775553040,PHI,Eagles,553389021,Andrei Iosivas,WR,80,68,68,0,24,75,212,1,True,False,True,97,0,0,0,0,92,91,89,63,62,30,20,15,10,73,82,66,67,69,28,10,10,28,80,11
775553040,PHI,Eagles,553387570,Deven Thompkins,WR,83,65,65,0,24,68,160,2,True,False,True,97,0,0,0,0,94,93,86,48,62,24,20,15,10,61,77,63,62,65,20,27,25,15,78,10
775553041,ATL,Falcons,553388377,Jon Morris,C,56,92,92,2,22,75,250,1,True,False,False,97,0,4,7800000,2250000,64,72,66,90,94,14,6,6,6,70,48,10,5,5,38,13,15,40,90,15
775553041,ATL,Falcons,553387643,Hjalte Froholdt,C,72,73,73,0,28,77,310,5,True,False,False,97,0,1,800000,800000,71,67,67,91,81,10,6,6,6,30,42,21,16,12,44,11,12,42,30,21
775553041,ATL,Falcons,553387833,Jaire Alexander,CB,23,95,95,3,27,70,196,6,True,False,False,97,0,4,24000000,12000000,96,95,94,60,92,26,6,6,6,62,78,20,15,13,54,96,94,53,37,36
775553041,ATL,Falcons,553388525,Adam Jones,CB,36,92,92,1,20,72,190,1,True,False,False,97,0,4,7000000,1750000,92,93,90,78,85,22,6,6,6,75,78,17,12,11,85,90,87,80,78,85
775553041,ATL,Falcons,553387910,Dre Bly,CB,32,92,92,1,22,70,188,1,True,False,False,97,0,2,4000000,3000000,91,94,92,65,88,10,10,10,10,70,78,50,45,40,72,95,90,55,42,48
775553041,ATL,Falcons,553387992,Trumaine Johnson,CB,22,86,86,1,22,74,213,1,True,False,False,97,0,3,4650000,1750000,89,90,84,76,82,10,8,6,6,70,74,34,30,28,74,94,88,68,40,42
775553041,ATL,Falcons,553387219,Jakorian Bennett,CB,28,77,77,0,24,71,195,1,True,False,False,97,0,6,23950000,3950000,96,97,89,54,68,29,23,21,20,58,76,21,14,11,53,77,72,38,83,37
775553041,ATL,Falcons,553388443,Rock Ya-Sin,CB,33,74,74,1,28,71,192,5,True,False,False,97,0,3,2400000,850000,90,89,85,68,67,27,6,6,6,59,69,22,12,10,52,81,76,51,32,36
775553041,ATL,Falcons,553386682,Myles Harden,CB,26,67,67,0,22,71,195,0,True,False,True,97,0,0,0,0,89,94,90,59,53,24,23,22,19,55,71,32,30,27,74,63,62,49,30,34
775553041,ATL,Falcons,553387465,Tre Avery,CB,23,62,62,0,27,71,181,2,True,False,True,97,0,0,0,0,91,92,91,60,54,24,6,6,6,53,68,35,30,25,44,59,67,34,23,31
775553041,ATL,Falcons,553388446,Bryant Young,DT,97,97,97,2,22,74,291,1,True,False,False,97,0,3,15000000,10000000,73,81,66,95,93,25,6,6,6,35,12,5,3,1,97,28,35,96,97,76
775553041,ATL,Falcons,553386222,D.J. Reader,DT,90,87,87,1,30,75,335,8,True,False,False,97,0,4,6200000,1750000,71,63,58,95,89,24,6,6,6,30,29,13,5,3,86,18,26,91,27,66
775553041,ATL,Falcons,553388671,Mazi Smith,DT,58,75,75,1,23,75,310,1,True,False,False,97,0,3,4050000,1500000,74,77,77,94,65,22,7,6,5,31,33,15,10,6,86,12,14,76,33,56
775553041,ATL,Falcons,553387755,Andrew Beck,FB,47,74,74,0,28,75,255,5,True,False,False,97,0,2,1900000,1000000,86,88,78,77,68,30,15,10,6,69,76,69,59,53,47,31,37,47,21,20
775553041,ATL,Falcons,553389005,Ronnie Lott,FS,42,99,99,3,21,74,203,1,True,False,False,97,0,8,56300000,9000000,92,93,89,81,98,50,46,37,32,80,85,58,55,53,98,86,94,90,75,67
775553041,ATL,Falcons,553387576,Bobby McCain,FS,21,76,76,0,31,69,196,9,True,False,False,97,0,2,2700000,800000,86,86,87,69,82,27,6,6,6,65,73,20,10,10,60,73,79,52,22,38
775553041,ATL,Falcons,553387602,Jerrick Reed II,FS,32,65,65,0,24,70,196,1,True,False,True,97,0,0,0,0,91,93,78,59,62,21,15,10,8,63,71,44,39,41,66,67,62,50,24,33
775553041,ATL,Falcons,553387610,Bubba Bolden,FS,36,63,63,0,25,74,200,2,True,False,True,97,0,0,0,0,90,94,81,61,63,24,18,15,12,57,60,22,17,14,62,58,65,49,31,41
775553041,ATL,Falcons,553387983,Marshawn Lynch,HB,24,99,99,3,24,71,215,1,True,False,False,97,0,4,5400000,1500000,90,92,84,89,90,27,15,11,10,98,74,64,58,50,79,52,63,59,19,54
775553041,ATL,Falcons,553388231,Fritz Pollard,HB,1,95,95,3,20,67,165,1,True,False,False,97,0,4,7000000,2250000,94,95,96,68,90,78,74,70,68,84,70,72,68,65,62,60,62,58,50,52
775553041,ATL,Falcons,553388952,Raheem Mostert,HB,31,89,89,1,21,70,210,1,True,False,False,97,0,4,4600000,1250000,98,98,94,70,73,30,35,30,20,86,78,81,76,70,41,15,20,27,35,10
775553041,ATL,Falcons,553386409,Isaac Guerendo,HB,39,72,72,0,24,72,221,0,True,False,False,97,0,2,1950000,950000,95,92,84,71,69,23,20,15,10,88,68,66,62,60,40,29,36,39,31,10
775553041,ATL,Falcons,553388255,Pierre Strong Jr,HB,20,69,69,0,25,71,205,2,True,False,True,97,0,0,0,0,92,93,85,66,64,41,44,38,28,82,63,57,51,42,38,23,31,35,74,10
775553041,ATL,Falcons,553386136,Eric Gray,HB,25,68,68,0,24,70,210,1,True,False,True,97,0,0,0,0,86,90,85,69,67,24,24,19,15,85,72,63,56,48,25,10,16,24,21,10
775553041,ATL,Falcons,553387932,Jake Elliott,K,4,83,83,1,29,69,167,7,True,False,False,97,0,2,2300000,1250000,77,79,65,34,72,28,33,19,15,33,27,20,15,12,27,20,14,26,27,10
775553041,ATL,Falcons,553386581,Carl Eller,LEDGE,98,99,99,3,22,78,244,1,False,False,False,84,3,7,119100000,15000000,88,92,90,94,99,15,6,6,6,26,60,13,6,3,91,22,29,96,99,96
775553041,ATL,Falcons,553386499,Chris Slayton,LEDGE,93,62,62,0,28,76,307,6,True,False,False,97,0,2,2000000,800000,70,69,68,86,57,18,6,6,6,27,25,15,7,3,78,21,27,67,70,57
775553041,ATL,Falcons,553388224,Travelle Wharton,LG,71,95,95,1,22,76,315,1,True,False,False,97,0,2,3800000,2250000,69,68,70,88,95,10,6,6,6,55,40,30,25,20,20,20,22,90,85,80
775553041,ATL,Falcons,553387469,Olisaemeka Udoh,LG,74,69,69,0,27,78,320,5,True,False,False,97,0,2,2700000,800000,70,73,65,87,74,18,6,6,6,25,21,15,5,5,34,13,20,35,29,22
775553041,ATL,Falcons,553388058,Lomas Brown,LT,75,96,96,2,22,76,285,1,True,False,False,97,0,2,9000000,7500000,65,72,70,94,95,15,10,10,10,60,35,30,25,20,55,20,25,55,25,20
775553041,ATL,Falcons,553388517,Javon Foster,LT,62,69,69,0,24,77,313,0,True,False,False,97,0,1,800000,800000,62,71,61,83,73,15,12,9,6,40,25,10,5,5,44,20,26,37,81,35
775553041,ATL,Falcons,553387899,James Harrison,MIKE,92,96,96,3,22,72,242,1,True,False,False,97,0,2,3900000,2250000,86,87,75,95,92,10,6,6,6,80,55,24,22,20,97,53,65,94,94,90
775553041,ATL,Falcons,553388885,Roquan Smith,MIKE,0,96,96,3,27,73,232,6,True,False,False,97,0,3,13500000,8000000,87,90,88,80,92,25,10,8,6,54,72,13,12,11,98,74,81,79,78,60
775553041,ATL,Falcons,553388410,Shaq Thompson,MIKE,54,83,83,1,30,72,230,9,True,False,False,97,0,2,1600000,850000,85,86,83,75,89,25,6,6,6,72,77,33,23,15,87,62,69,79,23,63
775553041,ATL,Falcons,553389037,Johnny Hekker,P,10,73,73,0,34,77,225,12,True,False,False,97,0,2,1900000,1000000,75,69,62,55,62,67,63,53,43,40,39,15,15,15,25,15,15,17,18,10
775553041,ATL,Falcons,553386901,Joe Burrow,QB,9,94,94,3,27,76,215,4,True,False,False,97,0,2,18000000,18000000,83,86,82,68,96,87,99,97,92,62,40,28,19,15,36,29,33,30,29,10
775553041,ATL,Falcons,553386472,Tua Tagovailoa,QB,12,88,88,2,26,73,220,4,True,False,False,97,0,4,5400000,1500000,83,85,79,61,84,90,96,92,91,69,32,19,15,11,28,11,17,23,27,10
775553041,ATL,Falcons,553388840,Nick Foles,QB,18,77,77,1,22,75,222,2,True,False,False,97,0,6,118300000,800000,68,72,69,61,86,82,86,88,88,58,40,70,75,68,30,25,20,18,72,5
775553041,ATL,Falcons,553389137,Derrick Brown,REDGE,91,91,91,2,26,77,320,4,True,False,False,97,0,5,20000000,6500000,73,76,70,98,95,41,35,30,27,56,53,42,38,33,96,24,30,91,86,67
775553041,ATL,Falcons,553386110,Jeffery Simmons,REDGE,99,87,87,2,27,76,305,5,True,False,False,97,0,3,3450000,1250000,74,79,75,97,89,20,6,6,6,29,27,18,10,6,88,29,39,86,73,79
775553041,ATL,Falcons,553387882,Willington Previlon,REDGE,72,63,63,0,27,77,287,2,True,False,True,97,0,0,0,0,73,76,54,81,65,22,8,7,6,30,24,14,5,5,75,16,17,69,74,51
775553041,ATL,Falcons,553386818,Teven Jenkins,RG,76,84,84,1,26,78,321,3,True,False,False,97,0,2,3500000,2000000,72,73,61,91,87,22,6,6,6,23,19,10,5,5,31,10,10,22,21,10
775553041,ATL,Falcons,553387355,Matt Pryor,RG,79,67,67,0,29,79,332,6,True,False,False,97,0,2,3500000,800000,60,54,57,86,73,19,6,6,6,21,23,10,5,5,27,10,12,22,75,17
775553041,ATL,Falcons,553387387,Jack Conklin,RT,78,81,81,1,30,78,308,8,True,False,False,97,0,1,800000,800000,70,70,60,88,91,22,5,5,5,29,24,14,5,5,34,11,14,26,80,14
775553041,ATL,Falcons,553387438,Luke Goedeke,RT,67,79,79,0,25,77,312,2,True,False,False,97,0,3,5250000,2000000,63,67,64,88,84,30,6,6,6,48,47,43,38,29,35,10,12,29,33,27
775553041,ATL,Falcons,553388911,Cornelius Bennett,SAM,55,97,97,2,22,75,255,1,True,False,False,97,0,2,6000000,5000000,86,90,88,85,93,5,5,5,5,25,40,5,5,5,92,85,88,90,90,88
775553041,ATL,Falcons,553387836,Eric Wilson,SAM,45,69,69,0,29,73,230,7,True,False,False,97,0,1,800000,800000,87,89,82,75,69,24,6,6,6,50,64,23,13,7,81,54,60,68,36,61
775553041,ATL,Falcons,553388142,Antrel Rolle,SS,26,94,94,2,21,72,208,1,True,False,False,97,0,6,44250000,2500000,91,92,86,73,89,25,10,7,6,74,81,48,44,42,91,79,88,78,70,62
775553041,ATL,Falcons,553388449,Nick Cross,SS,20,77,77,0,22,72,212,2,True,False,False,97,0,4,9200000,800000,93,96,87,67,70,26,22,14,12,54,73,20,18,16,75,64,81,51,30,35
775553041,ATL,Falcons,553388296,Taylor Rapp,SS,27,77,77,0,26,72,208,5,True,False,False,97,0,3,6000000,800000,86,88,87,63,78,36,25,18,12,61,75,29,22,17,80,66,76,56,20,49
775553041,ATL,Falcons,553387232,Josh Thompson,SS,22,64,64,0,25,72,194,2,True,False,True,97,0,0,0,0,92,92,89,61,64,23,19,14,11,58,59,36,32,29,50,62,66,53,76,33
775553041,ATL,Falcons,553388706,Ben Coates,TE,88,99,99,3,22,77,245,1,True,False,False,97,0,4,18000000,8500000,86,88,82,84,95,25,18,46,46,89,95,92,90,83,60,53,57,57,44,77
775553041,ATL,Falcons,553387832,Tyler Higbee,TE,89,81,81,1,31,78,255,8,True,False,False,97,0,3,2400000,850000,82,79,81,79,85,26,22,18,16,78,88,75,74,68,34,14,21,32,27,17
775553041,ATL,Falcons,553387491,Irv Smith Jr,TE,82,70,70,0,26,74,240,5,True,False,False,97,0,1,800000,800000,86,83,75,71,67,23,20,15,10,76,80,68,63,56,34,12,14,34,22,10
775553041,ATL,Falcons,553388394,Charlie Kolar,TE,88,66,66,0,25,78,250,2,True,False,True,97,0,0,0,0,83,84,81,68,65,29,15,10,6,72,79,66,62,58,33,12,15,36,76,15
775553041,ATL,Falcons,553387937,Andrew Ogletree,TE,85,65,65,0,26,77,260,2,True,False,True,97,0,0,0,0,82,86,77,74,68,25,15,10,6,74,79,65,60,55,26,10,10,24,68,10
775553041,ATL,Falcons,553387723,Teagan Quitoriano,TE,84,64,64,0,24,78,258,2,True,False,True,97,0,0,0,0,74,74,73,78,63,25,15,10,6,75,76,66,61,52,46,10,12,44,24,32
775553041,ATL,Falcons,553387298,Josh Hines-Allen,WILL,41,86,86,3,27,77,255,5,True,False,False,97,0,4,7000000,2000000,88,89,83,84,96,24,6,6,6,67,74,48,40,36,88,52,62,79,94,91
775553041,ATL,Falcons,553387969,Zaven Collins,WILL,25,77,77,1,25,76,260,3,True,False,False,97,0,6,11300000,800000,86,87,82,76,70,40,40,34,31,56,73,20,10,5,87,62,71,76,26,67
775553041,ATL,Falcons,553386138,Jerry Ricecake,WR,19,99,99,3,22,74,200,1,True,False,False,97,0,5,50000000,20000000,99,99,99,99,99,57,47,42,38,99,99,99,99,99,32,14,19,25,81,10
775553041,ATL,Falcons,553386298,Art Monk,WR,81,97,97,3,23,75,210,1,True,False,False,97,0,4,10000000,4000000,92,91,87,80,97,54,50,46,42,92,98,99,97,90,79,60,64,65,31,65
775553041,ATL,Falcons,553388007,Wayne Chrebet,WR,80,90,90,2,22,70,188,1,True,False,False,97,0,1,1550000,1750000,87,90,90,64,94,20,18,16,14,86,90,93,91,78,48,42,45,36,26,28
775553041,ATL,Falcons,553388780,Jordan Shipley,WR,84,84,84,1,20,72,188,1,True,False,False,97,0,3,2850000,1000000,85,87,88,65,85,10,10,10,10,87,89,91,86,82,10,10,15,20,15,15
775553041,ATL,Falcons,553387712,Jamal Agnew,WR,85,76,76,1,29,70,190,7,True,False,False,97,0,1,800000,800000,92,92,89,60,77,49,40,35,30,73,82,77,74,76,63,64,62,56,37,32
775553041,ATL,Falcons,553387088,Jalen Virgil,WR,29,62,62,0,26,73,210,2,True,False,True,97,0,0,0,0,94,92,81,65,46,24,21,18,16,75,73,59,61,60,32,16,18,28,21,11
775553043,NYG,Giants,553386143,Mike Webster,C,52,98,98,3,22,74,255,1,True,False,False,97,0,2,9000000,7500000,72,79,77,97,99,12,10,9,8,30,30,10,9,5,31,8,9,23,25,12
775553043,NYG,Giants,553388599,Michael Deiter,C,60,67,67,0,27,78,315,5,True,False,False,97,0,1,800000,800000,69,67,56,86,78,22,6,6,6,40,30,16,12,10,38,15,20,35,21,16
775553043,NYG,Giants,553387968,Darrell Green,CB,28,97,97,3,22,69,184,1,True,False,False,97,0,4,24000000,12000000,96,92,96,60,95,21,6,6,6,72,72,60,55,50,82,95,94,60,40,45
775553043,NYG,Giants,553387404,Antonio Cromartie,CB,31,93,93,2,22,74,210,1,True,False,False,97,0,2,6000000,5000000,91,89,88,78,92,20,18,16,14,85,80,76,74,70,81,92,92,72,56,60
775553043,NYG,Giants,553387989,Derek Stingley Jr,CB,34,88,88,1,23,72,190,2,False,False,False,6,7,4,6200000,1750000,93,93,94,58,85,36,26,21,18,63,82,45,35,30,63,88,91,49,79,44
775553043,NYG,Giants,553387403,Cooper DeJean,CB,25,80,80,1,21,72,202,0,True,False,False,97,0,2,1600000,850000,92,90,90,65,72,55,57,53,47,70,80,57,56,53,74,79,80,59,28,36
775553043,NYG,Giants,553387689,Ronald Darby,CB,36,76,76,0,30,71,193,9,True,False,False,97,0,1,800000,800000,90,91,86,70,76,26,6,6,6,60,76,20,10,10,59,76,79,54,31,35
775553043,NYG,Giants,553388664,Ja'Sir Taylor,CB,36,68,68,0,25,70,185,2,True,False,True,97,0,0,0,0,92,93,89,53,68,28,6,6,6,60,65,33,23,16,46,67,63,41,21,39
775553043,NYG,Giants,553388822,Aaron Donald,DT,90,99,99,3,23,73,284,1,True,False,False,97,0,5,76760000,15000000,83,90,86,97,99,29,15,10,5,50,43,25,5,5,98,44,46,99,99,99
775553043,NYG,Giants,553387830,Javon Hargrave,DT,98,83,83,1,31,74,305,8,True,False,False,97,0,1,1550000,1750000,75,79,67,87,92,23,6,6,6,30,28,13,5,3,88,18,26,77,23,87
775553043,NYG,Giants,553386232,Eddie Goldman,DT,97,75,75,0,30,75,332,7,True,False,False,97,0,1,7330000,7330000,64,59,61,93,81,21,6,6,6,40,25,15,7,3,82,21,28,74,28,56
775553043,NYG,Giants,553388235,Benito Jones,DT,95,71,71,0,26,73,329,4,True,False,False,97,0,1,800000,800000,70,69,52,85,75,23,6,6,6,25,37,13,5,3,84,20,28,76,29,74
775553043,NYG,Giants,553387808,Neil Farrell,DT,71,64,64,0,25,76,325,2,True,False,True,97,0,0,0,0,59,67,41,82,69,17,6,6,6,32,24,12,7,4,73,10,11,74,74,54
775553043,NYG,Giants,553388278,Keith Byars,FB,35,91,91,1,22,73,230,2,True,False,False,97,0,4,5400000,1500000,90,92,88,80,85,50,55,50,45,88,82,75,72,65,40,48,50,50,40,45
775553043,NYG,Giants,553387367,Larry Wilson,FS,8,99,99,2,22,72,190,1,True,False,False,97,0,5,20000000,6500000,85,82,83,75,95,30,25,20,15,75,80,60,65,60,95,92,97,90,88,85
775553043,NYG,Giants,553388307,K'Von Wallace,FS,24,73,73,0,27,71,205,4,True,False,False,97,0,1,800000,800000,87,91,89,64,74,34,27,21,14,55,62,38,33,25,69,67,71,60,20,48
775553043,NYG,Giants,553387849,Gervarrius Owens,FS,39,64,64,0,24,72,200,1,True,False,True,97,0,0,0,0,87,93,91,61,59,28,6,6,6,60,59,43,42,40,62,60,69,57,30,38
775553043,NYG,Giants,553387509,David Montgomery,HB,33,97,97,3,22,70,220,5,True,False,False,97,0,4,10000000,4000000,96,96,97,74,82,48,47,42,35,91,93,64,56,49,69,57,70,61,70,52
775553043,NYG,Giants,553387300,Kevin Faulk,HB,30,91,91,2,22,68,202,1,True,False,False,97,0,3,4050000,1500000,88,91,92,66,88,24,39,34,29,88,87,84,76,60,50,23,34,38,21,28
775553043,NYG,Giants,553387140,Najee Harris,HB,22,84,84,1,26,73,242,3,True,False,False,97,0,3,2400000,850000,88,91,85,83,86,43,43,37,26,92,71,66,59,51,44,21,26,36,30,21
775553043,NYG,Giants,553387770,Bucky Irving,HB,32,75,75,1,22,70,195,0,True,False,False,97,0,1,800000,800000,87,89,87,65,62,39,31,20,15,94,68,69,64,58,31,15,20,26,27,10
775553043,NYG,Giants,553387913,Ka'imi Fairbairn,K,17,80,80,0,30,72,183,8,True,False,False,97,0,3,2850000,1000000,79,82,64,39,66,39,35,30,25,45,37,15,15,15,35,14,20,13,73,10
775553043,NYG,Giants,553387395,Jack Podlesny,K,16,66,66,0,24,72,194,1,True,False,True,97,0,0,0,0,76,79,64,41,49,32,35,29,23,24,26,10,10,6,26,12,12,19,30,10
775553043,NYG,Giants,553386991,Elvis Dumervil,LEDGE,92,94,94,2,22,71,250,1,True,False,False,97,0,4,18000000,8500000,88,89,86,85,91,20,9,9,9,60,38,15,8,4,95,40,60,93,90,90
775553043,NYG,Giants,553386659,Calijah Kancey,LEDGE,94,80,80,1,23,73,281,1,True,False,False,97,0,3,2400000,850000,83,91,82,84,77,25,6,6,6,43,52,35,28,24,80,19,29,78,75,82
775553043,NYG,Giants,553387612,Isaiah Land,LEDGE,55,63,63,0,24,76,236,1,True,False,True,97,0,0,0,0,85,90,77,69,59,30,17,13,11,47,52,35,29,24,71,40,49,57,26,64
775553043,NYG,Giants,553388953,Adam Timmerman,LG,62,96,96,2,22,76,300,1,True,False,False,97,0,4,7000000,2250000,66,72,68,94,95,11,6,6,6,70,29,15,5,5,37,12,13,29,27,22
775553043,NYG,Giants,553388804,Aaron Stinnie,LG,64,70,70,0,30,75,312,6,True,False,False,97,0,1,800000,800000,71,63,61,83,86,21,6,6,6,20,35,10,5,5,29,12,12,20,75,10
775553043,NYG,Giants,553388984,Rashawn Slater,LT,70,90,90,1,25,76,315,3,True,False,False,97,0,4,7000000,2000000,75,82,68,91,87,10,6,6,6,24,25,12,10,5,35,12,9,25,22,24
775553043,NYG,Giants,553388698,Zach Tom,LT,75,81,81,1,25,76,304,2,True,False,False,97,0,4,4600000,1250000,74,84,73,80,83,19,6,6,6,24,26,15,10,5,28,9,9,28,20,10
775553043,NYG,Giants,553386434,Ryan Shazier,MIKE,50,97,97,3,22,73,237,1,True,False,False,97,0,5,57290000,9000000,93,96,91,75,88,10,6,6,6,48,74,27,15,5,90,82,89,85,64,66
775553043,NYG,Giants,553386988,Bill Romanowski,MIKE,53,89,89,1,21,76,245,1,True,False,False,97,0,3,5250000,2000000,84,82,78,88,86,22,6,6,6,58,68,29,24,18,90,81,79,88,85,80
775553043,NYG,Giants,553386062,Payton Wilson,MIKE,41,76,76,1,24,76,238,0,True,False,False,97,0,1,800000,800000,91,93,87,67,62,29,25,17,18,64,72,34,32,26,86,70,76,64,19,72
775553043,NYG,Giants,553386273,Cam Jones,MIKE,44,64,64,0,24,74,227,1,True,False,True,97,0,0,0,0,85,90,74,65,68,30,19,13,11,52,54,15,5,5,78,52,62,60,80,54
775553043,NYG,Giants,553386131,Chance Campbell,MIKE,45,64,64,0,24,74,232,2,True,False,True,97,0,0,0,0,87,90,76,75,65,20,6,6,6,51,47,15,5,5,75,50,55,62,22,60
775553043,NYG,Giants,553388650,Tom Malone,P,16,85,85,3,21,72,205,1,True,False,False,97,0,2,2300000,1250000,60,63,62,70,78,20,20,20,20,40,25,25,25,25,25,20,20,20,20,20
775553043,NYG,Giants,553388793,Drew Brees,QB,9,99,99,3,23,72,209,1,True,False,False,97,0,5,50000000,10000000,72,76,78,65,99,98,99,97,90,63,70,31,26,15,50,59,67,49,35,44
775553043,NYG,Giants,553388514,Eli Manning,QB,13,95,95,2,21,76,218,1,True,False,False,97,0,3,4050000,1350000,61,63,59,65,95,96,95,94,92,65,78,72,68,72,25,10,16,24,65,10
775553043,NYG,Giants,553386083,Matt Ryan,QB,2,93,93,2,21,75,217,1,True,False,False,97,0,3,4050000,1350000,74,78,76,70,96,91,95,94,92,62,56,20,16,11,20,18,22,18,15,18
775553043,NYG,Giants,553387273,Jay Cutler,QB,6,90,90,1,20,75,231,1,True,False,False,97,0,3,3450000,1250000,76,78,75,68,84,94,91,91,94,63,30,25,25,25,28,18,20,20,20,20
775553043,NYG,Giants,553388432,Roman Reigns,REDGE,99,99,99,3,22,75,287,25,True,False,False,97,0,2,18000000,18000000,99,99,99,99,99,19,6,6,6,35,99,10,3,2,99,68,99,99,35,99
775553043,NYG,Giants,553386087,Sam Williams,REDGE,54,73,73,0,25,76,261,2,True,False,False,97,0,1,800000,800000,89,91,82,77,71,20,6,6,6,35,42,10,7,5,83,30,40,73,24,68
775553043,NYG,Giants,553388467,Marshal Yanda,RG,73,99,99,3,22,75,305,1,True,False,False,97,0,3,13500000,8000000,68,76,72,96,98,10,6,6,6,72,48,36,30,26,36,23,29,27,81,11
775553043,NYG,Giants,553388464,Ja'Tyre Carter,RG,69,67,67,0,25,75,311,2,True,False,False,97,0,1,800000,800000,72,78,56,86,74,12,6,6,6,45,43,32,29,23,35,10,10,39,29,32
775553043,NYG,Giants,553386374,Rayfield Wright,RT,74,93,93,2,22,78,260,1,True,False,False,97,0,2,4000000,3000000,72,74,75,90,94,22,6,6,6,60,60,45,40,35,40,35,38,65,60,55
775553043,NYG,Giants,553388834,Spencer Brown,RT,79,79,79,0,26,80,311,3,True,False,False,97,0,1,800000,800000,74,81,76,91,82,23,6,6,6,50,55,33,14,5,42,12,15,34,34,38
775553043,NYG,Giants,553388518,Whitney Mercilus,SAM,40,90,90,2,20,76,258,1,True,False,False,97,0,4,7800000,2250000,86,88,83,85,92,10,8,7,6,76,68,15,10,6,91,48,57,92,90,88
775553043,NYG,Giants,553387632,Malik Reed,SAM,47,70,70,0,28,74,235,5,True,False,False,97,0,1,800000,800000,79,85,82,74,70,23,6,6,6,38,40,15,5,5,83,47,57,73,40,72
775553043,NYG,Giants,553387831,Talanoa Hufanga,SS,29,89,89,1,24,72,200,3,True,False,False,97,0,2,3900000,2250000,90,89,86,58,88,38,35,32,30,61,76,35,31,26,81,76,89,62,30,52
775553043,NYG,Giants,553389023,Brady Breeze,SS,39,65,65,0,26,72,200,3,True,False,False,97,0,1,1100000,1100000,87,87,83,66,63,25,6,6,6,60,60,30,28,26,67,57,62,52,23,37
775553043,NYG,Giants,553386919,Todd Heap,TE,86,93,93,2,22,77,252,1,True,False,False,97,0,2,3800000,2250000,85,86,82,78,92,12,10,8,6,84,92,88,88,80,31,21,20,27,31,10
775553043,NYG,Giants,553389121,Brock Bowers,TE,89,81,81,1,21,75,243,0,True,False,False,97,0,2,1900000,1000000,89,91,86,75,74,36,15,10,6,73,87,72,72,64,49,23,29,46,94,31
775553043,NYG,Giants,553388880,Jared Wiley,TE,12,72,72,0,23,78,249,0,True,False,False,97,0,1,800000,800000,85,89,77,75,63,24,15,10,6,75,82,69,67,61,39,16,22,33,18,10
775553043,NYG,Giants,553385985,Jaheim Bell,TE,88,65,65,0,23,74,241,0,True,False,True,97,0,0,0,0,85,91,81,70,54,20,15,10,11,73,78,66,61,60,33,10,15,33,31,10
775553043,NYG,Giants,553387393,Thaddeus Moss,TE,86,58,58,3,22,74,238,2,True,False,True,97,0,0,0,0,69,72,64,65,58,27,29,14,12,73,73,64,66,73,54,15,13,43,95,16
775553043,NYG,Giants,553387547,Jahlani Tavai,WILL,48,86,86,1,27,74,246,5,True,False,False,97,0,2,3500000,2000000,85,86,79,78,87,25,6,6,6,54,69,34,24,17,90,70,84,77,21,51
775553043,NYG,Giants,553386166,Baron Browning,WILL,5,76,76,1,25,75,240,3,True,False,False,97,0,1,800000,800000,87,92,85,75,77,31,21,11,11,49,50,17,8,5,82,61,58,77,31,70
775553043,NYG,Giants,553387282,Mohamed Kamara,WILL,50,65,65,0,24,73,248,0,True,False,True,97,0,0,0,0,87,91,72,73,70,25,10,8,6,30,25,10,6,5,76,41,46,70,28,71
775553043,NYG,Giants,553386415,Sterling Sharpe,WR,84,99,99,3,24,72,207,1,True,False,False,97,0,3,15000000,10000000,98,94,92,78,94,25,22,20,18,87,99,98,98,97,60,9,8,37,40,35
775553043,NYG,Giants,553386404,Brandon Aiyuk,WR,11,93,93,2,21,72,200,1,True,False,False,97,0,6,94420000,2500000,91,93,93,65,95,33,25,20,15,73,98,92,91,86,49,48,53,50,81,34
775553043,NYG,Giants,553387255,Ed McCaffrey,WR,81,92,92,3,21,77,215,1,True,False,False,97,0,3,4650000,1750000,84,87,88,78,97,30,11,11,11,90,96,96,96,91,62,47,50,62,30,47
775553043,NYG,Giants,553387436,Michael Thomas,WR,82,87,87,1,31,75,212,8,True,False,False,97,0,1,800000,800000,86,89,87,77,80,24,15,10,6,79,99,88,86,82,27,16,18,22,71,11
775553043,NYG,Giants,553387108,Russell Gage Jr,WR,3,75,75,1,28,72,185,6,True,False,False,97,0,1,800000,800000,89,91,84,60,78,59,43,38,41,71,86,79,77,75,58,10,15,58,32,10
775553043,NYG,Giants,553387153,Velus Jones Jr,WR,84,69,69,0,27,72,200,2,True,False,True,97,0,0,0,0,94,95,80,64,69,28,20,15,10,70,78,71,68,72,21,11,16,21,75,10
775553043,NYG,Giants,553387145,Justin Shorter,WR,18,67,67,0,24,76,223,1,True,False,True,97,0,0,0,0,88,89,77,69,75,34,15,10,6,72,83,72,71,70,39,21,27,38,20,10
775553045,JAX,Jaguars,553385989,**** ########,C,59,91,91,2,22,74,295,1,True,False,False,97,0,4,7800000,2250000,60,65,72,89,90,24,6,6,6,25,29,13,5,5,32,12,14,40,78,85
775553045,JAX,Jaguars,553386006,Coleman Shelton,C,65,71,71,0,29,76,299,5,True,False,False,97,0,1,800000,800000,73,71,65,83,80,26,6,6,6,39,31,10,5,5,33,12,12,10,22,10
775553045,JAX,Jaguars,553385990,Jovaughn Gwyn,C,69,62,62,0,25,74,301,1,True,False,True,97,0,0,0,0,68,77,57,89,71,19,7,6,5,30,26,12,8,5,40,12,11,30,70,33
775553045,JAX,Jaguars,553386588,Nick Samac,C,61,62,62,0,23,76,307,0,True,False,True,97,0,0,0,0,65,72,64,84,70,24,21,14,15,35,24,10,5,5,42,14,18,34,26,31
775553045,JAX,Jaguars,553388264,Mark Haynes,CB,36,95,95,2,21,74,195,1,True,False,False,97,0,3,15000000,10000000,94,93,90,74,88,42,38,34,30,63,73,55,52,49,82,96,88,78,54,63
775553045,JAX,Jaguars,553387703,Ray Crockett,CB,21,91,91,1,22,71,185,1,True,False,False,97,0,4,6200000,1750000,88,87,85,80,90,35,30,30,30,60,65,55,55,55,88,90,88,88,75,80
775553045,JAX,Jaguars,553388182,Jaylen Watson,CB,35,76,76,0,25,74,197,2,True,False,False,97,0,1,800000,800000,89,92,82,66,76,25,17,14,12,59,64,39,36,32,58,78,78,55,39,41
775553045,JAX,Jaguars,553387901,David Long Jr,CB,24,73,73,0,26,71,196,5,True,False,False,97,0,1,800000,800000,90,91,92,61,71,22,6,6,6,65,68,35,28,22,52,74,73,48,78,32
775553045,JAX,Jaguars,553389134,Jarvis Brownlee Jr,CB,29,71,71,0,23,70,194,0,True,False,False,97,0,1,1030000,1030000,89,88,85,63,65,31,29,24,19,55,73,39,34,30,72,71,76,51,33,40
775553045,JAX,Jaguars,553388047,Kris Abrams-Draine,CB,31,69,69,0,22,71,179,0,True,False,True,97,0,0,0,0,91,92,91,40,59,31,14,12,10,57,74,33,23,16,66,73,71,41,0,33
775553045,JAX,Jaguars,553388245,Eric Garror,CB,33,68,68,0,24,68,174,1,True,False,True,97,0,0,0,0,87,93,84,52,71,35,7,6,5,63,69,22,12,10,49,67,72,40,28,32
775553045,JAX,Jaguars,553387027,Paul Soliai,DT,96,93,93,1,22,76,344,1,True,False,False,97,0,2,3800000,2250000,75,70,68,95,93,10,6,6,6,50,40,20,15,10,93,25,27,93,91,90
775553045,JAX,Jaguars,553386674,Jeremiah Ratliff,DT,98,86,86,1,21,77,320,1,True,False,False,97,0,3,5250000,2000000,81,79,78,86,89,13,26,24,20,45,24,7,8,8,86,30,14,86,88,87
775553045,JAX,Jaguars,553387566,Tershawn Wharton,DT,93,70,70,0,26,73,280,4,True,False,False,97,0,1,800000,800000,79,84,72,85,69,25,6,6,6,27,36,10,5,3,79,19,29,70,22,73
775553045,JAX,Jaguars,553388403,Tom Rathman,FB,44,99,99,2,21,74,238,1,True,False,False,97,0,1,1550000,1750000,83,84,78,86,91,10,10,6,6,91,64,59,52,50,35,12,15,15,22,15
775553045,JAX,Jaguars,553387902,Reshad Jones,FS,20,97,97,2,22,73,215,1,True,False,False,97,0,2,4000000,3000000,88,87,86,85,93,25,15,10,10,70,75,70,70,65,92,90,92,88,85,88
775553045,JAX,Jaguars,553388758,Calen Bullock,FS,41,81,81,1,21,74,188,0,True,False,False,97,0,1,800000,800000,90,92,88,54,74,35,15,10,6,64,78,37,27,20,79,70,86,54,87,35
775553045,JAX,Jaguars,553387908,Keidron Smith,FS,43,64,64,0,24,74,201,1,True,False,True,97,0,0,0,0,86,86,77,62,65,23,15,10,10,59,72,20,16,11,69,59,68,62,73,41
775553045,JAX,Jaguars,553388230,Curtis Martin,HB,28,99,99,3,22,71,210,1,True,False,False,97,0,2,6000000,5000000,91,93,93,78,96,28,24,22,18,97,78,70,64,58,54,48,52,42,40,38
775553045,JAX,Jaguars,553386458,Terrell Davis,HB,30,92,92,3,24,70,220,3,True,False,False,97,0,4,5400000,1500000,88,90,86,88,95,32,10,10,10,94,83,72,67,60,65,15,20,80,21,10
775553045,JAX,Jaguars,553386150,Deuce McAllister,HB,26,90,90,2,22,73,232,1,True,False,False,97,0,2,1900000,1000000,89,88,84,88,88,36,34,26,21,92,74,66,62,54,57,33,38,55,72,34
775553045,JAX,Jaguars,553389098,Jonathon Brooks,HB,27,80,80,1,21,72,216,0,True,False,False,97,0,1,800000,800000,90,91,90,70,77,23,20,15,10,92,65,65,58,51,38,23,30,35,24,10
775553045,JAX,Jaguars,553387553,Jason Hanson,K,4,96,96,2,26,74,190,1,True,False,False,97,0,4,5400000,1500000,65,70,68,58,94,12,10,10,10,40,22,15,10,10,62,61,65,53,69,41
775553045,JAX,Jaguars,553386684,DeMarcus Lawrence,LEDGE,90,92,92,2,21,75,265,1,True,False,False,97,0,4,10000000,4000000,83,84,78,88,94,25,6,6,6,42,33,15,8,4,91,39,50,95,75,87
775553045,JAX,Jaguars,553388248,Jermaine Johnson II,LEDGE,91,78,78,1,25,77,262,2,True,False,False,97,0,3,2400000,850000,85,88,83,82,77,21,6,6,6,44,48,19,12,9,87,32,43,78,33,76
775553045,JAX,Jaguars,553387984,Mason McCormick,LG,70,74,74,1,24,77,315,0,True,False,False,97,0,3,9670000,800000,70,79,61,90,68,28,9,7,6,20,26,10,7,5,37,10,10,35,83,20
775553045,JAX,Jaguars,553388832,Josh Sills,LG,60,61,61,0,26,78,325,2,True,False,False,97,0,1,1030000,1030000,64,66,64,78,63,25,5,5,5,40,35,22,16,14,25,11,11,33,79,23
775553045,JAX,Jaguars,553388347,Trent Williams,LT,71,98,98,2,21,77,320,1,True,False,False,97,0,3,13500000,8000000,77,75,72,98,93,12,6,6,6,40,20,15,5,5,39,10,14,32,18,10
775553045,JAX,Jaguars,553388762,Andre Dillard,LT,75,70,70,0,28,77,315,5,True,False,False,97,0,1,800000,800000,73,79,70,86,81,30,6,6,6,38,22,15,5,5,36,13,15,35,27,15
775553045,JAX,Jaguars,553386610,Sean Lee,MIKE,50,97,97,2,21,75,245,1,True,False,False,97,0,5,54840000,9000000,87,90,88,82,96,30,6,6,6,65,55,50,50,50,95,78,80,90,88,85
775553045,JAX,Jaguars,553387143,AJ Edds,MIKE,52,85,85,0,22,73,233,1,True,False,False,97,0,2,1600000,850000,80,82,78,75,92,17,6,6,6,48,55,28,18,10,88,75,81,75,64,69
775553045,JAX,Jaguars,553389070,Jordyn Brooks,MIKE,55,77,77,1,26,72,240,4,True,False,False,97,0,1,800000,800000,88,87,86,73,83,25,6,6,6,56,56,15,5,5,84,53,59,70,76,59
775553045,JAX,Jaguars,553386069,Zaire Barnes,MIKE,53,66,66,0,24,73,232,1,True,False,True,97,0,0,0,0,88,91,83,67,59,28,24,22,18,56,60,37,31,24,78,67,65,62,85,58
775553045,JAX,Jaguars,553388475,Mitch Wishnowsky,P,3,79,79,0,32,74,220,5,True,False,False,97,0,3,2850000,1000000,84,87,71,56,64,34,30,30,25,50,33,15,15,15,52,10,27,23,22,10
775553045,JAX,Jaguars,553388776,George Blanda,QB,16,99,99,3,22,74,215,1,True,False,False,97,0,5,50000000,20000000,62,64,65,73,99,99,96,94,93,63,34,22,18,15,31,13,12,24,22,10
775553045,JAX,Jaguars,553386701,Jared Goff,QB,12,93,93,1,23,76,223,1,True,False,False,97,0,3,4050000,1500000,78,81,74,64,81,97,97,94,95,58,24,18,17,15,27,12,18,21,22,9
775553045,JAX,Jaguars,553388800,Tony Romo,QB,9,93,93,2,21,74,220,1,True,False,False,97,0,3,4050000,1350000,75,76,78,65,92,93,95,94,90,70,50,40,35,30,40,40,40,30,30,40
775553045,JAX,Jaguars,553387510,Derek Carr,QB,6,75,75,1,33,75,215,10,True,False,False,97,0,1,800000,800000,83,84,78,61,72,91,88,82,82,58,33,15,14,12,18,12,15,18,32,10
775553045,JAX,Jaguars,553388796,Joe Klecko,REDGE,73,95,95,3,22,75,265,1,True,False,False,97,0,4,24000000,12000000,76,82,70,96,96,14,10,8,6,72,58,36,32,30,95,36,40,96,98,86
775553045,JAX,Jaguars,553386512,Ed Too Tall Jones,REDGE,92,90,90,1,22,81,270,1,True,False,False,97,0,3,3450000,1250000,82,78,75,90,94,12,6,6,6,55,40,20,15,10,88,30,35,95,96,76
775553045,JAX,Jaguars,553386040,Logan Lee,REDGE,74,67,67,0,24,77,286,0,True,False,True,97,0,0,0,0,71,73,78,83,70,23,6,6,6,38,40,12,7,3,81,17,26,72,22,68
775553045,JAX,Jaguars,553387746,Quinn Meinerz,RG,77,88,88,1,25,75,320,3,True,False,False,97,0,2,3900000,2250000,73,77,66,93,87,21,6,6,6,22,25,15,7,3,32,12,17,33,72,27
775553045,JAX,Jaguars,553387797,O'Cyrus Torrence,RG,72,72,72,1,24,77,347,1,True,False,False,97,0,1,800000,800000,61,68,50,91,72,21,7,6,5,34,25,10,7,5,35,7,8,39,20,10
775553045,JAX,Jaguars,553385992,Trent Brown,RT,78,95,95,1,20,80,370,1,True,False,False,97,0,4,7000000,2000000,70,60,54,91,97,25,6,6,6,32,35,12,5,5,40,12,15,31,32,10
775553045,JAX,Jaguars,553387616,Colby Sorsdal,RT,74,65,65,0,24,78,304,1,True,False,False,97,0,1,800000,800000,67,66,59,80,72,10,6,6,6,41,34,15,10,5,31,11,12,25,21,10
775553045,JAX,Jaguars,553387026,Bruce Irvin,SAM,57,99,99,3,22,75,258,12,True,False,False,97,0,4,18000000,8500000,99,99,80,80,87,25,6,6,6,63,99,39,28,21,99,47,99,93,26,90
775553045,JAX,Jaguars,553386508,Josh Uche,SAM,43,70,70,1,25,75,245,4,True,False,False,97,0,1,800000,800000,87,91,84,73,66,21,5,5,5,44,48,18,10,5,83,49,56,70,74,77
775553045,JAX,Jaguars,553388037,Justin Reid,SS,37,83,83,1,27,73,207,6,True,False,False,97,0,2,3500000,2000000,91,91,91,66,87,26,15,10,10,63,72,20,10,10,72,75,76,60,24,46
775553045,JAX,Jaguars,553386257,Ashtyn Davis,SS,23,75,75,0,27,73,202,4,True,False,False,97,0,1,800000,800000,93,93,89,60,76,37,6,6,14,64,74,44,35,30,64,64,75,49,32,32
775553045,JAX,Jaguars,553388891,Daniel Scott,SS,31,68,68,0,25,73,208,1,True,False,True,97,0,0,0,0,91,93,91,67,64,35,34,28,24,60,70,45,41,39,61,70,68,47,30,55
775553045,JAX,Jaguars,553386263,Dominique Hampton,SS,45,68,68,0,24,75,220,0,True,False,True,97,0,0,0,0,91,91,89,70,60,27,19,13,12,62,64,35,30,31,72,63,68,64,83,30
775553045,JAX,Jaguars,553386104,Pete Metzelaars,TE,88,99,99,3,20,79,254,1,True,False,False,97,0,5,18860000,2500000,65,70,68,72,79,10,10,10,10,60,87,90,86,80,40,40,45,35,45,48
775553045,JAX,Jaguars,553386154,Charles Clay,TE,82,84,84,1,22,75,255,1,True,False,False,97,0,4,4600000,1250000,83,82,79,75,75,30,54,50,39,82,83,81,80,73,50,40,40,45,50,50
775553045,JAX,Jaguars,553386719,Kylen Granson,TE,84,69,69,0,26,74,242,3,True,False,False,97,0,1,800000,800000,85,89,82,69,69,27,15,10,5,74,79,64,59,58,38,11,19,37,29,10
775553045,JAX,Jaguars,553386693,Ja'Tavion Sanders,TE,85,68,68,0,21,76,243,0,True,False,True,97,0,0,0,0,83,90,79,67,68,31,15,10,6,78,81,66,64,57,49,16,21,27,78,25
775553045,JAX,Jaguars,553388385,A.J. Barner,TE,88,66,66,0,22,78,251,0,True,False,True,97,0,0,0,0,78,85,83,78,63,23,20,15,10,74,80,63,55,51,34,12,14,34,88,10
775553045,JAX,Jaguars,553388606,Derrick Thomas,WILL,58,99,99,3,22,74,255,1,True,False,False,97,0,6,26340000,15000000,94,96,93,88,91,10,10,10,10,68,65,10,10,10,96,72,74,93,95,92
775553045,JAX,Jaguars,553387780,Alex Highsmith,WILL,56,85,85,1,27,76,242,4,True,False,False,97,0,2,2300000,1250000,85,87,82,85,93,24,6,6,6,46,56,10,5,5,88,55,63,80,28,88
775553045,JAX,Jaguars,553388279,DeSean Jackson,WR,10,99,99,2,22,70,175,1,True,False,False,97,0,2,18000000,18000000,99,99,98,56,88,26,15,10,6,99,93,90,92,95,38,16,24,41,28,10
775553045,JAX,Jaguars,553389028,A.J. Brown,WR,11,96,96,3,22,73,226,1,True,False,False,97,0,2,9000000,7500000,90,92,86,79,94,41,34,29,25,73,97,97,91,86,23,18,27,26,34,10
775553045,JAX,Jaguars,553388260,DeAndre Hopkins,WR,83,89,89,1,32,73,212,11,True,False,False,97,0,2,1900000,1000000,89,87,87,78,89,35,15,10,10,72,91,88,87,86,52,32,35,45,20,32
775553045,JAX,Jaguars,553386633,Dante Hall,WR,80,87,87,1,22,70,185,1,True,False,False,97,0,3,4650000,1750000,98,97,99,55,84,15,10,8,5,94,88,76,73,74,40,50,55,45,50,90
775553045,JAX,Jaguars,553386657,Malik Nabers,WR,89,82,82,1,21,72,199,0,True,False,False,97,0,3,2400000,850000,93,92,92,61,76,31,15,10,6,80,90,84,83,82,30,12,18,27,29,11
775553045,JAX,Jaguars,553387816,Richie James,WR,17,75,75,0,28,69,185,6,True,False,False,97,0,1,800000,800000,90,91,88,44,76,46,39,34,26,73,86,76,75,74,27,16,23,23,30,10
775553045,JAX,Jaguars,553386623,Lance McCutcheon,WR,85,64,64,0,25,75,202,2,True,False,True,97,0,0,0,0,87,91,89,67,45,27,25,21,19,75,74,64,65,62,39,39,42,25,26,29
775553046,NYJ,Jets,553388246,Frank Ragnow,C,77,93,93,2,28,77,311,6,True,False,False,97,0,2,3800000,2250000,74,76,58,92,96,17,6,6,6,29,23,15,10,5,29,10,11,27,72,10
775553046,NYJ,Jets,553388842,Jacob Monk,C,62,68,68,0,23,75,308,0,True,False,False,97,0,1,800000,800000,69,76,67,83,73,25,15,11,10,25,27,15,8,5,28,11,10,21,77,21
775553046,NYJ,Jets,553387447,Night Train Lane,CB,35,99,99,3,22,73,194,1,True,False,False,97,0,5,50000000,20000000,94,95,91,85,97,20,20,20,20,80,90,55,50,45,92,98,96,84,70,72
775553046,NYJ,Jets,553386290,Aaron Ross,CB,31,92,92,1,22,72,192,1,True,False,False,97,0,2,4000000,3000000,93,94,91,66,88,25,17,14,12,70,78,58,55,63,78,91,86,75,41,47
775553046,NYJ,Jets,553388709,Fred Williamson,CB,38,86,86,1,22,74,205,1,True,False,False,97,0,3,4650000,1750000,88,90,86,78,80,26,6,6,6,70,74,46,48,50,79,89,84,72,65,60
775553046,NYJ,Jets,553386868,Terrion Arnold,CB,23,77,77,1,22,72,189,0,True,False,False,97,0,3,2400000,800000,90,94,93,58,69,35,24,22,19,64,78,51,46,41,71,78,80,45,92,34
775553046,NYJ,Jets,553386550,Jeff Okudah,CB,11,76,76,0,25,73,202,4,True,False,False,97,0,1,800000,800000,91,90,89,66,74,21,16,11,7,64,62,36,33,27,73,72,76,51,79,38
775553046,NYJ,Jets,553387201,Terell Smith,CB,32,71,71,0,25,73,207,1,True,False,True,97,0,0,0,0,92,95,83,63,67,26,6,6,6,56,65,33,26,16,65,65,72,57,77,45
775553046,NYJ,Jets,553388345,Quinnen Williams,DT,95,94,94,2,26,75,303,5,True,False,False,97,0,3,13500000,8000000,80,84,79,92,95,23,6,6,6,39,34,13,8,5,93,18,30,93,21,80
775553046,NYJ,Jets,553388078,Gerald McCoy,DT,93,90,90,1,22,76,315,1,True,False,False,97,0,4,7000000,2000000,79,80,82,95,87,40,40,40,40,40,40,40,40,40,88,35,40,88,90,85
775553046,NYJ,Jets,553389124,Curtis Brooks,DT,68,70,70,0,26,74,285,2,True,False,False,97,0,1,1030000,1030000,76,76,71,85,66,21,6,6,6,31,34,21,15,10,76,21,22,67,84,63
775553046,NYJ,Jets,553388866,Leki Fotu,DT,90,70,70,0,26,77,334,4,True,False,False,97,0,1,4170000,4170000,73,69,61,88,73,19,6,6,6,42,36,18,14,12,78,13,24,71,29,55
775553046,NYJ,Jets,553386484,Kyle Juszczyk,FB,44,91,91,2,21,74,235,1,True,False,False,97,0,1,1550000,1750000,84,84,81,85,87,35,20,15,10,76,76,76,66,60,45,15,20,33,26,35
775553046,NYJ,Jets,553388975,Minkah Fitzpatrick,FS,39,93,93,2,27,73,207,6,True,False,False,97,0,4,7000000,2250000,91,92,91,64,91,15,6,6,6,66,79,28,23,18,79,81,95,60,86,50
775553046,NYJ,Jets,553387997,Julian Love,FS,29,84,84,1,26,71,195,5,True,False,False,97,0,2,1900000,1000000,91,89,89,60,86,29,6,6,6,65,76,38,30,22,76,76,82,55,30,33
775553046,NYJ,Jets,553387213,Joey Blount,FS,32,64,64,0,25,73,201,2,True,False,True,97,0,0,0,0,92,94,87,65,62,26,15,10,8,61,62,28,24,19,60,58,64,51,82,40
775553046,NYJ,Jets,553386931,Billy Sims,HB,25,97,97,2,22,71,206,3,True,False,False,97,0,5,7760000,1750000,95,93,94,78,91,25,20,20,20,96,70,55,50,45,28,17,23,30,72,10
775553046,NYJ,Jets,553386863,Freeman McNeil,HB,21,89,89,2,21,71,214,1,True,False,False,97,0,4,5400000,1500000,89,92,91,76,87,24,20,18,16,89,75,68,62,54,48,42,44,40,36,34
775553046,NYJ,Jets,553389048,Kareem Hunt,HB,27,87,87,1,20,70,216,1,True,False,False,97,0,4,4600000,1250000,90,91,91,78,87,27,24,20,17,85,78,72,70,65,35,35,40,25,25,25
775553046,NYJ,Jets,553386566,Dameon Pierce,HB,22,81,81,1,24,70,218,2,True,False,False,97,0,1,800000,800000,89,91,82,84,75,26,20,15,10,89,67,60,52,44,41,12,16,39,29,10
775553046,NYJ,Jets,553388478,Tyrone Tracy Jr,HB,29,69,69,0,24,73,210,0,True,False,True,97,0,0,0,0,90,91,90,72,54,24,20,15,10,91,69,68,63,61,29,13,19,24,72,10
775553046,NYJ,Jets,553386672,Graham Gano,K,9,79,79,0,21,74,202,1,True,False,False,97,0,3,2850000,1000000,75,77,64,63,65,27,35,30,25,35,35,10,10,10,34,12,12,13,72,10
775553046,NYJ,Jets,553387437,Anders Carlson,K,17,69,69,0,26,77,219,1,True,False,True,97,0,0,0,0,69,67,54,51,55,37,34,31,26,35,31,15,15,15,28,10,12,18,30,10
775553046,NYJ,Jets,553386005,Harrison Mevis,K,16,69,69,0,22,72,241,0,True,False,True,97,0,0,0,0,70,77,67,44,50,28,30,28,22,29,31,10,10,10,25,10,9,15,30,10
775553046,NYJ,Jets,553386486,Michael Bennett,LEDGE,72,90,90,2,22,76,274,1,True,False,False,97,0,2,9000000,7500000,78,84,74,89,90,6,6,6,6,50,32,17,9,5,90,26,35,92,91,89
775553046,NYJ,Jets,553387747,Dante Fowler,LEDGE,97,76,76,0,30,75,261,9,True,False,False,97,0,1,800000,800000,83,86,81,73,78,25,6,6,6,55,51,15,8,4,79,41,45,67,82,77
775553046,NYJ,Jets,553387468,Zion Johnson,LG,59,75,75,1,24,75,316,2,True,False,False,97,0,3,5250000,1750000,66,76,71,90,77,28,6,6,6,34,25,10,5,5,34,12,10,27,83,20
775553046,NYJ,Jets,553387041,Jarrett Kingston,LG,58,69,69,0,24,76,305,0,True,False,False,97,0,1,800000,800000,72,77,66,90,74,20,8,7,6,28,25,10,5,5,25,10,12,28,84,25
775553046,NYJ,Jets,553386914,Cooper Hodges,LG,77,65,65,0,24,75,311,1,True,False,True,97,0,0,0,0,69,60,55,87,71,21,10,8,6,22,31,21,15,10,35,10,11,22,73,24
775553046,NYJ,Jets,553387045,Laremy Tunsil,LT,78,94,94,2,30,77,313,8,True,False,False,97,0,4,7800000,2250000,70,67,67,92,94,22,6,6,6,31,26,19,9,6,35,11,13,27,20,14
775553046,NYJ,Jets,553388769,Dan Moore,LT,65,73,73,0,25,77,315,3,True,False,False,97,0,3,2400000,850000,65,66,66,89,85,13,6,6,6,36,27,13,5,5,36,12,13,29,73,16
775553046,NYJ,Jets,553387152,Richard Butkus,MIKE,51,99,99,3,20,75,245,1,True,False,False,97,0,4,24000000,12000000,84,86,82,92,99,18,15,12,10,70,78,55,48,40,99,71,85,97,90,78
775553046,NYJ,Jets,553388504,Demario Davis,MIKE,56,92,92,3,35,74,248,12,True,False,False,97,0,2,1900000,1000000,88,87,79,85,98,25,6,6,6,62,63,15,5,5,93,71,79,79,30,64
775553046,NYJ,Jets,553386159,Troy Dye,MIKE,43,71,71,0,27,75,225,4,True,False,False,97,0,1,800000,800000,87,88,82,71,72,30,15,10,10,55,61,37,31,25,79,66,71,66,21,53
775553046,NYJ,Jets,553386233,Pat McAfee,P,8,91,91,1,22,72,195,7,True,False,False,97,0,4,5400000,1500000,80,83,85,70,88,10,10,10,10,40,45,10,10,10,65,50,50,50,40,45
775553046,NYJ,Jets,553386017,Philip Rivers,QB,17,97,97,2,21,77,228,1,True,False,False,97,0,2,18000000,18000000,61,62,67,77,92,94,99,98,97,51,60,60,55,50,30,10,15,25,33,8
775553046,NYJ,Jets,553386084,Rich Gannon,QB,19,92,92,1,24,74,215,1,True,False,False,97,0,3,4050000,1500000,79,80,78,67,93,92,94,94,91,77,30,13,10,10,22,12,15,18,21,10
775553046,NYJ,Jets,553386899,Tyrod Taylor,QB,2,83,83,1,22,73,217,1,True,False,False,97,0,1,800000,800000,88,90,89,72,83,92,89,90,88,82,42,34,30,28,58,32,35,34,28,30
775553046,NYJ,Jets,553387118,**** #######,REDGE,99,91,91,2,22,75,265,1,True,False,False,97,0,4,18000000,8500000,84,88,82,84,88,6,6,6,6,70,23,10,3,2,95,28,34,91,87,93
775553046,NYJ,Jets,553387589,Carl Granderson,REDGE,96,77,77,1,27,77,261,5,True,False,False,97,0,3,2400000,850000,82,85,75,75,84,24,6,6,6,29,38,18,11,7,88,33,44,81,21,77
775553046,NYJ,Jets,553388962,Dante Stills,REDGE,55,68,68,0,24,76,286,1,True,False,True,97,0,0,0,0,76,83,71,80,73,25,19,15,10,40,44,15,14,12,79,23,28,75,40,65
775553046,NYJ,Jets,553387730,Logan Hall,REDGE,90,68,68,0,24,78,283,2,True,False,True,97,0,0,0,0,76,83,75,85,71,28,6,6,6,35,37,21,14,10,80,20,28,68,28,64
775553046,NYJ,Jets,553388854,Alex Cappa,RG,50,79,79,1,29,78,310,6,True,False,False,97,0,4,6200000,1750000,69,63,59,85,89,16,6,6,6,46,51,34,24,16,43,12,12,39,30,39
775553046,NYJ,Jets,553387037,Ricky Stromberg,RG,53,72,72,1,23,76,313,1,True,False,False,97,0,1,800000,800000,64,75,67,83,72,23,6,6,6,26,21,10,5,5,46,12,13,51,26,39
775553046,NYJ,Jets,553388102,Nick Zakelj,RG,63,63,63,0,25,78,316,2,True,False,True,97,0,0,0,0,68,83,60,85,70,17,6,6,6,35,37,30,26,22,35,10,10,40,35,32
775553046,NYJ,Jets,553386058,Penei Sewell,RT,70,98,98,3,23,78,325,3,True,False,False,97,0,3,15000000,10000000,69,73,89,97,97,18,6,6,6,35,44,28,17,5,32,12,12,35,73,16
775553046,NYJ,Jets,553386664,Billy Turner,RT,74,69,69,0,32,77,313,10,True,False,False,97,0,1,800000,800000,67,63,55,84,79,11,6,6,6,40,35,15,5,5,34,12,13,25,24,10
775553046,NYJ,Jets,553386948,Terrell Suggs,SAM,55,95,95,3,25,75,265,1,True,False,False,97,0,4,10000000,4000000,78,86,80,92,96,10,6,6,6,76,58,30,26,22,97,67,72,90,94,80
775553046,NYJ,Jets,553388093,Khaleke Hudson,SAM,45,71,71,0,26,72,220,4,True,False,False,97,0,1,800000,800000,88,90,84,68,72,25,6,6,6,60,60,34,24,16,80,60,69,64,28,58
775553046,NYJ,Jets,553387371,Brian Dawkins,SS,20,99,99,3,21,72,210,1,True,False,False,97,0,5,34940000,9000000,93,95,92,85,99,23,6,6,6,88,78,40,35,30,99,89,95,93,86,84
775553046,NYJ,Jets,553386875,Sherrod Martin,SS,30,83,83,0,22,73,198,2,True,False,False,97,0,2,1600000,850000,88,89,84,68,76,12,10,10,10,70,72,42,40,38,80,78,83,74,60,65
775553046,NYJ,Jets,553386743,Marcedes Lewis,TE,85,99,99,1,20,77,265,1,True,False,False,97,0,5,20000000,6500000,76,79,78,90,89,30,28,25,20,72,88,84,83,78,60,40,45,80,75,78
775553046,NYJ,Jets,553387631,Trey McBride,TE,86,83,83,1,24,76,246,2,True,False,False,97,0,2,2300000,1250000,87,90,76,73,86,33,15,10,6,75,91,74,72,69,38,15,20,45,23,29
775553046,NYJ,Jets,553387331,Theo Johnson,TE,47,77,77,1,23,78,264,0,True,False,False,97,0,1,800000,800000,87,90,79,75,67,29,27,15,10,76,82,67,75,67,31,12,14,27,25,20
775553046,NYJ,Jets,553386889,Grant Calcaterra,TE,81,66,66,0,25,76,240,2,True,False,True,97,0,0,0,0,85,89,80,72,68,25,15,10,6,75,77,66,62,60,30,12,15,23,26,10
775553046,NYJ,Jets,553387180,Cameron Latu,TE,88,65,65,0,24,77,244,1,True,False,True,97,0,0,0,0,80,84,74,73,69,25,15,10,5,69,76,66,62,54,50,21,27,49,77,29
775553046,NYJ,Jets,553388160,Dre Greenlaw,WILL,57,87,87,1,27,72,230,5,True,False,False,97,0,2,3900000,2250000,86,88,81,72,91,20,6,6,6,55,71,33,25,20,90,74,78,71,32,61
775553046,NYJ,Jets,553388135,Byron Young,WILL,0,74,74,1,26,74,248,1,True,False,False,97,0,1,800000,800000,92,93,77,74,76,25,6,6,6,61,53,41,34,29,84,46,53,73,35,71
775553046,NYJ,Jets,553386345,Justin Jefferson,WR,18,99,99,3,25,73,195,4,True,False,False,97,0,7,106030000,15000000,92,94,93,65,99,43,35,30,24,75,99,99,99,97,36,18,26,24,35,24
775553046,NYJ,Jets,553386998,Demaryius Thomas,WR,14,92,92,2,22,75,236,7,True,False,False,97,0,6,79130000,2500000,91,90,90,76,96,36,20,15,15,81,92,92,90,89,35,20,26,28,71,10
775553046,NYJ,Jets,553389071,Joey Galloway,WR,84,91,91,0,22,71,197,1,True,False,False,97,0,3,3450000,1250000,96,95,92,75,88,30,25,20,20,88,90,88,90,92,50,40,45,50,40,45
775553046,NYJ,Jets,553387000,Jerricho Cotchery,WR,89,85,85,1,22,73,200,1,True,False,False,97,0,2,1600000,800000,88,90,86,68,89,22,20,18,16,82,90,89,86,80,52,38,42,38,40,32
775553046,NYJ,Jets,553387594,Ronnie Bell,WR,87,80,80,0,24,72,192,1,True,False,False,97,0,1,800000,800000,88,90,90,58,72,47,30,26,21,72,93,80,81,83,26,13,18,26,26,10
775553046,NYJ,Jets,553386148,Adonai Mitchell,WR,10,78,78,1,21,74,205,0,True,False,False,97,0,1,800000,800000,94,95,91,51,68,45,25,20,15,74,86,75,79,81,27,10,17,26,82,10
775553046,NYJ,Jets,553388132,Brenden Rice,WR,82,68,68,0,22,75,210,0,True,False,True,97,0,0,0,0,89,90,84,61,60,38,25,20,15,71,79,77,76,72,20,21,16,20,21,13
775553047,DET,Lions,553386551,Olin Kreutz,C,53,95,95,2,22,74,292,1,True,False,False,97,0,2,4000000,3000000,70,78,76,92,96,22,6,6,6,30,28,10,5,5,35,11,13,23,23,12
775553047,DET,Lions,553386734,Nick Gates,C,79,70,70,0,28,77,312,6,True,False,False,97,0,1,800000,800000,63,60,61,82,86,25,6,6,6,29,36,17,12,5,36,12,15,22,29,16
775553047,DET,Lions,553389100,Leon Sandcastle,CB,45,99,99,3,22,73,198,30,True,False,False,97,0,2,18000000,18000000,99,99,99,99,99,99,69,69,69,99,99,99,99,99,99,99,99,99,71,99
775553047,DET,Lions,553387642,Jimmy Johnson,CB,37,97,97,3,22,74,187,1,True,False,False,97,0,2,9000000,7500000,85,87,88,75,92,22,6,6,6,68,80,78,76,74,93,97,95,85,84,90
775553047,DET,Lions,553386445,Sean Murphy-Bunting,CB,25,80,80,1,27,72,195,5,True,False,False,97,0,2,1900000,950000,91,92,89,59,85,29,6,6,6,63,75,42,34,28,55,77,78,58,27,37
775553047,DET,Lions,553388077,Ennis Rakestraw Jr,CB,15,77,77,1,22,72,183,0,True,False,False,97,0,1,800000,800000,89,93,87,57,73,26,21,14,11,53,58,16,14,10,67,83,77,45,71,37
775553047,DET,Lions,553386124,Marco Wilson,CB,22,74,74,0,25,72,191,3,True,False,False,97,0,1,800000,800000,92,92,88,66,76,34,6,6,6,53,67,34,24,22,48,75,70,45,24,53
775553047,DET,Lions,553386537,D.J. James,CB,35,69,69,0,23,72,175,0,True,False,True,97,0,0,0,0,92,92,90,47,59,24,23,21,11,54,65,40,36,28,56,74,72,40,83,32
775553047,DET,Lions,553388181,Caelen Carson,CB,41,68,68,0,22,72,193,0,True,False,True,97,0,0,0,0,88,93,89,52,63,27,19,11,6,54,68,26,16,14,67,63,70,52,81,27
775553047,DET,Lions,553388096,Albert Haynesworth,DT,92,97,97,2,23,78,350,1,True,False,False,97,0,4,39550000,9000000,71,85,68,97,90,6,6,5,5,44,47,10,5,3,97,38,52,95,98,78
775553047,DET,Lions,553388298,Grover Stewart,DT,90,85,85,1,30,76,315,7,True,False,False,97,0,3,4650000,1750000,74,73,58,91,86,19,6,6,6,26,30,13,5,3,88,22,35,87,71,61
775553047,DET,Lions,553387667,Keeanu Benton,DT,95,83,83,1,23,76,309,1,True,False,False,97,0,3,4050000,1500000,70,75,69,88,84,19,6,6,6,38,35,15,7,6,91,15,21,86,32,62
775553047,DET,Lions,553388695,Kurt Hinish,DT,93,69,69,0,25,74,300,2,True,False,False,97,0,1,800000,800000,70,78,67,88,65,19,6,6,6,34,37,15,7,3,82,12,19,69,29,48
775553047,DET,Lions,553386853,Larry Csonka,FB,39,86,86,2,21,73,232,1,True,False,False,97,0,4,4600000,1250000,79,77,74,93,87,60,52,47,43,84,61,52,45,40,42,30,28,35,28,30
775553047,DET,Lions,553386328,Malcolm Jenkins,FS,27,99,99,1,22,72,204,1,True,False,False,97,0,4,7000000,2250000,91,92,90,83,90,25,20,15,12,78,80,50,45,40,95,91,92,92,85,90
775553047,DET,Lions,553388461,Cole Bishop,FS,24,82,82,1,21,74,206,0,True,False,False,97,0,1,800000,800000,91,93,84,64,77,36,35,32,24,65,67,15,15,12,77,65,86,62,24,53
775553047,DET,Lions,553386891,Christian McCaffrey,HB,23,99,99,3,21,71,205,1,True,False,False,97,0,5,20000000,6500000,91,93,95,74,99,52,45,41,33,96,83,83,76,67,36,12,17,32,77,10
775553047,DET,Lions,553386217,**** Portis,HB,26,95,95,2,25,71,219,1,True,False,False,97,0,4,5400000,1500000,92,94,93,78,90,15,15,11,10,90,73,72,68,61,68,31,32,58,83,67
775553047,DET,Lions,553386076,Cadillac Williams,HB,28,93,93,1,22,71,225,1,True,False,False,97,0,2,1900000,1000000,90,92,85,88,89,25,20,15,10,94,65,75,65,50,55,50,55,50,70,65
775553047,DET,Lions,553386513,Samaje Perine,HB,29,76,76,1,28,70,236,8,True,False,False,97,0,1,800000,800000,87,88,80,84,75,31,28,23,19,97,74,64,55,45,40,15,13,37,23,10
775553047,DET,Lions,553388378,Audric Estime,HB,37,70,70,0,20,71,227,0,True,False,True,97,0,0,0,0,87,90,85,75,77,25,20,15,10,86,66,55,48,41,35,10,20,32,29,11
775553047,DET,Lions,553389102,Chris Boswell,K,18,81,81,0,33,74,185,10,True,False,False,97,0,3,2850000,1000000,73,73,63,44,71,29,37,33,27,45,29,10,10,10,35,12,12,10,86,10
775553047,DET,Lions,553388195,Lee Roy Selmon,LEDGE,63,95,95,2,22,75,256,1,True,False,False,97,0,3,15000000,10000000,85,88,82,93,90,43,40,36,29,32,35,10,8,4,93,60,62,94,94,88
775553047,DET,Lions,553386034,Sebastian Joseph-Day,LEDGE,94,74,74,1,29,76,310,6,True,False,False,97,0,1,800000,800000,74,79,69,86,79,10,6,6,6,24,21,15,7,3,87,20,26,76,31,57
775553047,DET,Lions,553387478,Isaiah McGuire,LEDGE,60,64,64,0,23,76,271,1,True,False,True,97,0,0,0,0,79,88,75,79,64,20,6,6,6,35,34,15,9,6,76,29,42,69,29,59
775553047,DET,Lions,553388893,David Diehl,LG,66,91,91,1,22,77,319,1,True,False,False,97,0,2,3900000,2250000,62,67,65,91,92,15,7,6,5,58,28,12,8,5,30,6,10,18,12,14
775553047,DET,Lions,553388319,Chuma Edoga,LG,68,71,71,0,27,75,308,5,True,False,False,97,0,1,800000,800000,71,68,67,84,78,23,6,6,6,24,29,17,7,5,36,12,15,26,32,10
775553047,DET,Lions,553386167,Jake Matthews,LT,70,93,93,1,21,77,309,1,True,False,False,97,0,2,3800000,2250000,63,68,70,92,95,5,5,6,6,68,35,28,18,10,32,12,15,28,20,15
775553047,DET,Lions,553386246,Rasheed Walker,LT,77,77,77,0,24,78,324,2,True,False,False,97,0,3,2400000,850000,64,73,62,86,79,22,6,6,6,36,30,10,5,5,43,10,12,46,20,39
775553047,DET,Lions,553388965,Josiah Ezirim,LT,72,64,64,0,23,78,329,0,True,False,True,97,0,0,0,0,67,65,66,88,65,16,6,6,5,42,39,26,20,15,56,10,12,59,82,49
775553047,DET,Lions,553386497,D'Qwell Jackson,MIKE,52,95,95,2,22,72,240,1,True,False,False,97,0,4,7000000,2000000,84,85,80,84,93,20,20,20,18,75,68,58,52,45,96,71,80,92,70,63
775553047,DET,Lions,553388392,London Fletcher,MIKE,59,95,95,3,22,70,242,1,True,False,False,97,0,3,13500000,8000000,85,89,84,83,98,25,6,6,6,42,60,55,50,45,94,73,85,86,78,70
775553047,DET,Lions,553387338,Devin Lloyd,MIKE,33,82,82,1,25,75,235,2,True,False,False,97,0,2,1600000,850000,84,91,79,78,82,28,16,12,10,65,73,32,30,28,85,64,73,76,76,64
775553047,DET,Lions,553387205,Aubrey Miller,MIKE,52,63,63,0,25,72,229,1,True,False,True,97,0,0,0,0,82,84,74,71,64,20,10,8,6,60,50,38,34,27,79,43,48,64,27,44
775553047,DET,Lions,553388244,Tariq Carpenter,MIKE,49,63,63,0,25,75,230,2,True,False,True,97,0,0,0,0,88,92,74,67,68,24,15,15,15,59,63,35,30,26,74,58,64,66,30,42
775553047,DET,Lions,553387429,Blake Gillikin,P,19,77,77,0,26,74,196,4,True,False,False,97,0,2,1900000,1000000,74,77,64,49,62,40,26,22,16,30,35,15,15,15,28,10,25,23,74,10
775553047,DET,Lions,553387346,Troy Aikman,QB,8,99,99,3,22,76,220,1,True,False,False,97,0,5,50000000,20000000,74,75,76,72,95,96,96,98,96,68,55,45,40,35,24,13,18,22,23,10
775553047,DET,Lions,553386751,Doug Williams,QB,17,89,89,2,22,76,220,1,True,False,False,97,0,4,5400000,1500000,72,75,69,77,85,97,92,91,90,56,29,18,17,15,24,12,18,21,17,9
775553047,DET,Lions,553389131,Kenny Pickett,QB,7,74,74,1,26,75,225,2,True,False,False,97,0,1,800000,800000,81,87,80,68,73,87,89,83,84,51,45,25,15,12,29,9,10,25,79,5
775553047,DET,Lions,553386620,Jordan Travis,QB,3,66,66,0,24,73,200,0,True,False,True,97,0,0,0,0,88,90,88,67,51,86,80,75,73,62,31,13,10,10,22,10,12,19,23,10
775553047,DET,Lions,553387086,Chris Doleman,REDGE,56,99,99,3,24,77,289,1,True,False,False,97,0,6,107710000,15000000,88,92,90,94,98,17,6,6,6,65,66,65,8,5,92,30,30,96,97,93
775553047,DET,Lions,553386955,Derek Barnett,REDGE,96,74,74,0,28,75,259,7,True,False,False,97,0,1,800000,800000,77,76,75,85,83,28,6,6,6,53,49,21,17,13,82,32,46,76,32,66
775553047,DET,Lions,553388614,Steve Wisniewski,RG,76,96,96,2,22,76,295,1,True,False,False,97,0,7,58540000,2500000,68,72,70,92,96,21,6,6,6,70,60,14,5,5,31,12,14,32,21,16
775553047,DET,Lions,553387487,Mark Glowinski,RG,69,74,74,0,32,76,310,9,True,False,False,97,0,1,800000,800000,69,73,62,88,86,12,6,6,6,40,15,15,5,5,35,13,15,15,20,10
775553047,DET,Lions,553388268,Joe Alt,RT,72,82,82,1,21,81,321,0,True,False,False,97,0,2,3500000,2000000,71,77,72,89,82,54,45,43,38,59,57,42,35,25,44,15,13,35,35,36
775553047,DET,Lions,553387482,Daniel Faalele,RT,76,67,67,0,24,80,380,2,True,False,True,97,0,0,0,0,52,46,39,90,55,29,15,12,9,44,34,24,16,10,44,7,7,35,82,13
775553047,DET,Lions,553389107,Larry Borom,RT,75,66,66,0,25,77,333,3,True,False,False,97,0,1,800000,800000,67,69,51,83,78,25,6,6,6,26,24,10,5,5,28,12,15,28,30,10
775553047,DET,Lions,553388630,Darian Kinnard,RT,72,65,65,0,24,77,322,2,True,False,True,97,0,0,0,0,62,72,50,86,55,21,6,6,6,24,23,10,5,5,32,8,8,29,30,12
775553047,DET,Lions,553388557,Matthew Judon,SAM,9,82,82,2,32,75,261,8,True,False,False,97,0,3,5250000,2000000,85,88,78,86,89,22,6,6,6,43,46,13,5,5,86,55,66,75,26,78
775553047,DET,Lions,553386090,YaYa Diaby,SAM,0,74,74,0,25,75,263,1,True,False,False,97,0,1,800000,800000,89,94,77,69,82,23,6,6,6,47,45,25,21,14,86,27,34,77,35,65
775553047,DET,Lions,553386907,Dave Elmendorf,SS,42,96,96,2,22,72,190,1,True,False,False,97,0,4,10000000,4000000,89,90,86,74,94,30,21,17,13,72,76,38,36,34,89,79,93,77,52,60
775553047,DET,Lions,553389088,Ronnie Harrison Jr,SS,48,74,74,0,27,75,214,6,True,False,False,97,0,1,800000,800000,87,89,82,72,76,23,6,6,6,69,74,20,15,10,71,69,74,60,28,53
775553047,DET,Lions,553387328,Travis Kelce,TE,89,99,99,3,22,77,260,1,True,False,False,97,0,4,18000000,8500000,85,87,85,79,98,70,64,53,49,72,96,88,86,80,45,12,14,40,31,20
775553047,DET,Lions,553387064,Frank Wycheck,TE,83,90,90,2,22,75,253,1,True,False,False,97,0,3,3450000,1250000,80,82,78,76,92,29,15,10,6,84,88,84,82,76,30,14,21,46,22,17
775553047,DET,Lions,553387985,Foster Moreau,TE,84,73,73,0,27,76,250,5,True,False,False,97,0,1,800000,800000,83,86,81,76,73,25,20,15,10,75,85,68,64,57,33,12,15,37,32,10
775553047,DET,Lions,553386015,Will Mallory,TE,86,65,65,0,25,76,239,1,True,False,True,97,0,0,0,0,87,89,77,72,66,27,22,16,11,70,78,63,58,56,33,10,15,33,25,10
775553047,DET,Lions,553388786,Mo Lewis,WILL,57,95,95,2,22,75,258,1,True,False,False,97,0,4,7800000,2250000,84,88,82,86,92,12,8,6,4,70,66,38,34,30,96,72,76,91,88,84
775553047,DET,Lions,553387884,Aaron Wallace,WILL,51,79,79,1,22,75,240,1,True,False,False,97,0,3,2400000,850000,86,89,84,78,79,22,6,6,6,68,60,42,38,34,84,62,65,79,78,82
775553047,DET,Lions,553388749,Muhsin Muhammad,WR,87,97,97,3,22,74,215,1,True,False,False,97,0,4,24000000,12000000,92,95,90,76,97,20,15,12,10,91,97,96,95,94,43,26,36,39,29,10
775553047,DET,Lions,553386967,Chad Johnson,WR,85,95,95,2,20,73,192,1,True,False,False,97,0,2,6000000,5000000,93,97,92,79,91,10,10,10,10,89,97,95,93,89,40,21,32,40,76,10
775553047,DET,Lions,553388624,Harlon Hill,WR,86,86,86,1,20,74,205,1,True,False,False,97,0,2,2300000,1250000,90,91,88,72,89,35,30,28,25,82,96,85,88,88,30,40,42,40,40,45
775553047,DET,Lions,553387090,Tank Dell,WR,3,85,85,1,24,70,165,1,True,False,False,97,0,2,2300000,1150000,92,94,90,50,84,27,20,15,10,72,90,84,87,85,21,10,10,18,32,10
775553047,DET,Lions,553386023,Michael Wilson,WR,14,77,77,1,24,74,213,1,True,False,False,97,0,1,800000,800000,87,89,89,72,78,33,25,20,15,70,89,78,80,74,42,10,15,33,65,10
775553047,DET,Lions,553387673,Parker Washington,WR,88,71,71,0,22,70,212,1,True,False,False,97,0,1,800000,800000,89,91,87,66,57,25,15,10,6,75,84,73,77,71,30,10,10,20,22,10
775553047,DET,Lions,553388042,Britain Covey,WR,18,63,63,0,27,68,173,2,True,False,True,97,0,0,0,0,89,93,91,39,53,48,50,49,44,73,75,64,62,57,22,14,15,16,30,10
775553049,GB,Packers,553388503,Connor Williams,C,58,83,83,1,27,77,317,6,True,False,False,97,0,2,3500000,2000000,72,77,58,86,87,16,6,6,6,27,22,22,17,10,33,12,13,35,22,25
775553049,GB,Packers,553387591,Jon Feliciano,C,55,74,74,0,32,76,325,9,True,False,False,97,0,1,800000,800000,72,58,64,85,83,23,6,6,6,40,35,10,5,5,41,12,12,29,71,10
775553049,GB,Packers,553388125,Dick LeBeau,CB,37,96,96,3,23,73,185,1,True,False,False,97,0,4,24000000,12000000,90,93,92,78,95,15,15,15,15,68,84,45,40,35,78,98,97,58,45,50
775553049,GB,Packers,553387548,Trevon Diggs,CB,7,91,91,2,26,74,195,4,True,False,False,97,0,2,4000000,3000000,92,90,87,69,93,35,6,6,6,74,87,60,56,54,74,87,96,57,23,42
775553049,GB,Packers,553386935,Kendall Fuller,CB,29,87,87,1,29,71,198,8,True,False,False,97,0,3,4650000,1750000,89,90,87,67,92,27,6,6,6,63,76,26,16,11,66,89,90,61,35,37
775553049,GB,Packers,553386102,Kelee Ringo,CB,33,75,75,0,22,74,207,1,True,False,False,97,0,1,800000,800000,94,95,84,58,70,35,6,6,6,62,72,45,35,41,61,70,77,44,25,44
775553049,GB,Packers,553386700,Darius Rush,CB,27,69,69,0,24,74,198,1,True,False,True,97,0,0,0,0,93,93,85,53,60,50,43,41,38,63,72,52,49,46,49,70,69,46,22,45
775553049,GB,Packers,553387321,Marcellas Dial,CB,27,68,68,0,23,72,190,0,True,False,True,97,0,0,0,0,90,92,78,62,66,27,17,9,8,57,67,26,16,11,70,70,68,59,19,33
775553049,GB,Packers,553387811,Cory Trice Jr,CB,27,67,67,0,24,75,206,1,True,False,True,97,0,0,0,0,90,91,92,67,57,25,12,11,10,64,72,34,33,31,70,60,68,57,22,38
775553049,GB,Packers,553386954,Gregory Junior,CB,34,65,65,0,25,72,190,2,True,False,True,97,0,0,0,0,91,87,84,64,63,25,6,6,6,55,57,28,24,21,57,65,64,52,73,38
775553049,GB,Packers,553389148,Allan George,CB,42,64,64,0,25,71,191,2,True,False,True,97,0,0,0,0,89,94,85,61,57,30,6,6,6,52,57,26,24,19,59,61,67,36,31,30
775553049,GB,Packers,553389057,Lance Boykin,CB,18,63,63,0,24,74,198,1,True,False,True,97,0,0,0,0,84,84,81,61,66,26,6,6,6,63,69,42,34,25,65,60,68,54,32,45
775553049,GB,Packers,553388421,Delete Me,DT,92,96,96,0,23,78,350,1,True,False,False,97,0,4,7000000,2000000,71,85,68,97,90,6,6,5,5,44,47,10,5,3,93,38,52,94,98,76
775553049,GB,Packers,553387840,Dexter Manley,DT,72,94,94,3,22,75,257,1,True,False,False,97,0,1,4500000,9000000,82,89,78,91,85,20,6,6,6,46,46,15,7,3,92,40,45,93,97,91
775553049,GB,Packers,553387110,Tim Settle Jr,DT,99,72,72,0,27,75,313,6,True,False,False,97,0,1,800000,800000,70,67,57,88,76,16,6,6,6,27,26,15,7,3,79,18,27,74,23,68
775553049,GB,Packers,553386562,Carlos Davis,DT,94,69,69,0,28,74,320,4,True,False,False,97,0,1,800000,800000,78,83,61,85,63,29,6,6,6,40,30,15,10,6,80,12,20,62,82,62
775553049,GB,Packers,553388427,Larry Centers,FB,34,99,99,1,20,72,245,1,True,False,False,97,0,1,1550000,1750000,76,80,78,80,88,32,35,30,24,88,95,92,88,70,29,10,10,10,28,10
775553049,GB,Packers,553388651,Danieal Manning,FS,38,90,90,1,20,71,202,1,True,False,False,97,0,2,3900000,2250000,93,94,89,70,86,27,6,6,6,58,76,26,16,11,85,78,82,72,38,44
775553049,GB,Packers,553386049,Juan Thornhill,FS,24,78,78,1,28,72,205,5,True,False,False,97,0,1,800000,800000,90,89,84,66,83,52,44,40,30,65,76,20,10,10,71,69,75,55,20,49
775553049,GB,Packers,553388318,Barry Sanders,HB,20,99,99,3,22,70,203,3,True,False,False,97,0,2,9000000,7500000,99,99,99,80,95,35,15,10,6,99,75,60,55,45,65,15,25,34,31,10
775553049,GB,Packers,553388683,Edgerrin James,HB,32,96,96,2,21,72,215,1,True,False,False,97,0,4,5400000,1500000,92,95,91,80,91,35,40,32,28,95,80,88,75,60,35,30,35,60,45,90
775553049,GB,Packers,553387613,LeGarrette Blount,HB,25,88,88,1,21,72,250,1,True,False,False,97,0,1,800000,800000,84,86,84,93,86,30,25,20,20,87,70,60,55,50,40,30,35,40,40,40
775553049,GB,Packers,553388623,Clyde Edwards-Helaire,HB,28,86,86,1,21,67,207,1,True,False,False,97,0,2,1900000,1000000,88,90,92,80,85,20,25,20,10,82,78,82,75,60,30,20,25,55,60,85
775553049,GB,Packers,553386665,Julius Chestnut,HB,36,66,66,0,23,71,228,2,True,False,True,97,0,0,0,0,88,91,83,76,64,25,25,20,10,83,68,60,50,45,35,10,12,38,23,10
775553049,GB,Packers,553388558,Adam Vinatieri,K,4,96,96,2,21,74,212,1,True,False,False,97,0,4,5400000,1500000,60,60,55,40,93,25,20,15,10,10,15,10,10,10,50,10,10,10,10,10
775553049,GB,Packers,553388618,Paul Kruger,LEDGE,98,85,85,1,22,76,275,1,True,False,False,97,0,2,3800000,2250000,86,85,82,84,92,15,14,13,12,55,40,35,30,25,89,25,30,87,83,84
775553049,GB,Packers,553388159,Greg Rousseau,LEDGE,50,83,83,1,24,78,266,3,True,False,False,97,0,4,4600000,1250000,83,90,81,81,93,22,6,6,6,48,51,30,26,21,86,35,44,82,24,80
775553049,GB,Packers,553386559,Mike Munchak,LG,63,94,94,3,22,75,285,1,True,False,False,97,0,3,19800000,2500000,62,70,68,94,97,6,5,5,4,62,25,10,8,5,31,10,10,24,35,10
775553049,GB,Packers,553387169,Evan Brown,LG,62,72,72,0,27,74,305,6,True,False,False,97,0,1,800000,800000,69,66,54,90,83,24,5,5,5,29,25,13,5,5,35,12,14,26,30,13
775553049,GB,Packers,553389080,Jake Long,LT,77,91,91,1,21,77,320,1,True,False,False,97,0,4,7800000,2250000,70,70,75,90,86,32,20,15,10,92,65,38,32,25,28,12,18,31,20,10
775553049,GB,Packers,553387554,Trevor Penning,LT,70,73,73,1,25,79,325,2,True,False,False,97,0,1,800000,800000,76,83,74,88,63,23,11,10,7,38,41,31,23,17,27,10,11,33,18,31
775553049,GB,Packers,553387627,Ray Nitschke,MIKE,43,98,98,2,25,75,235,1,True,False,False,97,0,4,18000000,8500000,85,83,82,90,95,20,15,15,15,55,65,60,55,50,97,75,80,92,95,90
775553049,GB,Packers,553388750,Nick Bolton,MIKE,41,86,86,1,24,71,237,3,True,False,False,97,0,2,1900000,1000000,87,84,74,74,89,13,6,6,6,54,64,20,10,6,92,66,66,80,32,51
775553049,GB,Packers,553387450,Matthew Adams,MIKE,49,74,74,0,28,72,230,6,True,False,False,97,0,1,800000,800000,87,87,78,79,79,23,6,6,6,46,53,10,6,5,85,55,63,69,0,50
775553049,GB,Packers,553387260,Anfernee Orji,MIKE,58,62,62,0,23,74,230,1,True,False,True,97,0,0,0,0,87,93,83,67,66,24,15,12,10,54,63,25,20,15,73,48,61,61,21,58
775553049,GB,Packers,553388739,Tommy Townsend,P,6,80,80,1,27,73,191,4,True,False,False,97,0,3,2850000,1000000,82,85,65,43,69,58,49,41,33,40,20,15,15,15,35,16,24,32,21,10
775553049,GB,Packers,553389065,Warren Moon,QB,1,99,99,3,24,75,221,1,True,False,False,97,0,5,50000000,20000000,78,80,76,74,96,97,97,96,97,75,63,39,35,24,44,68,64,39,30,32
775553049,GB,Packers,553386142,Carson Palmer,QB,15,94,94,2,20,77,235,1,True,False,False,97,0,3,4050000,1500000,78,83,80,72,96,95,96,90,92,62,30,20,18,16,25,18,20,25,22,20
775553049,GB,Packers,553386161,Carson Wentz,QB,9,83,83,1,20,77,237,1,True,False,False,97,0,1,800000,800000,78,82,75,70,86,88,90,89,87,35,40,30,30,30,20,35,40,25,20,20
775553049,GB,Packers,553389136,Stetson Bennett IV,QB,16,62,62,0,26,71,190,1,True,False,True,97,0,0,0,0,84,90,85,55,64,84,81,72,77,55,27,10,10,10,20,9,13,11,23,9
775553049,GB,Packers,553387166,Richard Dent,REDGE,95,95,95,2,20,77,260,1,False,False,False,23,3,3,15000000,10000000,88,86,84,92,93,30,28,25,20,70,60,60,55,50,90,50,48,94,97,90
775553049,GB,Packers,553388301,Eric Watts,REDGE,90,73,73,0,23,78,274,0,True,False,False,97,0,1,800000,800000,83,88,65,79,67,32,25,19,14,41,35,18,16,14,76,28,21,70,88,69
775553049,GB,Packers,553386526,Max Montoya,RG,65,99,99,2,20,77,282,1,True,False,False,97,0,5,20000000,6500000,50,70,70,97,95,16,6,6,6,60,50,15,5,5,60,16,12,60,65,75
775553049,GB,Packers,553387996,Sataoa Laumea,RG,66,70,70,0,23,76,311,0,True,False,False,97,0,1,800000,800000,67,70,66,84,72,22,18,15,11,44,41,15,9,5,40,12,11,47,24,25
775553049,GB,Packers,553387339,Jim Covert,RT,74,96,96,1,20,76,277,1,True,False,False,97,0,4,7000000,2250000,70,65,68,92,95,30,28,25,20,70,60,60,55,50,50,30,32,92,90,85
775553049,GB,Packers,553386666,Kaleb McGary,RT,76,81,81,0,29,78,306,5,True,False,False,97,0,1,800000,800000,73,75,62,87,95,30,6,6,6,46,52,36,29,23,34,15,20,38,75,34
775553049,GB,Packers,553386787,Damone Clark,SAM,18,79,79,1,24,75,240,2,True,False,False,97,0,3,5250000,2000000,90,89,80,67,78,24,19,13,10,58,57,32,29,25,91,71,76,70,34,46
775553049,GB,Packers,553389017,Curtis Jacobs,SAM,42,68,68,0,22,74,241,0,True,False,False,97,0,1,800000,800000,87,91,79,68,65,44,15,10,5,56,56,15,5,5,74,68,71,61,19,44
775553049,GB,Packers,553388876,Budda Baker,SS,3,99,99,2,20,70,195,1,True,False,False,97,0,3,13500000,8000000,90,90,92,80,95,40,35,30,25,65,75,60,55,50,97,93,96,92,85,90
775553049,GB,Packers,553387420,Sydney Brown,SS,35,80,80,1,24,70,211,1,True,False,False,97,0,1,800000,800000,91,95,83,69,73,42,34,28,24,65,76,37,33,24,72,78,80,58,20,48
775553049,GB,Packers,553386975,Kaevon Merriweather,SS,26,64,64,0,24,72,207,1,True,False,True,97,0,0,0,0,85,93,79,63,65,24,13,11,10,52,63,31,22,18,66,63,63,51,25,40
775553049,GB,Packers,553387396,Jermichael Finley,TE,88,99,99,1,22,77,247,1,True,False,False,97,0,4,10000000,4000000,89,86,87,82,90,30,25,22,18,85,92,88,86,85,45,15,23,43,32,26
775553049,GB,Packers,553388605,Julius Thomas,TE,87,91,91,1,22,77,255,1,True,False,False,97,0,3,3450000,1250000,85,85,78,75,85,28,23,18,14,84,93,87,83,78,60,68,75,72,68,76
775553049,GB,Packers,553386188,Darnell Washington,TE,80,74,74,0,23,79,264,1,True,False,False,97,0,1,800000,800000,84,86,86,78,69,32,15,10,6,74,78,67,58,51,55,18,23,51,20,34
775553049,GB,Packers,553389076,Elijah Higgins,TE,84,65,65,0,23,75,235,1,True,False,True,97,0,0,0,0,89,90,81,64,56,25,15,10,6,71,78,64,61,60,24,13,20,25,79,10
775553049,GB,Packers,553388267,Lawrence Taylor,WILL,56,99,99,3,21,75,237,1,True,False,False,97,0,6,26530000,15000000,90,96,88,94,98,36,37,33,29,80,65,50,48,40,99,78,82,98,99,92
775553049,GB,Packers,553389055,Chris Braswell,WILL,51,72,72,1,22,75,251,0,True,False,False,97,0,1,800000,800000,86,90,78,79,74,31,6,6,6,48,51,10,3,2,81,41,47,80,22,71
775553049,GB,Packers,553387688,Randy Moss,WR,84,99,99,3,22,76,210,1,True,False,False,97,0,2,18000000,18000000,99,99,94,76,96,33,28,26,25,89,99,98,99,99,82,89,87,44,19,39
775553049,GB,Packers,553387165,Julian Edelman,WR,11,93,93,3,26,70,198,1,True,False,False,97,0,2,6000000,5000000,90,93,95,68,94,58,65,70,70,88,90,94,91,80,74,22,24,66,73,62
775553049,GB,Packers,553387149,Amari Cooper,WR,2,90,90,2,30,73,211,9,True,False,False,97,0,4,6200000,1750000,91,88,93,68,91,45,25,15,10,72,88,90,91,94,25,15,25,35,72,10
775553049,GB,Packers,553388483,Will Fuller,WR,86,89,89,2,23,72,184,1,True,False,False,97,0,3,5250000,1750000,98,97,92,64,85,12,10,10,10,74,88,85,89,95,35,20,22,24,85,28
775553049,GB,Packers,553388743,Chris Olave,WR,12,87,87,1,24,72,187,2,True,False,False,97,0,2,2300000,1250000,93,95,91,59,88,25,15,10,6,69,93,84,88,88,17,21,29,20,71,10
775553049,GB,Packers,553388199,Jalin Hyatt,WR,19,74,74,0,22,72,185,1,True,False,False,97,0,1,800000,800000,94,95,82,57,76,25,15,10,6,75,83,75,76,79,17,10,10,20,30,10
775553049,GB,Packers,553388536,Reggie Roberson Jr,WR,80,62,62,0,25,71,193,2,True,False,True,97,0,0,0,0,92,93,82,55,54,34,35,29,20,67,76,63,59,65,22,21,29,31,32,13
775553050,CAR,Panthers,553388691,Jim Otto,C,0,99,99,3,24,74,255,1,True,False,False,97,0,3,13500000,8000000,68,74,72,96,99,34,32,27,23,37,29,47,5,5,78,59,61,61,75,58
775553050,CAR,Panthers,553386940,Tyler Shatley,C,69,69,69,0,33,75,305,10,True,False,False,97,0,1,800000,800000,66,69,51,90,84,22,6,6,6,40,22,10,5,5,41,9,12,39,28,35
775553050,CAR,Panthers,553387114,Rod Woodson,CB,26,99,99,3,22,72,200,1,True,False,False,97,0,2,18000000,18000000,96,96,95,77,96,8,6,6,6,73,85,73,10,5,89,97,94,83,48,52
775553050,CAR,Panthers,553388333,Lemar Parrish,CB,20,95,95,1,20,71,184,1,True,False,False,97,0,7,44380000,2500000,89,90,90,72,92,40,45,50,48,70,85,29,19,12,88,92,89,82,75,80
775553050,CAR,Panthers,553386759,Carlton Davis III,CB,23,84,84,1,27,73,206,6,True,False,False,97,0,4,24900000,1750000,89,89,82,64,88,26,6,6,6,65,67,20,15,10,62,88,84,52,30,35
775553050,CAR,Panthers,553387467,Eric Stokes,CB,21,77,77,1,25,72,194,3,True,False,False,97,0,2,1600000,850000,95,94,85,58,71,29,18,12,10,58,68,38,36,34,49,78,74,44,21,32
775553050,CAR,Panthers,553386169,Chandon Sullivan,CB,37,75,75,0,28,71,189,6,True,False,False,97,0,1,800000,800000,89,90,85,58,78,22,6,6,6,60,71,20,16,6,53,78,74,47,26,33
775553050,CAR,Panthers,553387649,Cameron Mitchell,CB,29,71,71,0,22,72,195,1,True,False,True,97,0,0,0,0,90,93,87,61,68,28,15,10,10,54,62,22,21,18,42,74,66,40,20,40
775553050,CAR,Panthers,553388861,Carrington Valentine,CB,37,71,71,0,22,72,189,1,True,False,True,97,0,0,0,0,91,94,88,49,69,27,23,16,13,55,56,21,11,10,43,68,74,38,21,35
775553050,CAR,Panthers,553386887,Olive Sagapolu,DT,92,99,99,3,22,74,331,24,True,False,False,97,0,5,62660000,15000000,99,99,99,99,99,20,6,6,6,35,50,15,10,5,99,11,19,99,23,99
775553050,CAR,Panthers,553388498,Alim McNeill,DT,57,81,81,1,24,74,315,3,True,False,False,97,0,3,4650000,1750000,72,82,65,90,87,21,6,6,6,46,48,27,22,17,80,19,27,83,29,71
775553050,CAR,Panthers,553388491,D.J. Jones,DT,93,76,76,0,29,72,305,7,True,False,False,97,0,4,5400000,1500000,73,75,73,88,84,24,6,6,6,31,38,17,9,5,78,20,27,76,27,57
775553050,CAR,Panthers,553388675,Cameron Young,DT,95,68,68,0,24,75,304,1,True,False,True,97,0,0,0,0,69,77,52,88,69,19,8,6,5,36,43,11,6,5,83,15,19,72,32,49
775553050,CAR,Panthers,553388029,Leonard Taylor III,DT,96,64,64,0,22,76,303,0,True,False,True,97,0,0,0,0,68,75,58,84,60,10,15,10,5,33,28,15,10,5,72,25,32,69,80,70
775553050,CAR,Panthers,553388685,Marion Motley,FB,36,93,93,2,22,72,232,1,True,False,False,97,0,4,5400000,1500000,74,75,78,95,89,15,15,14,13,88,65,50,48,45,60,10,12,70,90,72
775553050,CAR,Panthers,553387434,Jessie Bates III,FS,3,99,99,3,27,73,200,6,True,False,False,97,0,2,6000000,5000000,90,92,89,59,99,25,10,10,10,69,83,20,15,10,87,86,98,56,33,37
775553050,CAR,Panthers,553388391,Rodney Thomas II,FS,28,72,72,0,25,73,196,2,True,False,False,97,0,1,800000,800000,89,92,83,61,73,24,22,15,13,57,73,30,26,20,62,65,73,56,22,44
775553050,CAR,Panthers,553389130,Jamaal Charles,HB,25,97,97,2,21,71,199,1,True,False,False,97,0,4,7800000,2250000,98,98,98,60,86,5,5,5,19,80,85,70,75,75,37,17,27,33,89,15
775553050,CAR,Panthers,553388411,Isiah Pacheco,HB,10,89,89,2,21,70,216,1,True,False,False,97,0,3,4050000,1500000,93,95,86,80,93,38,34,27,22,95,72,63,56,49,37,19,32,37,26,18
775553050,CAR,Panthers,553387957,James Cook,HB,34,88,88,1,24,71,190,1,True,False,False,97,0,2,1900000,1000000,92,93,94,67,84,27,20,14,10,90,70,68,64,55,40,24,34,35,28,10
775553050,CAR,Panthers,553386247,D'Onta Foreman,HB,29,76,76,0,28,73,235,7,True,False,False,97,0,1,800000,800000,88,85,80,80,76,27,18,14,10,93,60,54,46,38,36,20,31,32,23,11
775553050,CAR,Panthers,553387212,Isaiah Davis,HB,32,67,67,0,22,72,218,0,True,False,True,97,0,0,0,0,87,90,82,73,62,49,32,23,19,92,66,64,53,42,40,18,26,40,80,24
775553050,CAR,Panthers,553387758,Nick Folk,K,6,81,81,0,39,73,222,16,True,False,False,97,0,3,2850000,1000000,68,66,56,59,70,55,35,30,25,50,40,10,10,10,25,15,20,25,36,20
775553050,CAR,Panthers,553388696,L.C Greenwood,LEDGE,68,93,93,2,22,78,245,1,True,False,False,97,0,4,18000000,8500000,81,84,78,89,94,14,10,9,8,31,35,14,6,3,93,40,45,96,95,92
775553050,CAR,Panthers,553387413,Myjai Sanders,LEDGE,94,71,71,0,26,77,248,2,True,False,False,97,0,1,800000,800000,83,89,74,73,65,19,18,12,10,32,34,15,8,4,75,35,45,70,78,77
775553050,CAR,Panthers,553387408,Ed Budde,LG,74,95,95,1,21,77,255,1,True,False,False,97,0,2,3800000,2250000,66,64,66,92,91,10,10,10,10,20,15,15,10,10,10,10,10,12,10,10
775553050,CAR,Panthers,553388900,Nick Leverett,LG,58,69,69,0,27,76,310,4,True,False,False,97,0,1,800000,800000,67,61,56,85,77,22,6,6,6,25,28,10,5,5,34,10,10,21,26,15
775553050,CAR,Panthers,553387732,John Madden,LT,77,90,90,1,22,75,250,1,True,False,False,97,0,2,3500000,2000000,59,67,60,88,99,12,6,6,6,70,42,40,36,30,69,24,29,77,65,58
775553050,CAR,Panthers,553386248,AJ Jackson,LT,71,73,73,0,26,79,285,3,True,False,False,97,0,1,800000,800000,59,63,61,83,85,26,6,6,6,34,22,20,15,10,42,10,12,47,78,34
775553050,CAR,Panthers,553386797,Ted Hendricks,MIKE,53,99,99,3,22,79,220,1,True,False,False,97,0,3,15000000,10000000,84,88,82,84,98,25,15,6,6,72,76,58,60,56,96,88,91,95,86,84
775553050,CAR,Panthers,553388317,Nick Barnett,MIKE,56,96,96,1,22,74,228,1,True,False,False,97,0,4,7000000,2000000,90,85,84,85,93,20,15,15,15,65,75,60,55,50,93,82,82,88,90,82
775553050,CAR,Panthers,553388661,Ivan Pace Jr,MIKE,46,78,78,0,23,71,231,1,True,False,False,97,0,1,800000,800000,85,83,78,72,77,22,6,6,6,53,63,10,6,5,87,66,73,72,27,72
775553050,CAR,Panthers,553387320,Derrick Barnes,MIKE,40,72,72,0,25,73,245,3,True,False,False,97,0,1,800000,800000,86,84,72,79,77,25,15,12,6,69,59,38,24,10,83,55,65,73,94,66
775553050,CAR,Panthers,553386060,Brian Asamoah II,MIKE,2,69,69,0,24,72,226,2,True,False,True,97,0,0,0,0,87,92,83,71,71,23,6,6,6,55,54,10,6,5,77,67,63,63,29,55
775553050,CAR,Panthers,553387879,Sam Koch,P,4,87,87,1,27,73,222,1,True,False,False,97,0,4,4600000,1250000,68,72,70,66,90,74,68,66,62,65,77,77,68,63,35,34,29,24,70,23
775553050,CAR,Panthers,553388004,Steve Young,QB,8,99,99,3,20,73,215,1,True,False,False,97,0,5,50000000,20000000,85,88,92,70,98,92,99,99,97,92,40,30,25,22,30,22,25,20,15,18
775553050,CAR,Panthers,553388416,Brock Purdy,QB,13,86,86,2,24,73,220,2,True,False,False,97,0,3,3450000,1250000,78,88,81,63,89,85,96,92,89,64,24,12,11,10,25,10,12,18,73,10
775553050,CAR,Panthers,553387994,Andy Dalton,QB,14,82,82,1,20,74,220,1,True,False,False,97,0,1,800000,800000,79,81,82,60,91,91,89,86,80,65,34,28,25,23,40,20,22,25,22,20
775553050,CAR,Panthers,553388136,Joe Milton III,QB,19,62,62,0,24,77,246,0,True,False,True,97,0,0,0,0,83,85,77,64,58,97,81,71,71,60,27,10,10,10,24,10,12,22,81,10
775553050,CAR,Panthers,553386080,Mario Williams,REDGE,90,96,96,3,22,78,290,1,False,False,False,85,4,4,24000000,12000000,85,88,84,90,96,16,5,5,5,65,65,65,13,11,95,48,55,93,93,90
775553050,CAR,Panthers,553386122,Arik Armstead,REDGE,91,78,78,1,30,79,290,9,True,False,False,97,0,3,2400000,850000,75,72,69,93,88,35,6,6,6,44,38,10,3,2,87,32,40,77,31,70
775553050,CAR,Panthers,553386859,Will Shields,RG,60,99,99,2,21,74,310,1,True,False,False,97,0,5,20000000,6500000,60,79,81,96,96,20,6,6,6,65,65,65,65,65,73,32,38,64,22,62
775553050,CAR,Panthers,553387381,Greg Van Roten,RG,61,76,76,0,34,76,305,11,True,False,False,97,0,1,800000,800000,68,62,56,84,86,17,6,6,6,29,36,30,20,12,45,12,12,25,77,10
775553050,CAR,Panthers,553387653,Dan Dierdorf,RT,73,98,98,1,22,78,285,1,True,False,False,97,0,2,4000000,3000000,65,68,80,96,96,16,21,15,11,42,32,23,20,17,33,12,10,88,39,30
775553050,CAR,Panthers,553388829,Nicholas Petit-Frere,RT,78,71,71,0,24,77,316,2,True,False,False,97,0,1,800000,800000,68,73,56,86,77,15,6,6,6,34,25,10,5,5,29,10,11,24,25,10
775553050,CAR,Panthers,553389109,Joey Bosa,SAM,97,87,87,2,20,77,280,1,True,False,False,97,0,2,3900000,2250000,85,89,86,92,90,28,6,6,6,40,47,13,6,3,85,40,36,89,95,85
775553050,CAR,Panthers,553389094,Jalyx Hunt,SAM,54,68,68,0,23,75,252,0,True,False,False,97,0,1,800000,800000,84,90,78,73,76,30,6,6,6,27,30,10,7,5,76,56,58,67,75,68
775553050,CAR,Panthers,553388363,Dennis Smith,SS,49,97,97,2,21,75,200,1,True,False,False,97,0,4,10000000,4000000,85,87,88,90,94,25,25,25,25,70,76,55,55,55,94,80,85,90,92,85
775553050,CAR,Panthers,553386121,Jordan Whitehead,SS,27,78,78,0,27,70,198,6,True,False,False,97,0,1,800000,800000,87,88,81,67,85,24,6,6,6,65,76,56,48,40,62,70,79,57,35,36
775553050,CAR,Panthers,553387614,Mark Andrews,TE,89,94,94,3,28,77,247,6,True,False,False,97,0,4,7000000,2250000,87,90,80,81,94,25,15,10,5,73,92,87,83,78,27,12,15,28,21,10
775553050,CAR,Panthers,553386237,Kyle Pitts,TE,88,84,84,1,23,78,246,1,True,False,False,97,0,2,2300000,1250000,91,93,81,71,76,48,29,32,23,80,86,80,75,79,41,16,23,39,80,32
775553050,CAR,Panthers,553386637,Greg Dulcich,TE,16,74,74,1,24,76,245,2,True,False,False,97,0,1,800000,800000,84,88,82,67,70,29,15,10,6,77,84,71,72,67,32,15,23,34,83,10
775553050,CAR,Panthers,553387135,Cade Stover,TE,87,65,65,0,24,76,247,0,True,False,True,97,0,0,0,0,84,88,67,73,65,26,20,15,10,70,77,64,59,52,58,44,50,56,76,51
775553050,CAR,Panthers,553386614,Vontaze Burfict,WILL,59,87,87,1,20,73,246,1,True,False,False,97,0,3,5250000,2000000,79,78,76,88,83,23,5,5,5,72,70,15,5,10,93,75,77,85,88,85
775553050,CAR,Panthers,553388784,Logan Wilson,WILL,44,81,81,1,28,74,245,4,True,False,False,97,0,3,2400000,850000,87,89,83,74,75,30,21,16,12,60,77,41,36,29,92,66,74,70,22,52
775553050,CAR,Panthers,553387863,Cameron Thomas,WILL,97,67,67,0,24,76,267,2,True,False,True,97,0,0,0,0,78,84,82,77,70,22,6,6,6,41,39,34,31,28,83,25,35,72,22,68
775553050,CAR,Panthers,553388802,Edefuan Ulofoshio,WILL,48,67,67,0,24,73,236,0,True,False,True,97,0,0,0,0,87,91,84,71,60,22,18,14,13,52,58,23,13,7,80,66,62,65,22,65
775553050,CAR,Panthers,553388367,Randall Cobb,WR,18,97,97,3,22,71,186,1,True,False,False,97,0,6,88210000,9000000,91,95,94,72,93,25,22,20,18,90,97,95,97,98,35,13,25,35,36,10
775553050,CAR,Panthers,553388510,Marvin Harrison,WR,84,96,96,2,21,74,212,1,True,False,False,97,0,2,9000000,7500000,93,91,90,76,97,20,25,20,15,92,98,96,94,94,35,35,40,55,60,92
775553050,CAR,Panthers,553388144,Andre Reed,WR,83,92,92,2,21,74,214,1,True,False,False,97,0,4,6200000,1750000,92,90,88,78,94,40,40,40,40,93,95,93,91,89,68,55,62,43,19,43
775553050,CAR,Panthers,553386119,Jameson Williams,WR,80,81,81,1,23,74,189,2,True,False,False,97,0,2,1900000,1000000,98,96,94,63,72,31,15,10,6,68,78,77,80,81,26,15,22,25,22,10
775553050,CAR,Panthers,553386210,Brian Thomas Jr,WR,7,80,80,1,21,75,209,0,True,False,False,97,0,1,800000,800000,95,96,88,59,73,24,15,10,6,79,83,78,82,86,28,15,19,26,20,10
775553050,CAR,Panthers,553387955,Jalen Tolbert,WR,1,74,74,0,25,73,195,2,True,False,False,97,0,1,800000,800000,91,94,86,61,75,27,25,20,15,72,83,73,75,76,23,13,16,23,74,10
775553050,CAR,Panthers,553386689,Erik Ezukanma,WR,18,65,65,0,24,74,206,2,True,False,True,97,0,0,0,0,88,91,81,68,60,25,20,15,10,73,80,68,66,64,20,12,16,25,73,10
775553050,CAR,Panthers,553387676,Michael Woods II,WR,81,64,64,0,24,73,204,2,True,False,True,97,0,0,0,0,88,91,81,58,63,27,15,10,6,71,77,70,68,66,27,11,15,26,28,10
775553052,LV,Raiders,553387620,Travis Frederick,C,69,99,99,2,22,76,320,1,True,False,False,97,0,4,7000000,2250000,60,62,65,92,97,10,7,6,5,55,50,40,35,30,40,35,38,60,55,50
775553052,LV,Raiders,553389087,Tanor Bortolini,C,60,71,71,0,22,76,303,0,True,False,False,97,0,1,800000,800000,74,82,78,82,77,21,7,6,5,40,25,10,7,6,37,12,12,25,80,20
775553052,LV,Raiders,553386715,Sauce Gardner,CB,1,98,98,3,24,75,200,2,True,False,False,97,0,7,41490000,15000000,94,94,91,65,95,27,6,6,6,64,76,32,22,18,64,99,98,55,81,52
775553052,LV,Raiders,553387449,Johnathan Joseph,CB,24,94,94,2,22,71,188,1,True,False,False,97,0,5,20000000,6500000,93,94,92,66,90,10,8,6,6,72,78,34,32,30,79,93,88,72,42,48
775553052,LV,Raiders,553389006,Mark McMillian Mighty Mouse,CB,26,93,93,1,22,67,170,1,True,False,False,97,0,4,6200000,1750000,92,90,89,65,87,37,33,26,20,60,75,99,99,99,86,92,89,82,60,85
775553052,LV,Raiders,553386461,Kool-Aid McKinstry,CB,34,80,80,1,21,72,196,0,True,False,False,97,0,2,1600000,850000,90,92,91,53,75,25,20,15,14,55,64,31,25,22,64,85,80,50,22,39
775553052,LV,Raiders,553388583,C.J. Henderson,CB,35,73,73,0,25,73,205,4,True,False,False,97,0,1,800000,800000,92,91,89,64,75,27,6,6,6,57,64,34,32,28,52,71,70,44,81,43
775553052,LV,Raiders,553388561,T.J. Tampa,CB,33,69,69,0,22,74,200,0,True,False,True,97,0,0,0,0,88,88,86,60,68,40,33,32,23,62,73,54,51,47,54,71,68,51,19,43
775553052,LV,Raiders,553387586,Nic Jones,CB,36,64,64,0,21,72,191,1,True,False,True,97,0,0,0,0,89,92,87,49,59,10,9,7,6,58,69,55,46,44,42,62,68,45,68,37
775553052,LV,Raiders,553386816,Vince Wilfork,DT,92,95,95,3,26,74,325,1,True,False,False,97,0,4,40960000,9000000,63,72,58,98,95,18,15,10,10,72,35,14,43,41,96,40,52,96,92,66
775553052,LV,Raiders,553388660,Christian Wilkins,DT,94,88,88,1,28,76,310,5,True,False,False,97,0,3,5250000,2000000,76,76,73,90,89,24,6,6,6,43,47,31,25,21,91,23,34,87,21,68
775553052,LV,Raiders,553386791,David Onyemata,DT,90,81,81,1,31,75,300,8,True,False,False,97,0,3,4050000,1500000,74,79,69,89,87,13,6,6,6,30,41,10,3,2,86,22,33,81,75,65
775553052,LV,Raiders,553388967,Montravius Adams,DT,95,73,73,0,29,76,304,7,True,False,False,97,0,1,800000,800000,77,78,67,86,74,10,6,6,6,49,51,20,13,9,85,24,29,73,0,67
775553052,LV,Raiders,553388140,James Casey,FB,86,87,87,1,20,76,240,1,True,False,False,97,0,3,3450000,1250000,82,84,78,76,80,24,6,6,6,80,83,78,70,60,72,23,32,56,26,70
775553052,LV,Raiders,553389053,Emlen Tunnell,FS,45,99,99,2,22,73,187,1,True,False,False,97,0,3,13500000,8000000,93,94,91,72,98,25,22,21,20,88,91,77,74,72,91,91,94,75,40,35
775553052,LV,Raiders,553388782,Eli Apple,FS,30,82,82,0,21,73,199,1,True,False,False,97,0,3,2400000,850000,89,91,84,60,82,27,6,6,6,63,71,26,16,11,55,91,89,49,30,25
775553052,LV,Raiders,553388425,Trenton Thompson,FS,17,64,64,0,26,73,196,2,True,False,True,97,0,0,0,0,85,90,77,57,58,25,8,7,6,62,70,24,14,12,67,63,69,57,23,43
775553052,LV,Raiders,553386850,Tiki Barber,HB,21,99,99,2,22,70,205,1,True,False,False,97,0,2,6000000,5000000,93,94,95,69,94,25,6,6,6,94,84,76,72,66,25,18,20,20,16,12
775553052,LV,Raiders,553387881,Jonathan Stewart,HB,28,98,98,1,22,70,245,1,True,False,False,97,0,4,5400000,1500000,95,94,96,92,91,20,15,15,15,96,87,78,72,65,26,10,15,26,28,10
775553052,LV,Raiders,553388465,Breece Hall,HB,20,85,85,2,23,71,220,2,True,False,False,97,0,2,2300000,1250000,93,92,90,76,79,32,20,15,12,87,71,64,55,44,29,13,17,29,81,10
775553052,LV,Raiders,553386966,Will Shipley,HB,39,75,75,1,22,71,210,0,True,False,False,97,0,1,800000,800000,89,91,87,68,70,36,28,22,15,84,64,67,62,55,32,11,18,25,77,10
775553052,LV,Raiders,553387696,Keilan Robinson,HB,31,67,67,0,24,69,185,0,True,False,True,97,0,0,0,0,92,91,86,69,61,28,20,15,10,83,65,57,52,44,36,11,16,28,21,10
775553052,LV,Raiders,553387428,Trestan Ebner,HB,25,65,65,0,25,71,206,2,True,False,True,97,0,0,0,0,91,92,84,64,62,40,33,28,24,79,70,66,60,56,38,21,29,33,20,22
775553052,LV,Raiders,553387057,Matt Prater,K,0,78,78,0,40,70,201,17,True,False,False,97,0,2,1900000,1000000,70,70,46,43,65,42,38,32,26,40,35,10,10,10,20,10,25,10,68,10
775553052,LV,Raiders,553388502,Robert Porcher,LEDGE,91,95,95,2,22,75,275,1,True,False,False,97,0,3,15000000,10000000,82,86,82,95,91,10,10,10,10,60,45,30,25,20,94,35,45,92,95,90
775553052,LV,Raiders,553388639,Maason Smith,LEDGE,96,72,72,1,21,78,310,0,True,False,False,97,0,1,800000,800000,72,75,64,83,76,28,6,6,6,46,39,10,3,2,86,24,47,80,39,71
775553052,LV,Raiders,553387907,Payton Turner,LEDGE,98,72,72,0,25,78,270,3,True,False,False,97,0,1,800000,800000,75,82,83,82,71,28,6,6,6,39,37,15,7,4,84,23,34,69,73,64
775553052,LV,Raiders,553387481,Dave Lapham,LG,62,87,87,1,20,76,259,1,True,False,False,97,0,2,3900000,2250000,70,70,75,85,81,25,10,8,6,44,37,34,31,28,42,15,20,42,22,37
775553052,LV,Raiders,553387966,Dillon Radunz,LG,63,73,73,0,26,78,301,3,True,False,False,97,0,1,800000,800000,67,74,74,84,81,19,6,6,6,29,28,15,5,5,31,13,15,32,22,20
775553052,LV,Raiders,553387829,Lincoln Kennedy,LT,72,95,95,2,22,78,335,1,True,False,False,97,0,4,33660000,2500000,60,66,68,94,95,25,6,6,6,68,58,40,30,25,34,12,15,15,26,10
775553052,LV,Raiders,553386019,Braeden Daniels,LT,77,72,72,0,24,76,297,1,True,False,False,97,0,1,800000,800000,73,80,66,79,78,15,6,6,6,40,34,10,5,5,36,12,11,25,35,25
775553052,LV,Raiders,553387452,**** #########,MIKE,57,95,95,0,22,74,233,1,True,False,False,97,0,2,3500000,2000000,80,85,82,88,90,48,46,44,42,63,63,15,11,9,93,88,85,91,88,85
775553052,LV,Raiders,553386055,Derrick Johnson,MIKE,56,95,95,1,22,73,242,1,True,False,False,97,0,2,4000000,3000000,85,86,84,83,92,10,10,10,10,70,75,10,10,10,93,85,88,88,88,85
775553052,LV,Raiders,553388851,Divine Deablo,MIKE,58,75,75,0,26,75,226,3,True,False,False,97,0,1,800000,800000,88,87,83,69,76,23,6,6,6,62,71,52,48,45,90,55,65,68,29,46
775553052,LV,Raiders,553388629,Nathaniel Watson,MIKE,40,66,66,0,24,74,245,0,True,False,True,97,0,0,0,0,84,87,72,68,68,17,14,11,7,54,62,15,8,6,85,58,64,69,31,59
775553052,LV,Raiders,553387227,Michael Dickson,P,4,80,80,1,28,74,208,6,True,False,False,97,0,3,2850000,1000000,78,75,66,47,67,36,29,24,18,38,26,15,15,15,30,11,16,28,82,10
775553052,LV,Raiders,553387621,Aaron Rodgers,QB,12,99,99,3,22,74,225,1,True,False,False,97,0,5,50000000,20000000,83,85,86,68,99,96,99,97,95,76,32,28,20,20,55,22,28,20,10,10
775553052,LV,Raiders,553386411,Drew Bledsoe,QB,5,93,93,1,22,77,238,1,True,False,False,97,0,4,5400000,1500000,63,66,68,78,91,96,94,92,96,70,28,25,20,18,78,12,14,67,21,48
775553052,LV,Raiders,553388418,Trevor Lawrence,QB,2,78,78,2,24,78,220,3,True,False,False,97,0,1,800000,800000,87,89,88,69,74,92,88,80,83,66,50,29,18,13,27,13,18,24,27,10
775553052,LV,Raiders,553388693,Deacon Jones,REDGE,75,99,99,3,22,77,272,1,True,False,False,97,0,2,18000000,18000000,83,90,80,96,98,24,8,7,6,70,33,17,9,5,96,42,44,99,99,95
775553052,LV,Raiders,553388457,Jeffrey Gunter,REDGE,93,72,72,0,25,76,263,2,True,False,False,97,0,1,800000,800000,81,90,77,83,60,22,6,6,6,35,41,14,7,5,74,38,48,63,84,66
775553052,LV,Raiders,553388553,Jaden Crumedy,REDGE,94,66,66,0,24,76,301,0,True,False,True,97,0,0,0,0,73,81,61,84,61,23,6,6,6,37,34,13,5,3,82,29,45,74,35,69
775553052,LV,Raiders,553386758,Christian Haynes,RG,64,75,75,1,24,75,317,0,True,False,False,97,0,4,14700000,1750000,71,75,68,87,77,23,21,15,13,33,29,19,11,10,33,12,15,20,29,10
775553052,LV,Raiders,553387226,Jordan McFadden,RG,71,67,67,0,24,74,303,1,True,False,False,97,0,1,800000,800000,73,76,61,82,74,11,5,5,5,38,26,13,7,5,35,10,11,15,81,13
775553052,LV,Raiders,553386695,Marcus McKethan,RG,74,66,66,0,25,79,335,2,True,False,True,97,0,0,0,0,62,65,58,87,69,21,6,6,6,21,23,10,5,5,34,10,10,38,31,26
775553052,LV,Raiders,553386947,C.J. Hanson,RG,61,64,64,0,23,77,300,0,True,False,True,97,0,0,0,0,72,74,55,82,69,25,21,13,12,33,35,22,21,16,33,12,13,20,81,10
775553052,LV,Raiders,553388871,Steve August,RT,79,86,86,1,22,77,275,1,True,False,False,97,0,4,7000000,2000000,65,68,63,90,86,6,4,3,3,66,70,53,46,34,55,12,13,55,21,51
775553052,LV,Raiders,553388570,Kendall Lamm,RT,70,69,69,0,32,77,310,9,True,False,False,97,0,1,800000,800000,68,55,68,80,77,13,6,6,6,36,52,30,18,12,42,12,13,35,78,10
775553052,LV,Raiders,553386482,DeMarcus Ware,SAM,53,99,99,3,21,77,258,1,True,False,False,97,0,4,18000000,8500000,92,93,90,88,97,20,15,9,7,50,65,65,50,41,95,74,75,96,95,97
775553052,LV,Raiders,553388974,K'Lavon Chaisson,SAM,51,68,68,0,25,75,245,4,True,False,False,97,0,1,800000,800000,87,89,86,78,65,26,6,6,6,47,51,12,7,5,79,50,54,68,83,72
775553052,LV,Raiders,553388193,Kyle Hamilton,SS,14,90,90,3,23,76,221,2,True,False,False,97,0,4,7800000,2250000,88,91,87,72,88,36,28,24,20,68,78,37,34,32,80,83,87,69,74,64
775553052,LV,Raiders,553387624,Darnell Savage,SS,6,78,78,1,27,71,198,5,True,False,False,97,0,1,800000,800000,92,91,85,59,84,20,15,10,10,70,73,34,22,17,66,75,73,54,21,54
775553052,LV,Raiders,553386913,Malik Mustapha,SS,43,69,69,0,22,70,206,0,True,False,True,97,0,0,0,0,88,91,84,66,63,23,15,10,10,59,66,33,30,27,70,64,69,55,71,32
775553052,LV,Raiders,553386821,Zach Miller,TE,83,99,99,1,20,77,260,1,True,False,False,97,0,4,10000000,4000000,79,78,76,88,90,30,28,25,22,85,89,82,80,75,60,38,40,88,80,76
775553052,LV,Raiders,553386945,Jake Ferguson,TE,87,80,80,1,25,77,244,2,True,False,False,97,0,3,2400000,850000,81,86,81,69,82,30,25,20,14,75,87,72,70,63,37,14,21,36,33,24
775553052,LV,Raiders,553386133,Jeremy Ruckert,TE,84,69,69,0,24,77,250,2,True,False,False,97,0,1,800000,800000,82,85,74,78,68,30,25,20,14,77,80,66,60,53,37,14,15,36,26,24
775553052,LV,Raiders,553387928,Darryl Talley,WILL,46,92,92,2,21,76,235,1,True,False,False,97,0,2,3800000,2250000,80,84,78,85,93,20,10,10,10,55,50,40,35,30,93,85,88,85,85,82
775553052,LV,Raiders,553387247,Quincy Williams,WILL,55,84,84,0,28,71,225,5,True,False,False,97,0,2,1900000,1000000,88,89,78,67,85,25,6,6,6,44,63,15,6,5,86,68,81,69,22,58
775553052,LV,Raiders,553386733,Xavier Thomas,WILL,54,65,65,0,24,74,245,0,True,False,True,97,0,0,0,0,85,86,76,78,72,25,10,8,6,42,60,22,16,11,79,38,42,66,69,69
775553052,LV,Raiders,553388442,Donald Driver,WR,81,98,98,3,26,72,194,1,True,False,False,97,0,2,9000000,7500000,93,95,94,78,95,25,22,20,18,86,98,95,99,99,60,50,45,55,40,45
775553052,LV,Raiders,553388213,Lynn Swann,WR,88,95,95,3,22,71,180,1,True,False,False,97,0,4,24000000,12000000,92,94,95,72,93,37,21,19,18,89,99,92,95,95,38,16,24,37,22,11
775553052,LV,Raiders,553388778,Otis Taylor,WR,89,87,87,1,22,75,215,1,False,False,False,31,6,4,4600000,1250000,91,90,89,82,91,10,10,10,10,93,92,82,87,89,20,25,25,20,20,25
775553052,LV,Raiders,553386198,Kadarius Toney,WR,19,86,86,1,21,72,193,1,True,False,False,97,0,3,4650000,1750000,94,94,95,95,82,54,49,45,37,78,83,91,88,86,27,15,18,26,20,10
775553052,LV,Raiders,553386897,Christian Watson,WR,9,78,78,1,25,76,208,2,True,False,False,97,0,1,800000,800000,96,94,85,65,81,26,20,15,10,74,83,76,79,80,27,11,18,26,22,10
775553052,LV,Raiders,553388389,Jha'Quan Jackson,WR,19,68,68,0,24,69,188,0,True,False,True,97,0,0,0,0,92,92,85,54,65,22,15,10,6,73,80,71,70,68,26,12,19,20,79,10
775553053,LAR,Rams,553386904,Kevin Glover,C,53,97,97,2,22,74,278,1,True,False,False,97,0,1,1750000,2500000,70,75,75,96,95,15,10,10,10,55,38,30,25,20,55,20,25,55,20,20
775553053,LAR,Rams,553387318,Brian Allen,C,62,73,73,0,28,74,303,6,True,False,False,97,0,1,800000,800000,66,63,56,83,86,12,6,6,6,27,30,15,5,5,31,12,14,19,28,13
775553053,LAR,Rams,553388897,Jalen Ramsey,CB,5,98,98,3,21,73,208,1,True,False,False,97,0,1,7500000,15000000,92,94,91,71,98,27,33,26,21,71,84,36,24,12,82,98,99,50,25,41
775553053,LAR,Rams,553387455,Ray Buchanan,CB,39,94,94,1,21,70,190,1,True,False,False,97,0,4,10000000,4000000,93,94,90,65,88,32,20,15,10,54,79,44,38,35,81,91,86,73,42,60
775553053,LAR,Rams,553387358,Rasul Douglas,CB,31,85,85,1,29,74,209,7,True,False,False,97,0,1,1550000,1750000,90,91,83,73,90,14,6,6,6,72,81,29,19,12,65,88,89,45,30,39
775553053,LAR,Rams,553386838,Max Melton,CB,23,78,78,1,22,71,187,0,True,False,False,97,0,1,800000,800000,93,94,85,60,72,21,22,21,15,55,78,25,15,10,56,78,78,45,33,37
775553053,LAR,Rams,553388059,Tre Flowers,CB,37,74,74,0,29,75,200,6,True,False,False,97,0,1,800000,800000,91,93,81,66,75,26,6,6,6,60,67,22,12,10,66,70,74,59,80,40
775553053,LAR,Rams,553387363,Deane Leonard,CB,33,65,65,0,24,72,195,2,True,False,True,97,0,0,0,0,93,94,82,60,55,23,15,10,10,55,57,26,16,11,62,64,63,51,76,41
775553053,LAR,Rams,553387139,Jerome Brown,DT,98,99,99,2,22,76,290,1,True,False,False,97,0,4,24000000,12000000,85,86,82,96,95,10,6,6,6,70,33,10,5,3,94,35,38,95,95,96
775553053,LAR,Rams,553387485,Jonathan Allen,DT,93,88,88,3,29,75,300,7,False,False,False,85,5,2,3500000,2000000,74,77,70,93,90,21,6,6,6,40,35,10,3,2,95,24,29,82,25,74
775553053,LAR,Rams,553388587,DaVon Hamilton,DT,52,77,77,1,27,76,335,4,True,False,False,97,0,3,4050000,1500000,71,69,66,91,75,22,6,6,6,36,26,14,6,5,85,16,23,80,78,64
775553053,LAR,Rams,553388098,John Ridgeway,DT,92,68,68,0,25,77,321,2,True,False,False,97,0,1,800000,800000,62,70,55,86,64,19,6,6,6,23,21,14,6,4,83,12,14,77,28,50
775553053,LAR,Rams,553387454,Eric Johnson II,DT,70,65,65,0,26,76,299,2,True,False,True,97,0,0,0,0,77,80,65,79,69,23,6,6,6,30,32,13,5,3,77,15,16,67,23,57
775553053,LAR,Rams,553386563,Austin Faoliu,DT,64,64,64,0,25,75,292,2,True,False,True,97,0,0,0,0,70,76,57,82,64,16,6,6,5,30,33,15,7,5,77,15,21,65,76,55
775553053,LAR,Rams,553386724,Austin Ekeler,FB,30,80,80,2,29,70,200,7,True,False,False,97,0,3,2850000,1000000,90,92,90,82,79,28,27,20,16,85,77,79,74,66,32,15,20,11,31,10
775553053,LAR,Rams,553386799,Glover Quin,FS,27,91,91,1,22,72,207,1,True,False,False,97,0,4,7800000,2250000,88,90,86,72,91,15,10,10,10,72,78,45,40,35,84,82,92,78,60,62
775553053,LAR,Rams,553387786,Jalen Mills,FS,38,74,74,0,30,72,191,8,True,False,False,97,0,1,800000,800000,87,87,86,62,81,28,15,10,10,62,71,22,12,10,55,65,77,47,77,49
775553053,LAR,Rams,553387699,Walter Payton,HB,34,99,99,3,20,70,200,1,True,False,False,48,6,2,9000000,7500000,93,94,96,82,97,58,62,58,55,95,84,78,72,66,55,58,60,54,45,50
775553053,LAR,Rams,553387151,DeAngelo Williams,HB,24,98,98,1,22,69,207,1,True,False,False,97,0,4,5400000,1500000,95,95,92,85,92,20,15,15,15,97,85,75,70,60,30,50,55,80,85,90
775553053,LAR,Rams,553386530,Tony Pollard,HB,20,86,86,1,27,72,209,5,True,False,False,97,0,3,2400000,850000,92,94,85,69,87,25,21,15,12,91,74,67,63,62,38,40,36,30,74,15
775553053,LAR,Rams,553387596,Jonas Gray,HB,26,78,78,0,22,70,225,1,True,False,False,97,0,1,800000,800000,86,88,80,90,80,18,10,10,10,85,64,55,45,30,42,10,20,40,31,16
775553053,LAR,Rams,553389103,Max Borghi,HB,38,64,64,0,24,69,210,2,True,False,True,97,0,0,0,0,88,93,81,66,61,34,36,34,31,86,68,66,62,55,34,15,20,27,95,20
775553053,LAR,Rams,553388756,Eddy Pineiro,K,4,75,75,0,28,71,190,6,True,False,False,97,0,2,1900000,1000000,77,79,61,42,62,26,32,15,12,20,18,15,15,15,26,11,17,24,77,10
775553053,LAR,Rams,553386782,Morgan Fox,LEDGE,91,75,75,0,29,75,275,8,True,False,False,97,0,1,800000,800000,74,77,73,82,77,23,6,6,6,44,35,19,12,8,86,24,29,72,80,60
775553053,LAR,Rams,553387250,Alex Wright,LEDGE,91,63,63,0,23,77,267,2,True,False,True,97,0,0,0,0,79,84,70,73,68,15,6,6,6,44,42,35,30,27,77,22,31,69,33,62
775553053,LAR,Rams,553386958,Garett Bolles,LG,72,87,87,1,32,77,300,7,True,False,False,97,0,2,2300000,1250000,75,77,73,87,89,25,6,6,6,29,36,26,16,8,38,12,15,34,43,27
775553053,LAR,Rams,553388481,KT Leveston,LG,66,71,71,0,24,76,337,0,True,False,False,97,0,1,800000,800000,60,65,55,85,74,13,10,5,5,29,29,12,8,6,35,12,11,35,29,10
775553053,LAR,Rams,553388500,Jason Poe,LG,66,62,62,0,26,73,300,2,True,False,True,97,0,0,0,0,74,75,67,88,63,21,5,5,5,22,20,10,7,6,28,12,10,27,78,10
775553053,LAR,Rams,553386721,Kareem McKenzie,LT,67,95,95,1,21,78,327,1,True,False,False,97,0,2,3800000,2250000,55,66,62,94,91,23,6,6,6,58,30,12,10,6,52,8,10,25,22,12
775553053,LAR,Rams,553387815,Jeremiah Trotter Jr,MIKE,44,99,99,2,21,74,238,0,True,False,False,97,0,1,4500000,9000000,85,90,88,86,93,23,13,13,9,80,68,55,50,45,95,81,87,93,82,80
775553053,LAR,Rams,553387229,Jessie Armstead,MIKE,41,95,95,2,21,74,240,1,True,False,False,97,0,2,3900000,2250000,87,88,84,80,92,25,15,12,10,80,68,52,40,30,95,70,76,90,82,75
775553053,LAR,Rams,553387900,Drew Sanders,MIKE,54,74,74,1,22,77,233,1,True,False,False,97,0,1,800000,800000,84,89,81,72,76,52,51,45,40,67,64,10,8,4,78,73,65,77,22,71
775553053,LAR,Rams,553387781,Tory Taylor,P,19,75,75,1,27,76,223,0,True,False,False,97,0,2,1900000,1000000,81,83,65,61,61,41,28,25,22,51,45,10,10,10,39,10,13,28,21,10
775553053,LAR,Rams,553388856,Robert Griffin III,QB,12,94,94,1,22,74,218,1,True,False,False,97,0,4,5400000,1350000,96,96,94,70,93,93,93,94,91,80,36,36,32,30,30,15,20,24,24,10
775553053,LAR,Rams,553386567,Matt Hasselbeck,QB,8,89,89,2,24,76,235,1,True,False,False,97,0,4,5400000,1500000,72,76,74,66,92,92,93,92,88,66,25,10,5,5,39,11,10,39,83,10
775553053,LAR,Rams,553387113,Drake Maye,QB,10,77,77,1,22,76,223,0,True,False,False,97,0,1,800000,800000,86,88,82,62,71,94,84,83,83,66,34,15,14,12,20,12,15,18,30,10
775553053,LAR,Rams,553387415,Cliff Avril,REDGE,56,92,92,2,22,75,260,1,True,False,False,97,0,4,18000000,8500000,84,91,76,88,86,5,3,2,2,55,37,15,8,4,94,30,36,87,94,90
775553053,LAR,Rams,553387728,Justin Jones,REDGE,95,74,74,0,28,75,309,6,True,False,False,97,0,1,800000,800000,72,74,61,84,86,23,6,6,6,27,25,15,7,3,83,21,28,77,68,65
775553053,LAR,Rams,553386191,Brandon Scherff,RG,68,84,84,2,32,77,315,9,True,False,False,97,0,4,6200000,1750000,72,70,71,90,90,30,6,6,6,40,35,15,5,5,32,10,15,26,73,10
775553053,LAR,Rams,553388565,Christian Mahogany,RG,73,70,70,0,23,75,314,0,True,False,False,97,0,1,800000,800000,68,76,60,89,65,26,7,6,5,21,28,15,11,9,27,8,9,32,70,23
775553053,LAR,Rams,553386186,Troy Fautanu,RT,76,80,80,1,23,76,317,0,True,False,False,97,0,3,5250000,2000000,72,79,70,87,81,13,8,6,5,35,35,25,22,21,39,9,11,47,82,33
775553053,LAR,Rams,553386753,Tyre Phillips,RT,79,69,69,0,27,77,330,4,True,False,False,97,0,1,800000,800000,69,65,50,88,79,15,6,6,6,52,30,10,5,5,34,12,12,34,20,10
775553053,LAR,Rams,553388164,Jason Gildon,SAM,51,82,82,2,22,76,250,1,True,False,False,97,0,4,7000000,2000000,79,82,73,82,86,12,10,8,7,72,52,65,62,61,88,47,56,88,86,83
775553053,LAR,Rams,553388681,Anfernee Jennings,SAM,45,73,73,0,27,75,259,4,True,False,False,97,0,1,800000,800000,81,86,74,81,72,26,5,5,5,63,63,37,29,24,81,52,58,77,21,61
775553053,LAR,Rams,553388936,Bill Bates,SS,40,99,99,1,22,72,220,1,True,False,False,97,0,2,4000000,3000000,88,90,85,70,93,24,6,6,6,80,65,50,50,50,96,95,91,80,70,85
775553053,LAR,Rams,553388576,Josh Metellus,SS,35,78,78,0,26,71,207,4,True,False,False,97,0,1,800000,800000,90,89,84,67,75,20,15,10,10,62,66,15,13,10,78,68,76,64,29,47
775553053,LAR,Rams,553388355,Jaylen Key,SS,33,66,66,0,24,74,210,0,True,False,True,97,0,0,0,0,87,91,82,53,66,24,26,24,21,59,66,20,14,10,69,64,66,63,22,45
775553053,LAR,Rams,553386742,Dave Casper,TE,87,99,99,3,26,76,240,1,True,False,False,97,0,3,13500000,8000000,86,88,84,85,97,25,20,15,10,90,95,93,91,83,24,15,18,31,75,10
775553053,LAR,Rams,553386251,Owen Daniels,TE,81,91,91,2,22,75,245,1,True,False,False,97,0,3,3450000,1250000,83,84,77,72,89,10,9,8,8,83,89,87,85,74,48,16,26,53,23,36
775553053,LAR,Rams,553387853,Brevin Jordan,TE,9,71,71,0,24,75,245,3,True,False,False,97,0,1,800000,800000,87,89,83,73,59,42,39,31,28,74,81,65,61,57,43,15,19,43,26,27
775553053,LAR,Rams,553388191,Charles Haley,WILL,94,99,99,2,22,77,265,1,True,False,False,97,0,4,7000000,2250000,89,92,88,90,94,27,6,6,6,80,45,40,40,40,93,70,75,98,97,95
775553053,LAR,Rams,553386103,Quay Walker,WILL,42,80,80,1,24,76,241,2,True,False,False,97,0,2,1600000,850000,88,90,86,75,78,20,6,6,6,55,57,32,30,28,89,57,64,76,19,65
775553053,LAR,Rams,553387771,Jesse Luketa,WILL,43,62,62,0,25,75,253,2,True,False,True,97,0,0,0,0,76,81,74,72,66,21,15,10,5,42,39,15,10,5,77,36,44,67,32,58
775553053,LAR,Rams,553388633,Devin Hester,WR,17,99,99,3,20,69,190,1,True,False,False,97,0,1,7500000,7500000,99,99,98,65,92,30,28,25,22,99,98,93,93,92,35,45,46,40,45,55
775553053,LAR,Rams,553386765,Tyreek Hill,WR,18,99,99,3,22,70,191,1,True,False,False,97,0,2,18000000,18000000,99,98,98,64,98,41,31,28,23,79,92,99,97,98,27,10,20,21,27,10
775553053,LAR,Rams,553386908,Mike Wallace,WR,85,91,91,1,22,72,200,1,True,False,False,97,0,2,3800000,1900000,99,98,92,68,85,20,36,32,26,84,89,85,88,96,37,30,37,41,32,11
775553053,LAR,Rams,553386478,Tee Higgins,WR,89,88,88,2,21,76,219,1,True,False,False,97,0,3,4650000,1750000,91,89,87,70,88,35,20,20,20,81,93,90,89,91,35,35,35,30,15,15
775553053,LAR,Rams,553386679,Brian Finneran,WR,86,86,86,1,22,77,210,1,True,False,False,97,0,4,4600000,1250000,89,88,90,65,88,26,15,10,6,81,91,88,90,87,33,19,27,33,31,10
775553053,LAR,Rams,553386667,Jayden Reed,WR,11,80,80,1,24,71,187,1,True,False,False,97,0,3,2400000,850000,92,93,89,58,81,52,39,35,31,72,89,81,83,82,31,29,35,26,77,25
775553053,LAR,Rams,553386965,Brandon Powell,WR,80,72,72,0,28,68,181,6,True,False,False,97,0,1,800000,800000,88,89,84,49,78,35,15,10,6,71,85,77,76,73,31,16,24,39,19,11
775553053,LAR,Rams,553387953,Derius Davis,WR,12,69,69,0,23,68,165,1,True,False,True,97,0,0,0,0,94,94,82,59,58,23,15,10,6,72,82,71,72,73,34,20,26,25,21,10
775553053,LAR,Rams,553386313,Jalen Moreno-Cropper,WR,16,68,68,0,23,72,172,1,True,False,True,97,0,0,0,0,92,92,81,59,49,25,15,10,6,65,81,75,74,74,35,23,31,27,79,10
775553053,LAR,Rams,553388117,Ryan Flournoy,WR,84,67,67,0,24,73,200,0,True,False,True,97,0,0,0,0,90,91,81,62,74,29,20,15,15,72,84,69,67,64,31,13,18,28,22,10
775553053,LAR,Rams,553388740,Kyric McGowan,WR,83,62,62,0,24,71,198,2,True,False,True,97,0,0,0,0,86,87,79,67,60,40,35,33,31,74,78,71,70,63,35,15,15,30,32,10
775553054,BAL,Ravens,553388370,Tyler Linderbaum,C,64,89,89,1,24,74,305,2,True,False,False,97,0,2,3900000,2250000,76,82,69,84,89,21,6,6,6,35,28,15,10,5,41,10,10,44,27,36
775553054,BAL,Ravens,553388254,Jon Gaines II,C,59,68,68,0,24,76,303,1,True,False,False,97,0,1,800000,800000,72,85,72,77,72,20,6,6,6,28,25,10,5,5,25,10,12,28,28,25
775553054,BAL,Ravens,553386205,Cade Mays,C,64,63,63,0,25,78,325,2,True,False,True,97,0,0,0,0,64,69,60,82,76,20,6,6,6,19,21,15,5,5,21,10,10,24,76,15
775553054,BAL,Ravens,553386826,Dawson Deaton,C,52,62,62,0,25,78,306,2,True,False,True,97,0,0,0,0,68,76,66,82,73,20,6,6,6,25,26,12,10,8,25,10,10,25,32,16
775553054,BAL,Ravens,553388039,Willie Brown,CB,24,99,99,3,22,73,195,1,True,False,False,97,0,2,18000000,18000000,90,92,90,76,99,32,25,21,18,78,85,50,52,50,84,95,99,74,60,60
775553054,BAL,Ravens,553388494,Kareem Jackson,CB,22,93,93,2,21,70,183,1,True,False,False,97,0,4,7000000,2250000,91,90,87,72,92,25,5,5,5,50,75,25,15,11,88,89,88,76,42,47
775553054,BAL,Ravens,553388751,Ken Riley,CB,26,92,92,1,20,71,190,1,True,False,False,97,0,4,6200000,1750000,85,86,88,70,94,48,46,44,41,68,80,32,27,24,86,93,89,83,75,80
775553054,BAL,Ravens,553387190,Cameron Sutton,CB,20,77,77,0,29,71,188,7,True,False,False,97,0,1,800000,800000,89,89,88,69,85,24,6,6,6,62,73,26,16,11,54,72,80,47,20,36
775553054,BAL,Ravens,553387301,Amani Oruwariye,CB,29,74,74,0,28,74,205,5,True,False,False,97,0,1,800000,800000,89,86,86,65,81,27,6,6,6,62,74,26,16,11,52,69,78,50,76,41
775553054,BAL,Ravens,553386201,Kamal Hadden,CB,33,67,67,0,23,73,192,0,True,False,True,97,0,0,0,0,87,94,81,65,64,35,15,10,6,58,72,26,21,16,51,63,74,47,36,39
775553054,BAL,Ravens,553386582,Kawann Short,DT,99,94,94,1,22,75,315,1,True,False,False,97,0,4,10000000,4000000,80,70,70,94,94,10,6,6,6,50,40,20,18,15,95,25,27,92,94,90
775553054,BAL,Ravens,553388914,Jordan Davis,DT,91,83,83,1,24,78,336,2,True,False,False,97,0,4,33430000,1750000,80,87,58,96,73,14,6,6,6,53,34,13,5,3,87,11,19,77,89,64
775553054,BAL,Ravens,553386419,Levi Onwuzurike,DT,95,74,74,0,26,75,293,3,True,False,False,97,0,3,4050000,1500000,79,81,74,87,67,25,6,6,6,32,28,15,8,4,82,21,30,74,84,72
775553054,BAL,Ravens,553388388,Khari Blasingame,FB,35,72,72,0,28,72,233,5,True,False,False,97,0,2,1900000,1000000,87,91,83,75,70,25,6,6,6,71,70,58,49,41,44,18,26,44,29,33
775553054,BAL,Ravens,553387775,Hunter Luepke,FB,47,63,63,0,24,73,230,1,True,False,True,97,0,0,0,0,86,91,83,69,45,43,35,31,23,74,71,59,51,49,49,21,28,49,29,35
775553054,BAL,Ravens,553387545,Roger Carter,FB,49,60,60,0,25,74,256,2,True,False,True,97,0,0,0,0,81,79,75,68,54,24,20,15,10,73,68,55,54,44,34,20,20,39,34,25
775553054,BAL,Ravens,553388480,Eric Weddle,FS,32,99,99,2,21,71,200,1,True,False,False,97,0,3,13500000,8000000,88,86,85,70,95,20,15,15,10,40,85,60,65,70,95,92,95,90,80,85
775553054,BAL,Ravens,553387954,Justin Evans,FS,30,75,75,0,29,72,199,6,True,False,False,97,0,1,800000,800000,87,91,87,75,76,30,15,10,10,66,72,36,26,21,73,65,63,63,27,44
775553054,BAL,Ravens,553388649,James White,HB,28,97,97,2,22,70,205,1,True,False,False,97,0,4,5400000,1500000,90,92,93,65,90,20,6,6,6,90,89,88,78,65,45,48,59,61,22,52
775553054,BAL,Ravens,553388555,Eddie Lacy,HB,27,96,96,3,22,71,250,1,True,False,False,97,0,1,1750000,2500000,94,93,95,86,91,30,28,25,20,92,80,60,76,78,55,38,42,50,40,35
775553054,BAL,Ravens,553386325,Karim Abdul-Jabbar,HB,33,82,82,1,22,70,196,1,True,False,False,97,0,2,1600000,850000,88,89,84,80,95,26,22,16,12,86,67,65,60,58,38,32,34,30,25,26
775553054,BAL,Ravens,553389150,Dri Archer,HB,25,79,79,0,22,68,173,1,True,False,False,97,0,1,800000,800000,99,99,97,52,67,12,12,10,8,71,73,68,62,70,43,23,33,41,31,23
775553054,BAL,Ravens,553388808,Hassan Haskins,HB,25,69,69,0,24,74,228,2,True,False,True,97,0,0,0,0,89,91,80,77,68,35,25,20,15,91,66,58,52,43,41,18,26,34,28,18
775553054,BAL,Ravens,553387679,Harrison Butker,K,7,84,84,1,29,76,199,7,True,False,False,97,0,2,2300000,1250000,75,77,55,44,69,27,33,25,25,26,30,10,10,10,15,15,15,12,20,10
775553054,BAL,Ravens,553387130,Tanner Brown,K,49,68,68,0,24,72,180,1,True,False,True,97,0,0,0,0,72,71,58,34,53,31,35,30,24,22,24,10,8,7,17,15,15,11,31,10
775553054,BAL,Ravens,553388579,**** Davis,LEDGE,93,98,98,2,26,75,243,1,True,False,False,97,0,3,15000000,5000000,88,83,80,92,95,20,15,15,15,40,45,30,25,20,98,30,30,94,94,95
775553054,BAL,Ravens,553386240,Jevon Kearse,LEDGE,90,95,95,3,25,76,265,1,True,False,False,97,0,4,24000000,12000000,89,93,88,85,88,9,8,7,7,69,65,58,25,20,90,55,65,95,92,98
775553054,BAL,Ravens,553388766,Sam Hubbard,LEDGE,97,77,77,1,29,77,265,6,True,False,False,97,0,3,2400000,850000,81,81,83,80,86,20,6,6,6,40,43,22,18,15,81,35,48,79,28,79
775553054,BAL,Ravens,553387262,Evan Mathis,LG,69,97,97,2,22,77,301,1,True,False,False,97,0,2,6000000,3000000,69,84,77,94,92,27,6,6,6,73,44,36,31,28,68,20,25,62,48,42
775553054,BAL,Ravens,553386729,Elgton Jenkins,LG,74,87,87,1,28,77,311,5,True,False,False,97,0,2,3500000,2000000,73,72,63,89,93,24,6,6,6,25,26,10,5,5,38,12,15,39,27,25
775553054,BAL,Ravens,553386192,Joe Thomas,LT,73,98,98,3,22,78,312,1,True,False,False,97,0,3,15000000,10000000,52,70,78,92,95,18,15,14,12,20,20,20,20,20,25,12,15,85,20,30
775553054,BAL,Ravens,553386113,Taylor Decker,LT,68,86,86,1,30,79,318,8,True,False,False,97,0,4,4600000,1250000,69,67,58,90,93,22,6,6,6,28,44,25,5,5,34,11,14,26,30,14
775553054,BAL,Ravens,553387182,Derrick Johnson,MIKE,55,96,96,1,22,73,242,1,True,False,False,97,0,2,4000000,3000000,85,86,84,83,92,10,10,10,10,70,75,10,10,10,95,86,89,88,88,85
775553054,BAL,Ravens,553386858,Jim LeClair,MIKE,44,93,93,1,20,75,234,1,True,False,False,97,0,4,7000000,2000000,75,78,80,90,88,25,6,6,6,70,80,35,30,24,98,80,85,88,88,85
775553054,BAL,Ravens,553386822,Cedric Gray,MIKE,51,71,71,0,21,74,234,0,True,False,False,97,0,1,800000,800000,84,91,77,69,68,14,17,19,14,60,70,21,21,15,78,73,73,67,27,67
775553054,BAL,Ravens,553389007,Tress Way,P,10,73,73,1,34,73,220,11,True,False,False,97,0,2,1900000,1000000,73,74,62,44,63,54,54,50,47,51,45,10,10,10,29,13,27,10,69,10
775553054,BAL,Ravens,553386309,Brad Robbins,P,10,67,67,0,25,73,203,1,True,False,True,97,0,0,0,0,75,76,67,47,51,36,31,26,21,25,26,15,15,15,28,11,10,24,22,10
775553054,BAL,Ravens,553388187,Michael Turk,P,49,67,67,0,26,73,227,1,True,False,True,97,0,0,0,0,78,81,61,67,50,35,35,29,23,33,34,10,10,7,35,14,12,25,20,12
775553054,BAL,Ravens,553386291,Dan Marino,QB,0,99,99,3,21,76,224,1,True,False,False,97,0,5,50000000,10000000,68,70,72,65,95,98,96,98,95,40,50,55,52,50,30,20,25,30,15,20
775553054,BAL,Ravens,553388515,Andrew Luck,QB,12,98,98,2,21,76,240,1,True,False,False,97,0,5,50000000,20000000,83,85,84,75,91,97,94,98,96,64,73,58,55,56,28,12,15,23,30,10
775553054,BAL,Ravens,553387421,Justin Fields,QB,2,76,76,1,25,75,228,3,True,False,False,97,0,1,800000,800000,93,96,93,65,62,91,86,80,82,59,32,19,15,14,24,17,19,20,23,10
775553054,BAL,Ravens,553386179,Cedrick Hardman,REDGE,94,92,92,1,22,75,255,1,True,False,False,97,0,2,6000000,5000000,89,87,84,86,91,21,6,6,6,65,60,10,4,3,90,28,39,90,93,88
775553054,BAL,Ravens,553388938,Laiatu Latu,REDGE,96,79,79,1,23,77,259,0,True,False,False,97,0,3,2400000,850000,84,88,81,77,82,19,5,5,5,45,54,15,15,15,80,47,50,75,37,83
775553054,BAL,Ravens,553386063,Alan Faneca,RG,66,98,98,3,22,76,315,1,True,False,False,97,0,2,9000000,7500000,70,76,78,96,98,12,9,8,7,28,20,10,5,5,28,12,12,26,22,10
775553054,BAL,Ravens,553387960,Max Mitchell,RG,61,70,70,0,24,78,299,2,True,False,False,97,0,1,800000,800000,62,72,55,85,77,24,8,6,5,29,24,15,5,5,29,10,10,25,67,13
775553054,BAL,Ravens,553388535,Abraham Lucas,RT,70,78,78,1,25,78,322,2,True,False,False,97,0,3,5250000,2000000,75,81,75,85,81,11,5,5,5,44,38,34,27,22,32,10,10,30,22,19
775553054,BAL,Ravens,553386001,Carter Warren,RT,67,67,67,0,25,77,323,1,True,False,False,97,0,1,800000,800000,64,73,67,82,74,23,15,13,11,55,48,45,35,29,30,8,9,24,18,10
775553054,BAL,Ravens,553386152,Austin Deculus,RT,70,62,62,0,25,77,321,2,True,False,True,97,0,0,0,0,70,77,50,84,68,18,6,6,6,24,19,20,16,8,27,8,9,29,23,10
775553054,BAL,Ravens,553387494,Luke Tenuta,RT,78,61,61,0,25,80,314,2,True,False,True,97,0,0,0,0,59,64,60,81,70,23,6,6,6,35,34,20,5,5,49,10,12,57,72,43
775553054,BAL,Ravens,553388428,Lavonte David,SAM,54,99,99,3,22,73,233,12,True,False,False,97,0,4,18000000,8500000,95,99,84,85,88,15,6,6,6,60,77,15,5,5,99,69,90,91,82,90
775553054,BAL,Ravens,553387391,DJ Johnson,SAM,49,72,72,0,25,76,260,1,True,False,False,97,0,1,800000,800000,89,93,73,82,65,35,25,22,21,71,68,51,48,42,79,45,52,75,79,59
775553054,BAL,Ravens,553387945,Merton Hanks,SS,36,97,97,2,22,74,187,1,True,False,False,97,0,5,20000000,6500000,90,92,91,68,95,30,15,10,10,70,80,35,30,28,84,85,97,76,42,58
775553054,BAL,Ravens,553386506,Mike Edwards,SS,21,77,77,1,28,70,205,5,True,False,False,97,0,1,800000,800000,89,91,85,63,79,22,6,6,6,60,78,25,15,10,66,66,78,57,24,28
775553054,BAL,Ravens,553386366,Jason Witten,TE,81,99,99,2,21,77,263,1,True,False,False,97,0,3,13500000,4500000,74,75,76,85,92,25,9,7,6,88,92,85,86,78,40,40,42,25,20,20
775553054,BAL,Ravens,553387158,Chris Cooley,TE,47,86,86,2,22,74,245,1,True,False,False,97,0,3,3450000,1250000,96,95,94,62,88,31,28,10,5,79,89,87,87,92,55,33,46,50,21,45
775553054,BAL,Ravens,553388051,Hayden Hurst,TE,88,77,77,0,31,76,245,6,True,False,False,97,0,1,800000,800000,86,87,81,69,75,73,15,10,6,72,86,72,67,65,44,12,19,35,83,33
775553054,BAL,Ravens,553388299,Shaun Phillips,WILL,53,93,93,3,20,75,260,1,True,False,False,97,0,4,7800000,2250000,90,90,88,85,83,40,35,35,35,55,70,45,45,45,91,78,75,92,92,88
775553054,BAL,Ravens,553387845,Odafe Oweh,WILL,40,77,77,1,25,77,257,3,True,False,False,97,0,1,800000,800000,89,90,87,80,79,22,10,6,6,48,54,29,26,19,85,45,53,76,22,66
775553054,BAL,Ravens,553387290,Tommy Eichenberg,WILL,45,74,74,1,23,74,233,0,True,False,False,97,0,1,800000,800000,78,84,81,75,68,35,25,21,11,55,58,20,10,6,85,61,55,78,31,52
775553054,BAL,Ravens,553388847,Steve Smith Sr,WR,82,96,96,3,22,69,195,1,True,False,False,97,0,5,20000000,4000000,91,90,89,78,99,18,14,10,8,90,98,93,95,95,40,12,17,28,72,10
775553054,BAL,Ravens,553388631,Tyler Lockett,WR,16,88,88,1,31,70,182,9,True,False,False,97,0,3,2850000,1000000,90,91,92,50,92,30,15,10,6,73,95,87,88,87,25,10,25,25,21,10
775553054,BAL,Ravens,553388923,Zay Flowers,WR,80,86,86,1,23,69,182,1,True,False,False,97,0,3,4650000,1750000,93,92,93,55,84,51,39,35,30,75,88,87,84,85,36,27,37,34,27,20
775553054,BAL,Ravens,553387705,Hunter Renfrow,WR,13,77,77,1,28,70,185,5,True,False,False,97,0,1,800000,800000,88,87,86,61,78,44,41,36,28,71,87,85,79,76,48,35,39,46,30,21
775553054,BAL,Ravens,553388368,Dyami Brown,WR,86,73,73,0,24,72,195,3,True,False,False,97,0,1,1100000,1100000,91,92,88,63,72,51,43,32,30,75,82,75,72,76,37,22,29,39,28,17
775553054,BAL,Ravens,553386881,Jordan Whittington,WR,88,68,68,0,23,73,205,0,True,False,True,97,0,0,0,0,89,90,90,64,61,22,20,15,15,73,83,70,70,67,28,13,18,28,23,10
775553055,NO,Saints,553387277,Nick Mangold,C,53,94,94,2,24,75,307,2,True,False,False,97,0,4,7000000,2250000,72,78,74,92,95,16,12,10,8,74,58,40,35,32,66,34,36,68,68,60
775553055,NO,Saints,553387060,Nick Harris,C,58,68,68,0,25,73,293,4,True,False,False,97,0,1,800000,800000,69,74,63,82,79,23,6,6,6,20,26,15,5,5,30,12,15,20,33,10
775553055,NO,Saints,553387756,Champ Bailey,CB,24,99,99,3,22,72,199,1,True,False,False,97,0,7,39600000,15000000,94,93,92,85,90,40,35,35,35,70,85,55,55,55,90,98,92,90,75,85
775553055,NO,Saints,553388921,Carlos Rogers,CB,35,94,94,1,22,74,210,1,True,False,False,97,0,4,6200000,1750000,87,88,85,80,90,48,42,33,26,75,88,90,87,84,87,95,89,88,82,90
775553055,NO,Saints,553388068,Samari Rolle,CB,25,92,92,2,22,72,175,1,True,False,False,97,0,5,20000000,6500000,93,94,91,62,88,51,44,39,34,62,75,27,23,19,73,95,90,69,40,48
775553055,NO,Saints,553386305,Desmond King II,CB,32,80,80,1,29,70,200,7,True,False,False,97,0,2,1600000,850000,88,89,92,72,78,21,6,6,6,74,76,22,12,10,69,82,83,61,22,39
775553055,NO,Saints,553386496,Joshua Williams,CB,2,73,73,0,24,75,193,2,True,False,False,97,0,1,800000,800000,89,93,86,59,72,30,6,6,6,64,71,40,37,35,61,72,74,46,20,38
775553055,NO,Saints,553387106,Tarheeb Still,CB,29,69,69,0,22,73,196,0,True,False,True,97,0,0,0,0,89,93,85,55,64,27,11,10,6,60,75,26,16,11,57,65,73,43,21,31
775553055,NO,Saints,553387196,Chau Smith-Wade,CB,26,68,68,0,21,71,176,0,True,False,True,97,0,0,0,0,88,92,86,56,71,27,17,14,9,50,67,26,16,11,46,71,71,39,21,27
775553055,NO,Saints,553388020,Ndamukong Suh,DT,90,96,96,3,25,76,313,1,True,False,False,97,0,3,15000000,10000000,74,85,76,97,92,10,10,10,10,58,40,25,20,15,95,35,40,95,95,84
775553055,NO,Saints,553386162,Kenny Clark,DT,97,88,88,2,28,75,314,8,True,False,False,97,0,3,5250000,2000000,73,76,62,92,92,23,6,6,6,34,24,13,5,3,89,33,38,85,89,72
775553055,NO,Saints,553388581,Harrison Phillips,DT,98,80,80,1,28,75,307,6,True,False,False,97,0,3,4050000,1500000,70,68,72,93,77,26,6,6,6,26,27,15,7,3,87,19,27,79,32,63
775553055,NO,Saints,553388289,Marcus Harris,DT,73,68,68,0,23,74,286,0,True,False,True,97,0,0,0,0,67,70,59,83,65,19,6,6,6,40,36,15,7,3,84,22,31,72,22,67
775553055,NO,Saints,553388597,Zion Logue,DT,59,64,64,0,23,77,295,0,True,False,True,97,0,0,0,0,68,68,56,83,60,25,6,6,6,45,34,15,8,4,80,15,25,71,32,64
775553055,NO,Saints,553387446,Mack Strong,FB,38,90,90,2,22,72,245,1,True,False,False,97,0,4,5400000,1500000,79,82,74,87,89,14,18,14,10,94,74,71,62,48,50,25,31,41,29,38
775553055,NO,Saints,553388404,Nolan Cromwell,FS,26,94,94,2,21,73,200,1,True,False,False,97,0,2,4000000,3000000,93,94,91,72,92,76,68,70,68,72,78,40,38,36,84,78,90,70,58,62
775553055,NO,Saints,553386008,Ifeatu Melifonwu,FS,30,76,76,0,25,75,213,3,True,False,False,97,0,1,800000,800000,89,91,83,64,77,46,41,38,33,59,73,34,32,30,65,68,77,56,75,42
775553055,NO,Saints,553386627,Daijahn Anthony,FS,33,66,66,0,23,72,205,0,True,False,True,97,0,0,0,0,88,92,87,56,59,31,21,20,15,58,69,30,20,15,70,64,70,53,23,44
775553055,NO,Saints,553386621,Elijah Hicks,FS,22,65,65,0,24,71,200,2,True,False,True,97,0,0,0,0,88,90,77,58,67,30,6,6,6,60,69,15,10,10,68,64,65,50,77,42
775553055,NO,Saints,553388564,K Dot,HB,23,99,99,0,21,69,221,1,True,False,False,97,0,4,5400000,1500000,87,93,95,89,99,26,6,6,6,99,81,86,71,76,49,62,65,82,85,80
775553055,NO,Saints,553386739,Chris Johnson,HB,28,98,98,3,24,71,203,1,True,False,False,97,0,2,6000000,5000000,99,99,97,66,88,30,27,23,19,85,74,70,60,56,24,13,25,27,27,10
775553055,NO,Saints,553388076,Nick Chubb,HB,29,93,93,1,21,70,227,1,True,False,False,97,0,2,1900000,1000000,87,89,88,90,91,20,18,17,15,92,75,55,53,50,65,15,20,75,90,80
775553055,NO,Saints,553388012,Zack Moss,HB,31,79,79,0,26,69,205,4,True,False,False,97,0,1,800000,800000,90,89,85,77,77,33,25,20,15,92,68,60,50,39,34,21,28,33,26,15
775553055,NO,Saints,553387018,Dustin Hopkins,K,7,77,77,0,33,74,193,11,True,False,False,97,0,2,1900000,1000000,74,76,62,61,64,43,35,30,25,40,35,10,10,10,28,10,20,10,30,10
775553055,NO,Saints,553386310,Andrew Mevis,K,12,63,63,0,25,71,207,2,True,False,True,97,0,0,0,0,71,67,55,42,47,26,30,28,22,34,25,10,10,10,32,10,9,11,29,10
775553055,NO,Saints,553387142,Jared Allen,LEDGE,69,99,99,3,23,78,270,1,True,False,False,97,0,2,18000000,18000000,84,92,83,90,96,10,10,7,5,65,48,65,9,6,99,40,55,99,99,97
775553055,NO,Saints,553386174,Tyquan Lewis,LEDGE,94,72,72,0,29,75,277,6,True,False,False,97,0,1,800000,800000,81,88,75,83,69,20,6,6,6,28,33,15,8,4,81,29,38,74,71,63
775553055,NO,Saints,553387837,Chris Watt,LG,68,87,87,0,22,75,322,24,True,False,False,97,0,2,3500000,2000000,65,72,70,91,89,14,6,6,6,30,23,15,5,5,33,10,10,35,30,24
775553055,NO,Saints,553387315,Nick Gargiulo,LG,66,68,68,0,24,77,310,0,True,False,False,97,0,1,800000,800000,64,72,71,87,72,30,6,5,5,41,43,21,17,14,33,11,12,31,82,24
775553055,NO,Saints,553386338,Joe Staley,LT,74,98,98,2,21,78,300,1,True,False,False,97,0,4,18000000,8500000,78,83,74,92,98,25,20,15,10,70,38,30,25,18,54,15,21,45,30,28
775553055,NO,Saints,553387208,Joseph Noteboom,LT,70,70,70,0,29,77,321,6,True,False,False,97,0,1,800000,800000,72,76,61,87,79,17,6,6,6,25,20,10,8,5,31,12,12,30,26,10
775553055,NO,Saints,553386504,Zach Thomas,MIKE,54,95,95,3,21,72,242,1,True,False,False,97,0,3,13500000,8000000,82,84,85,78,94,20,20,15,10,60,65,60,60,55,92,82,86,91,90,90
775553055,NO,Saints,553386763,Jerod Mayo,MIKE,51,94,94,2,22,73,250,1,True,False,False,97,0,4,7000000,2000000,84,86,80,83,91,20,6,6,6,74,64,25,20,16,97,68,75,91,78,66
775553055,NO,Saints,553388095,Mike Vrabel,MIKE,45,89,89,2,22,76,261,1,True,False,False,97,0,4,4600000,1250000,78,83,75,86,91,21,6,6,6,72,69,34,28,22,92,63,72,90,88,77
775553055,NO,Saints,553386350,Jonas Griffith,MIKE,50,72,72,0,27,76,250,4,True,False,False,97,0,1,800000,800000,83,87,79,77,73,18,6,6,6,53,62,15,5,5,83,55,63,74,82,49
775553055,NO,Saints,553388274,**** #####,P,15,81,81,0,35,75,202,12,True,False,False,97,0,3,2850000,1000000,74,76,62,55,70,50,30,30,25,60,65,15,15,15,34,11,25,17,31,14
775553055,NO,Saints,553388947,Tom Brady,QB,12,99,99,3,22,76,225,1,True,False,False,97,0,5,50000000,20000000,60,68,67,70,99,94,99,99,97,69,50,22,12,6,77,45,54,62,76,41
775553055,NO,Saints,553387660,Jalen Hurts,QB,1,88,88,2,21,73,223,1,True,False,False,97,0,3,3450000,1250000,89,91,91,76,89,86,96,89,87,63,66,40,31,17,37,16,22,28,31,10
775553055,NO,Saints,553388087,Caleb Williams,QB,18,80,80,1,22,73,214,0,True,False,False,97,0,1,800000,800000,86,89,85,65,79,93,90,84,83,59,41,15,15,15,23,13,18,23,21,10
775553055,NO,Saints,553388212,Aidan O'Connell,QB,14,67,67,0,26,75,210,1,True,False,True,97,0,0,0,0,75,79,73,55,66,86,87,80,77,64,21,10,10,10,20,10,13,20,26,10
775553055,NO,Saints,553386441,Justin Tuck,REDGE,91,94,94,2,21,77,265,1,True,False,False,97,0,5,76930000,9000000,81,86,78,89,91,27,25,21,21,71,63,42,35,28,93,43,55,93,94,89
775553055,NO,Saints,553388811,Preston Smith,REDGE,99,79,79,1,31,77,265,9,True,False,False,97,0,3,2400000,850000,81,85,78,82,84,20,6,6,6,57,59,21,11,6,82,53,60,82,74,66
775553055,NO,Saints,553388454,Justin Eboigbe,REDGE,92,67,67,0,23,77,297,0,True,False,True,97,0,0,0,0,66,71,67,83,71,19,16,13,11,52,44,7,7,7,82,41,45,74,21,65
775553055,NO,Saints,553387638,Jaylen Harrell,REDGE,95,62,62,0,22,76,247,0,True,False,True,97,0,0,0,0,83,88,67,75,65,27,6,6,6,32,44,15,5,5,72,39,43,63,23,62
775553055,NO,Saints,553386435,Chris Gray,RG,62,88,88,1,22,76,300,1,True,False,False,97,0,2,3900000,2250000,64,70,64,89,90,6,6,6,6,25,20,10,5,5,35,12,15,20,19,10
775553055,NO,Saints,553387646,Halapoulivaati Vaitai,RG,72,71,71,0,31,78,320,8,True,False,False,97,0,1,800000,800000,67,66,60,88,80,26,6,6,6,21,23,10,5,5,37,10,12,40,21,40
775553055,NO,Saints,553387097,Emil Ekiyor Jr,RG,66,62,62,0,24,74,317,1,True,False,True,97,0,0,0,0,60,66,48,81,70,24,6,6,6,27,25,10,6,5,31,10,9,26,22,20
775553055,NO,Saints,553388071,Chris Terry,RT,76,90,90,1,22,77,295,1,True,False,False,97,0,4,7800000,2250000,68,68,70,88,92,10,5,5,5,50,40,30,25,20,35,12,12,33,22,22
775553055,NO,Saints,553386660,Andrew Wylie,RT,71,78,78,0,30,78,309,7,True,False,False,97,0,1,800000,800000,69,72,66,85,89,25,5,5,5,27,35,25,15,7,35,11,11,32,18,30
775553055,NO,Saints,553386655,Willie Gay,SAM,6,76,76,0,26,73,243,4,True,False,False,97,0,3,4650000,1750000,88,91,80,73,78,25,6,6,6,56,68,35,30,24,86,61,66,70,27,58
775553055,NO,Saints,553388099,Chop Robinson,SAM,44,74,74,1,21,75,254,0,True,False,False,97,0,2,2000000,800000,90,93,81,73,78,23,6,6,6,30,28,10,8,6,81,49,51,78,21,77
775553055,NO,Saints,553385996,Victor Green,SS,27,93,93,2,22,72,210,1,True,False,False,97,0,2,3800000,2250000,88,87,85,80,93,16,14,12,10,78,78,70,68,64,92,82,85,73,54,60
775553055,NO,Saints,553388680,Jaden Hicks,SS,36,75,75,1,22,74,215,0,True,False,False,97,0,1,800000,800000,89,91,88,67,68,40,35,31,24,68,66,26,22,17,72,69,80,64,77,53
775553055,NO,Saints,553388209,Dallas Clark,TE,82,98,98,1,21,77,255,1,True,False,False,97,0,4,10000000,4000000,84,88,85,70,93,25,30,25,20,90,92,90,85,80,40,35,40,70,68,82
775553055,NO,Saints,553388949,Tyler Conklin,TE,83,77,77,1,29,75,254,6,True,False,False,97,0,1,800000,800000,84,85,78,66,72,30,20,15,10,74,90,71,68,66,28,15,17,24,77,18
775553055,NO,Saints,553387334,Tip Reiman,TE,87,72,72,0,22,76,273,0,True,False,False,97,0,1,800000,800000,84,88,82,77,72,28,15,10,6,75,82,64,60,48,34,14,21,37,31,17
775553055,NO,Saints,553386796,Clay Matthews III,WILL,52,97,97,1,24,75,255,1,True,False,False,97,0,6,20230000,2500000,90,85,84,90,92,20,15,15,15,65,75,60,55,50,94,82,95,88,88,80
775553055,NO,Saints,553388185,Jamin Davis,WILL,46,80,80,1,25,75,234,3,True,False,False,97,0,3,2400000,850000,90,93,84,73,81,24,6,6,6,52,68,18,9,5,90,62,71,67,28,60
775553055,NO,Saints,553386260,Tim Brown,WR,81,97,97,3,22,71,195,1,True,False,False,97,0,4,24000000,12000000,92,94,95,72,96,55,50,48,46,86,97,97,95,93,42,18,23,29,33,10
775553055,NO,Saints,553386475,Cliff Branch,WR,21,95,95,3,22,71,170,1,True,False,False,97,0,2,9000000,7500000,99,98,96,72,88,51,45,42,46,76,92,84,88,99,40,44,45,35,32,34
775553055,NO,Saints,553388890,Rod Smith,WR,80,89,89,1,20,71,195,1,True,False,False,97,0,6,91640000,1750000,87,88,86,70,94,30,25,20,15,87,93,93,93,89,35,80,78,30,25,28
775553055,NO,Saints,553387385,Diontae Johnson,WR,5,85,85,1,28,70,183,5,True,False,False,97,0,2,2300000,1250000,90,92,90,61,84,53,48,40,42,70,88,87,87,89,29,17,20,26,23,10
775553055,NO,Saints,553387572,Joe Jurevicius,WR,85,79,79,0,22,77,229,23,True,False,False,97,0,1,800000,800000,84,84,83,72,87,24,20,15,10,72,84,84,88,76,29,10,17,27,27,10
775553055,NO,Saints,553387379,Elijah Moore,WR,8,78,78,0,24,70,180,3,True,False,False,97,0,1,800000,800000,92,91,92,59,74,36,15,10,10,76,87,78,77,78,24,12,17,25,70,10
775553055,NO,Saints,553386057,Devontez Walker,WR,81,70,70,1,23,74,193,0,True,False,True,97,0,0,0,0,94,93,87,63,54,23,15,10,6,70,79,72,73,74,33,12,20,31,21,10
775553056,SEA,Seahawks,553389120,Maurkice Pouncey,C,53,94,94,2,28,76,304,1,True,False,False,97,0,2,3800000,2250000,76,84,80,94,95,14,11,10,8,65,65,15,65,65,82,12,20,73,35,67
775553056,SEA,Seahawks,553387715,Pat Elflein,C,50,68,68,0,30,75,303,7,True,False,False,97,0,1,800000,800000,64,59,58,88,76,22,6,6,6,29,33,10,5,5,32,13,15,37,26,25
775553056,SEA,Seahawks,553386336,Charles Tillman,CB,33,99,99,2,20,74,198,1,True,False,False,97,0,3,15000000,10000000,91,93,90,72,95,16,15,14,12,70,85,62,46,50,88,93,93,84,55,50
775553056,SEA,Seahawks,553387066,Charvarius Ward,CB,7,93,93,1,21,73,196,1,True,False,False,97,0,4,10000000,4000000,91,88,86,65,96,21,16,11,7,61,74,31,28,21,83,91,98,46,29,47
775553056,SEA,Seahawks,553388105,Corey Chavous,CB,32,91,91,1,22,73,210,1,True,False,False,97,0,4,6200000,1750000,88,91,89,74,92,27,6,6,6,55,78,52,42,35,86,87,91,74,55,52
775553056,SEA,Seahawks,553386692,Quinyon Mitchell,CB,30,78,78,1,23,72,195,0,True,False,False,97,0,3,2400000,850000,94,94,90,66,68,31,23,21,11,75,79,28,26,23,71,75,82,49,28,30
775553056,SEA,Seahawks,553387601,Amik Robertson,CB,34,75,75,0,26,68,187,4,True,False,False,97,0,1,800000,800000,89,91,91,56,81,39,33,27,24,64,75,36,33,29,48,71,78,48,27,45
775553056,SEA,Seahawks,553388331,Kyu Blu Kelly,CB,36,69,69,0,23,72,192,1,True,False,True,97,0,0,0,0,88,94,86,54,71,31,15,10,6,57,73,21,15,12,51,65,72,42,30,42
775553056,SEA,Seahawks,553389024,Christian Holmes,CB,34,65,65,0,26,73,205,2,True,False,True,97,0,0,0,0,88,93,79,62,65,21,16,11,7,56,60,32,28,24,59,63,67,49,29,38
775553056,SEA,Seahawks,553386549,Tariq Castro-Fields,CB,37,65,65,0,25,73,197,2,True,False,True,97,0,0,0,0,93,95,82,60,60,29,6,6,6,55,58,35,32,29,54,62,66,50,34,31
775553056,SEA,Seahawks,553388875,Timarcus Davis,CB,27,64,64,0,26,72,180,1,True,False,True,97,0,0,0,0,89,90,93,52,61,23,15,13,12,55,64,41,34,28,50,65,61,47,30,31
775553056,SEA,Seahawks,553388943,Chris Jones,DT,95,95,95,2,21,78,310,1,True,False,False,97,0,4,18000000,8500000,80,82,78,95,90,23,6,6,6,89,29,13,6,3,92,23,29,97,96,96
775553056,SEA,Seahawks,553386829,DeWayne Carter,DT,93,77,77,1,23,74,302,0,True,False,False,97,0,3,4050000,1500000,73,78,57,82,76,12,13,16,17,40,22,4,4,4,85,17,19,80,89,75
775553056,SEA,Seahawks,553388398,Mike Hall Jr,DT,98,76,76,1,21,74,285,0,True,False,False,97,0,1,1550000,1750000,80,85,67,82,75,30,6,6,6,36,33,10,5,3,86,21,27,77,78,74
775553056,SEA,Seahawks,553387186,Michael Burton,FB,20,72,72,0,32,72,247,9,True,False,False,97,0,2,1900000,1000000,78,80,76,82,83,30,15,10,5,74,63,45,35,27,45,10,15,28,22,30
775553056,SEA,Seahawks,553388371,Eric Berry,FS,29,99,99,2,22,72,212,1,True,False,False,97,0,2,9000000,7500000,93,94,91,74,91,35,25,22,20,62,80,60,52,46,93,87,95,85,71,68
775553056,SEA,Seahawks,553387843,Bryan Cook,FS,6,75,75,0,24,73,206,2,True,False,False,97,0,1,800000,800000,90,92,79,67,77,24,6,6,6,61,67,35,31,28,75,63,73,55,83,36
775553056,SEA,Seahawks,553387842,Anthony Johnson Jr,FS,36,66,66,0,25,74,205,1,True,False,True,97,0,0,0,0,88,92,81,58,66,27,6,6,6,54,63,35,30,27,59,66,68,54,20,42
775553056,SEA,Seahawks,553388831,Juanyeh Thomas,FS,30,66,66,0,24,75,217,2,True,False,True,97,0,0,0,0,87,92,76,65,64,24,6,6,6,65,62,31,29,25,69,63,68,58,32,47
775553056,SEA,Seahawks,553386885,Beau Brade,FS,6,63,63,0,22,72,203,0,True,False,True,97,0,0,0,0,84,91,87,61,62,36,42,37,39,63,69,32,30,27,69,62,65,50,30,50
775553056,SEA,Seahawks,553387759,Frank Gore,HB,21,98,98,2,21,69,212,1,True,False,False,97,0,1,1750000,2500000,91,94,92,84,97,12,7,6,6,97,74,68,63,58,40,22,24,36,28,30
775553056,SEA,Seahawks,553387402,Reggie Bush,HB,5,93,93,2,24,73,203,1,True,False,False,97,0,4,5400000,1500000,92,92,95,72,90,40,20,15,15,84,74,70,73,70,36,20,29,32,21,10
775553056,SEA,Seahawks,553387388,Alvin Kamara,HB,41,85,85,1,29,70,215,7,True,False,False,97,0,2,1600000,850000,88,92,91,77,86,41,34,31,23,88,76,81,75,68,29,18,24,29,29,48
775553056,SEA,Seahawks,553388323,Chuba Hubbard,HB,23,79,79,0,25,73,210,3,True,False,False,97,0,1,800000,800000,90,91,88,70,79,31,25,20,15,89,71,62,55,45,32,11,18,27,32,11
775553056,SEA,Seahawks,553387058,Evan McPherson,K,2,84,84,1,21,71,185,3,True,False,False,97,0,2,2300000,1250000,76,82,63,37,76,27,31,20,15,21,32,22,14,12,16,11,15,11,28,10
775553056,SEA,Seahawks,553389112,Nick Bosa,LEDGE,90,96,96,3,21,76,266,1,True,False,False,97,0,1,7500000,15000000,81,91,88,94,97,25,6,6,6,38,45,17,10,6,92,30,42,87,33,99
775553056,SEA,Seahawks,553387757,Zach Sieler,LEDGE,92,80,80,1,28,78,305,6,True,False,False,97,0,3,2400000,850000,79,75,74,89,82,22,6,6,6,29,36,15,8,4,86,18,29,83,68,77
775553056,SEA,Seahawks,553386502,Isaac Seumalo,LG,68,81,81,0,30,76,303,8,True,False,False,97,0,1,800000,800000,70,73,67,84,86,24,6,6,6,29,20,10,5,5,33,15,20,35,32,30
775553056,SEA,Seahawks,553387220,Isaiah Adams,LG,74,73,73,1,24,77,320,0,True,False,False,97,0,3,4650000,1750000,65,70,59,86,75,31,31,24,22,29,32,21,15,14,40,11,11,37,0,32
775553056,SEA,Seahawks,553386452,Tyron Smith,LT,77,95,95,2,33,77,320,13,True,False,False,97,0,2,3900000,2250000,73,75,74,91,93,35,6,6,6,55,56,35,25,17,45,12,12,40,22,10
775553056,SEA,Seahawks,553386552,Caedan Wallace,LT,70,68,68,0,24,77,314,0,True,False,False,97,0,1,800000,800000,67,76,59,87,74,21,13,12,11,25,35,24,22,21,44,11,11,30,19,45
775553056,SEA,Seahawks,553386390,C.J. Mosley,MIKE,57,95,95,2,22,74,231,1,True,False,False,97,0,2,4000000,3000000,84,88,82,84,92,10,6,6,6,76,66,40,36,30,94,78,84,90,74,68
775553056,SEA,Seahawks,553387254,Lofa Tatupu,MIKE,51,91,91,1,22,72,238,1,True,False,False,97,0,3,5250000,2000000,84,86,85,82,89,7,6,6,6,75,74,34,31,20,92,71,76,89,67,59
775553056,SEA,Seahawks,553387772,Kwon Alexander,MIKE,52,75,75,0,30,73,227,9,True,False,False,97,0,1,800000,800000,87,88,81,79,77,27,6,6,6,50,70,15,5,5,78,64,72,72,24,55
775553056,SEA,Seahawks,553388469,Chad Muma,MIKE,40,70,70,0,25,75,239,2,True,False,False,97,0,1,800000,800000,85,89,86,76,69,21,15,10,10,63,66,21,14,10,83,61,65,62,27,46
775553056,SEA,Seahawks,553386041,Jack Fox,P,3,76,76,1,28,74,224,6,True,False,False,97,0,3,2850000,1000000,80,82,64,50,65,53,47,29,15,39,23,15,15,15,29,11,20,29,31,10
775553056,SEA,Seahawks,553387761,Roger Staubach,QB,12,99,99,3,21,75,197,1,True,False,False,97,0,5,50000000,20000000,84,84,87,77,98,93,98,96,97,86,45,10,10,10,31,7,7,25,73,5
775553056,SEA,Seahawks,553388888,Justin Herbert,QB,10,88,88,2,26,78,236,4,True,False,False,97,0,4,5400000,1500000,86,89,80,71,86,96,92,87,87,68,39,17,13,10,36,11,18,26,32,10
775553056,SEA,Seahawks,553387980,Geno Smith,QB,4,78,78,0,33,75,221,11,True,False,False,97,0,1,800000,800000,89,84,80,58,79,88,88,84,85,59,57,30,20,10,38,18,25,25,32,10
775553056,SEA,Seahawks,553388884,Jake Haener,QB,3,63,63,0,25,73,200,1,True,False,True,97,0,0,0,0,83,88,82,61,65,86,83,74,73,63,31,10,10,10,22,10,12,19,22,10
775553056,SEA,Seahawks,553387293,Aidan Hutchinson,REDGE,0,90,90,2,24,78,265,2,True,False,False,97,0,2,6000000,5000000,81,90,81,87,94,24,10,8,6,59,64,50,44,38,89,43,53,87,83,91
775553056,SEA,Seahawks,553387976,Dayo Odeyingbo,REDGE,54,74,74,0,24,78,276,3,True,False,False,97,0,1,800000,800000,80,85,79,84,72,26,6,6,6,44,45,26,19,14,83,23,35,76,35,78
775553056,SEA,Seahawks,553388916,Tyler Lacy,REDGE,94,71,71,0,24,76,285,1,True,False,False,97,0,1,800000,800000,69,81,65,86,69,21,6,6,6,41,37,25,15,10,79,24,30,71,81,59
775553056,SEA,Seahawks,553386239,Sam Okuayinonu,REDGE,67,67,67,0,26,73,269,2,True,False,True,97,0,0,0,0,80,85,68,83,55,21,7,6,5,27,35,10,5,3,74,29,35,64,78,60
775553056,SEA,Seahawks,553386953,Otito Ogbonnia,REDGE,93,62,62,0,24,76,320,2,True,False,True,97,0,0,0,0,62,65,53,86,69,22,6,6,6,24,26,14,8,5,77,20,35,71,71,63
775553056,SEA,Seahawks,553388619,Wyatt Teller,RG,56,86,86,2,29,76,315,6,True,False,False,97,0,4,7000000,2000000,72,66,67,93,91,40,27,24,19,40,36,22,18,12,50,9,10,45,22,37
775553056,SEA,Seahawks,553386794,Layden Robinson,RG,64,72,72,0,23,76,315,0,True,False,False,97,0,1,800000,800000,69,72,60,87,73,21,8,5,5,40,40,22,21,11,36,11,11,16,71,10
775553056,SEA,Seahawks,553386778,Harris Barton,RT,79,92,92,2,22,77,286,1,True,False,False,97,0,4,7000000,2250000,65,72,68,91,94,8,6,6,6,68,35,20,15,12,32,22,30,65,40,38
775553056,SEA,Seahawks,553387859,Germain Ifedi,RT,65,69,69,0,30,77,325,8,True,False,False,97,0,1,800000,800000,65,66,60,84,77,21,6,6,6,31,24,14,5,5,35,12,14,27,30,15
775553056,SEA,Seahawks,553386731,Von Miller,SAM,58,96,96,3,20,75,250,1,True,False,False,97,0,5,20000000,6500000,92,90,88,95,93,19,6,6,6,40,50,15,40,35,91,59,72,93,91,94
775553056,SEA,Seahawks,553386872,Arnold Ebiketie,SAM,59,72,72,1,25,75,256,2,True,False,False,97,0,1,800000,800000,84,87,85,76,76,23,6,6,6,45,45,24,16,13,82,31,43,78,80,78
775553056,SEA,Seahawks,553387998,Nelson Ceaser,SAM,46,62,62,0,23,75,254,0,True,False,True,97,0,0,0,0,76,74,74,76,63,33,15,10,5,52,52,15,5,5,74,36,44,71,22,69
775553056,SEA,Seahawks,553388353,Ken Houston,SS,22,99,99,3,22,74,198,1,True,False,False,97,0,1,4500000,9000000,92,91,89,75,97,42,34,28,24,65,83,34,32,30,91,89,96,84,64,62
775553056,SEA,Seahawks,553387187,Richie Grant,SS,31,75,75,1,26,72,200,3,True,False,False,97,0,1,800000,800000,87,92,89,58,77,23,12,12,11,65,75,37,35,34,67,64,76,58,28,55
775553056,SEA,Seahawks,553386529,Luke Willson,TE,82,87,87,1,22,77,251,1,True,False,False,97,0,4,4600000,1250000,86,88,79,72,80,25,15,10,6,83,84,81,79,73,35,12,17,26,34,27
775553056,SEA,Seahawks,553388901,Dawson Knox,TE,86,80,80,1,27,76,254,5,True,False,False,97,0,2,1900000,950000,87,90,85,72,81,41,28,23,17,71,84,73,70,67,31,13,16,28,24,10
775553056,SEA,Seahawks,553386021,Ian Thomas,TE,80,71,71,0,28,76,260,6,True,False,False,97,0,1,800000,800000,83,88,78,68,73,31,27,22,19,74,79,71,64,56,31,12,14,27,22,20
775553056,SEA,Seahawks,553388294,Devin Culp,TE,82,62,62,0,24,76,237,0,True,False,True,97,0,0,0,0,90,92,74,68,68,30,15,10,6,71,76,58,51,47,33,14,21,29,30,17
775553056,SEA,Seahawks,553387709,Adalius Thomas,WILL,96,94,94,2,22,74,270,1,True,False,False,97,0,4,7800000,2250000,86,88,84,88,90,10,6,6,6,74,68,44,40,32,92,74,82,90,88,78
775553056,SEA,Seahawks,553388312,Christian Harris,WILL,48,77,77,0,23,73,226,2,True,False,False,97,0,1,800000,800000,90,93,84,69,76,25,6,6,6,55,69,35,31,29,79,70,73,67,23,62
775553056,SEA,Seahawks,553388635,Dez Bryant,WR,8,99,99,3,21,75,220,1,True,False,False,97,0,5,50000000,10000000,96,99,97,90,99,35,15,10,10,99,99,88,91,98,34,10,18,30,73,10
775553056,SEA,Seahawks,553388499,Michael Irvin,WR,88,99,99,3,22,75,211,1,True,False,False,97,0,2,18000000,18000000,95,95,96,90,97,41,15,10,6,93,99,95,97,92,38,38,35,34,22,11
775553056,SEA,Seahawks,553388215,Terrell Owens,WR,81,99,99,3,21,75,220,1,True,False,False,97,0,4,24000000,12000000,94,96,92,81,95,25,22,20,20,91,99,94,99,97,32,48,44,29,28,22
775553056,SEA,Seahawks,553388242,Dwight Clark,WR,87,90,90,2,22,76,212,1,True,False,False,97,0,3,3450000,1250000,87,89,84,66,94,22,20,18,15,86,97,93,90,88,36,54,60,28,18,20
775553056,SEA,Seahawks,553387356,Mike Williams,WR,18,87,87,2,29,76,218,7,True,False,False,97,0,2,1900000,1000000,89,86,82,76,88,26,15,10,6,77,93,84,81,79,37,18,14,38,22,10
775553057,PIT,Steelers,553387961,Jay Hilgenberg,C,63,98,98,1,20,75,260,1,True,False,False,97,0,2,3800000,2250000,60,60,65,92,95,30,28,25,20,70,60,60,55,50,50,30,32,92,90,85
775553057,PIT,Steelers,553386636,Lucas Patrick,C,62,68,68,0,31,75,313,8,True,False,False,97,0,1,800000,800000,70,82,60,84,80,21,6,6,6,26,24,13,5,5,29,12,12,20,22,10
775553057,PIT,Steelers,553389067,Brock Hoffman,C,67,60,60,0,25,76,302,2,True,False,True,97,0,0,0,0,56,72,60,79,70,22,7,6,5,35,21,10,5,5,32,9,9,29,79,25
775553057,PIT,Steelers,553386256,Frank Minnifield,CB,39,99,99,1,22,71,175,1,True,False,False,97,0,4,24000000,12000000,96,94,95,75,92,15,15,15,8,60,88,65,60,75,85,96,90,88,75,90
775553057,PIT,Steelers,553387167,Terence Newman,CB,41,92,92,1,22,70,197,1,True,False,False,97,0,3,5250000,2000000,90,92,91,74,90,12,6,6,6,72,74,43,33,26,84,90,86,72,48,52
775553057,PIT,Steelers,553386042,Marshon Lattimore,CB,23,90,90,3,28,72,192,7,True,False,False,97,0,4,10000000,4000000,91,93,90,72,89,22,6,6,6,61,75,34,24,17,73,89,92,52,27,44
775553057,PIT,Steelers,553386079,Renardo Green,CB,31,76,76,1,23,72,186,0,True,False,False,97,0,1,800000,800000,89,91,88,59,71,25,25,22,21,57,59,34,30,21,64,81,73,42,33,37
775553057,PIT,Steelers,553387909,Anthony Averett,CB,18,73,73,0,29,71,184,6,True,False,False,97,0,1,800000,800000,91,91,85,58,76,45,39,36,31,62,65,15,10,5,47,72,72,44,25,38
775553057,PIT,Steelers,553389062,Merlin Olsen,DT,74,99,99,3,24,77,270,1,True,False,False,97,0,1,7500000,15000000,72,78,74,98,99,22,6,6,6,25,26,10,6,5,98,42,44,99,97,85
775553057,PIT,Steelers,553386453,Darnell Dockett,DT,90,92,92,1,22,76,290,1,True,False,False,97,0,4,7000000,2000000,80,88,78,91,87,23,6,6,6,42,54,36,32,25,95,20,28,92,91,84
775553057,PIT,Steelers,553387310,Travis Jones,DT,98,78,78,1,24,76,334,2,True,False,False,97,0,3,4050000,1500000,75,72,71,92,74,20,6,6,6,25,26,10,6,5,89,15,19,81,22,60
775553057,PIT,Steelers,553389115,Karl Brooks,DT,99,69,69,0,24,75,296,1,True,False,False,97,0,1,800000,800000,70,79,67,84,70,23,8,7,6,41,46,12,6,5,79,22,30,74,33,66
775553057,PIT,Steelers,553387461,C.J. Ham,FB,30,76,76,0,31,71,250,8,True,False,False,97,0,2,1900000,1000000,83,85,77,77,76,32,27,23,18,79,71,62,51,40,36,12,18,38,83,20
775553057,PIT,Steelers,553386044,Delete Me,FB,30,12,12,2,21,74,260,1,True,False,True,97,0,3,2650000,800000,0,0,0,0,0,0,0,0,0,0,0,0,0,0,0,0,0,0,0,0
775553057,PIT,Steelers,553387738,Sean Taylor,FS,21,99,99,3,24,75,212,1,True,False,False,97,0,4,18000000,8500000,94,95,92,87,90,35,29,25,22,65,77,69,65,60,97,86,94,92,76,64
775553057,PIT,Steelers,553387221,Lewis Cine,FS,29,71,71,1,24,74,202,2,True,False,False,97,0,1,800000,800000,92,94,83,58,61,21,6,6,6,64,61,15,13,10,74,64,73,59,27,32
775553057,PIT,Steelers,553386634,Erick Hallett II,FS,40,66,66,0,24,71,190,1,True,False,True,97,0,0,0,0,89,91,89,55,63,22,6,6,6,59,70,41,35,33,69,60,68,47,32,40
775553057,PIT,Steelers,553388348,Marshall Faulk,HB,28,99,99,3,22,71,211,1,True,False,False,97,0,2,9000000,7500000,94,96,98,76,99,36,6,6,6,95,90,92,88,76,44,62,64,52,40,38
775553057,PIT,Steelers,553388324,Bobby Coleman,HB,25,90,90,3,22,75,215,1,True,False,False,97,0,4,5400000,1500000,91,94,93,73,81,90,92,91,89,95,72,75,78,72,40,45,50,45,45,50
775553057,PIT,Steelers,553386056,Devin Singletary,HB,22,81,81,1,21,67,203,1,True,False,False,97,0,3,2400000,850000,87,90,90,70,80,24,21,15,12,92,70,60,54,47,37,13,15,25,27,10
775553057,PIT,Steelers,553386541,Gus Edwards,HB,4,80,80,1,21,73,238,1,True,False,False,97,0,1,800000,800000,89,85,81,80,83,24,20,15,10,94,62,49,43,34,37,15,20,31,23,10
775553057,PIT,Steelers,553386403,Raheem Blackshear,HB,3,67,67,0,25,69,190,2,True,False,True,97,0,0,0,0,90,93,89,55,60,25,25,20,15,77,68,65,62,58,24,15,20,20,75,10
775553057,PIT,Steelers,553386793,Brandon McManus,K,9,76,76,0,33,75,201,11,True,False,False,97,0,2,1900000,1000000,77,77,71,56,66,38,33,15,15,40,35,15,15,15,24,11,20,29,79,10
775553057,PIT,Steelers,553387123,Rob Ninkovich,LEDGE,94,89,89,2,22,74,260,1,True,False,False,97,0,2,4000000,3000000,78,83,73,86,93,24,6,6,6,69,37,15,12,9,92,48,65,89,83,80
775553057,PIT,Steelers,553387645,Mario Edwards Jr,LEDGE,95,71,71,0,30,75,280,9,True,False,False,97,0,1,800000,800000,76,71,67,88,71,33,6,6,6,45,47,15,8,4,81,24,29,73,76,64
775553057,PIT,Steelers,553388184,Colby Wooden,LEDGE,96,65,65,0,23,76,273,1,True,False,True,97,0,0,0,0,79,87,68,78,70,14,9,7,6,35,28,15,11,9,73,24,33,66,23,69
775553057,PIT,Steelers,553387361,Damien Lewis,LG,69,76,76,1,27,74,327,4,True,False,False,97,0,3,4650000,1750000,69,66,56,89,84,26,6,6,6,30,26,15,5,5,42,12,15,38,28,27
775553057,PIT,Steelers,553386223,Jermaine Eluemunor,LG,72,76,76,0,29,76,330,7,True,False,False,97,0,1,800000,800000,69,63,57,92,80,24,6,6,6,22,27,17,7,5,33,12,12,15,21,10
775553057,PIT,Steelers,553388813,Justin Shaffer,LG,54,64,64,0,26,76,330,2,True,False,True,97,0,0,0,0,68,75,50,83,64,24,6,6,6,29,23,10,5,5,25,10,10,24,22,12
775553057,PIT,Steelers,553387727,Jordan Mailata,LT,68,89,89,1,27,80,365,6,True,False,False,97,0,4,7800000,2250000,74,66,69,89,91,39,6,6,6,64,57,30,25,20,52,12,17,36,27,15
775553057,PIT,Steelers,553387778,Cam Robinson,LT,76,81,81,1,28,78,335,7,True,False,False,97,0,2,1600000,850000,70,68,58,90,85,15,6,6,6,27,32,23,13,7,29,11,17,38,27,26
775553057,PIT,Steelers,553388552,Chad Greenway,MIKE,52,96,96,2,22,75,237,1,True,False,False,97,0,3,13500000,8000000,85,88,83,80,92,15,6,6,6,70,72,15,5,5,95,75,86,92,76,68
775553057,PIT,Steelers,553388529,Les Richter,MIKE,56,94,94,2,22,74,238,1,True,False,False,97,0,2,3900000,2250000,80,82,76,88,95,26,6,6,6,74,62,32,28,26,96,70,74,90,70,66
775553057,PIT,Steelers,553388000,Anthony Walker Jr,MIKE,6,78,78,0,29,73,235,7,True,False,False,97,0,1,800000,800000,85,87,78,78,84,24,6,6,6,61,67,24,14,6,87,60,67,71,18,53
775553057,PIT,Steelers,553387866,J.K. Scott,P,16,79,79,1,27,77,208,6,True,False,False,97,0,3,2850000,1000000,76,79,69,51,70,41,32,27,22,36,21,15,15,15,30,12,15,20,27,10
775553057,PIT,Steelers,553387374,Sammy Baugh,QB,3,98,98,3,22,72,182,1,True,False,False,97,0,5,50000000,20000000,75,78,79,75,92,97,97,96,95,78,62,39,29,19,28,10,24,25,80,10
775553057,PIT,Steelers,553389097,Alex Smith,QB,12,87,87,2,24,76,217,1,True,False,False,97,0,4,5400000,1500000,84,87,86,68,92,88,94,91,84,76,37,10,5,5,41,11,11,44,73,31
775553057,PIT,Steelers,553387892,J.J. McCarthy,QB,0,84,84,1,21,75,219,0,True,False,False,97,0,1,800000,800000,85,88,88,68,87,93,92,86,84,66,36,15,14,12,29,12,14,24,22,10
775553057,PIT,Steelers,553387581,Greg Townsend,REDGE,93,93,93,2,21,75,265,1,True,False,False,97,0,3,15000000,10000000,86,90,84,87,91,25,6,6,6,72,50,25,20,16,92,35,36,91,94,93
775553057,PIT,Steelers,553387160,Cameron Heyward,REDGE,97,89,89,3,35,77,295,13,True,False,False,97,0,4,4600000,1250000,72,71,68,93,96,21,6,6,6,39,48,10,3,2,93,22,32,92,30,73
775553057,PIT,Steelers,553386168,Will Fries,RG,75,76,76,0,26,78,309,3,True,False,False,97,0,1,1550000,1750000,60,69,60,87,80,25,6,6,6,29,23,10,5,5,38,12,11,29,30,21
775553057,PIT,Steelers,553386101,Jack Driscoll,RG,54,69,69,0,27,77,312,4,True,False,False,97,0,1,800000,800000,71,75,62,83,76,25,6,6,6,29,36,26,16,8,36,12,15,29,31,27
775553057,PIT,Steelers,553388562,Chasen Hines,RG,63,64,64,0,24,75,320,2,True,False,True,97,0,0,0,0,65,76,40,84,65,10,6,6,6,23,20,10,5,5,38,10,10,39,30,33
775553057,PIT,Steelers,553386262,T.J. Bass,RG,66,64,64,0,25,76,325,1,True,False,True,97,0,0,0,0,56,71,52,85,69,18,6,6,6,50,45,42,37,30,47,12,14,43,85,41
775553057,PIT,Steelers,553386283,Mike Onwenu,RT,71,82,82,1,26,75,350,4,True,False,False,97,0,2,3500000,2000000,66,55,56,91,86,21,6,6,6,29,26,18,10,6,25,17,22,22,68,12
775553057,PIT,Steelers,553388393,Warren McClendon,RT,77,66,66,0,23,76,290,1,True,False,False,97,0,1,800000,800000,69,77,53,88,72,10,5,5,5,24,25,20,15,10,40,10,10,35,23,33
775553057,PIT,Steelers,553387313,John Ojukwu,RT,61,61,61,0,25,77,309,1,True,False,True,97,0,0,0,0,64,74,65,86,64,19,6,6,6,23,21,10,6,5,55,10,12,55,22,47
775553057,PIT,Steelers,553388686,Dave Wilcox,SAM,50,97,97,2,22,74,241,1,True,False,False,97,0,5,20000000,6500000,83,84,81,92,95,54,48,45,41,72,58,40,35,28,97,65,74,94,84,65
775553057,PIT,Steelers,553387470,Randy Gregory,SAM,53,70,70,1,31,77,242,9,True,False,False,97,0,1,800000,800000,82,85,84,79,75,24,6,6,6,55,43,15,8,4,81,36,48,72,71,73
775553057,PIT,Steelers,553387731,Donovin Darius,SS,20,93,93,2,22,73,225,1,True,False,False,97,0,4,7000000,2250000,88,89,85,88,87,20,18,16,14,75,72,38,32,30,93,81,88,76,65,60
775553057,PIT,Steelers,553386812,Jordan Battle,SS,27,83,83,1,23,73,206,1,True,False,False,97,0,3,2400000,850000,88,92,77,63,79,34,27,21,14,65,73,38,33,25,83,70,79,65,36,40
775553057,PIT,Steelers,553388992,Rodney Holman,TE,82,99,99,1,20,75,238,1,True,False,False,97,0,3,3450000,1250000,70,73,72,75,84,30,30,30,25,75,80,75,72,65,45,55,58,60,50,50
775553057,PIT,Steelers,553386834,Wesley Walls,TE,89,99,99,1,28,77,240,1,True,False,False,97,0,1,1750000,2500000,78,75,74,76,86,20,15,10,6,88,80,92,88,82,42,15,20,41,29,31
775553057,PIT,Steelers,553386485,Austin Hooper,TE,85,72,72,0,29,76,254,8,True,False,False,97,0,1,800000,800000,82,84,80,73,68,26,15,10,6,75,84,66,62,56,34,14,21,29,23,17
775553057,PIT,Steelers,553388902,Jack Ham,WILL,59,99,99,3,22,73,225,1,True,False,False,97,0,1,4500000,9000000,88,90,86,75,98,7,6,5,4,72,80,15,8,4,94,84,90,93,70,76
775553057,PIT,Steelers,553388781,Sione Takitaki,WILL,49,78,78,0,28,73,238,5,True,False,False,97,0,1,800000,800000,87,89,79,76,81,19,6,6,6,62,66,32,17,12,88,56,67,75,36,61
775553057,PIT,Steelers,553386388,Ty'Ron Hopper,WILL,59,66,66,0,23,74,228,0,True,False,True,97,0,0,0,0,83,87,77,66,73,35,31,26,25,55,58,15,7,5,70,52,64,65,78,66
775553057,PIT,Steelers,553387995,Calvin Johnson,WR,81,99,99,3,24,77,237,1,True,False,False,97,0,2,18000000,18000000,98,97,95,85,93,25,20,20,20,90,99,95,97,99,51,62,67,38,27,35
775553057,PIT,Steelers,553386650,Brandon Marshall,WR,15,95,95,3,22,76,232,1,True,False,False,97,0,2,6000000,5000000,90,91,88,85,89,18,15,10,6,90,97,94,92,88,24,16,14,25,18,10
775553057,PIT,Steelers,553387685,Drew Pearson,WR,2,93,93,1,22,74,194,1,True,False,False,97,0,4,6200000,1750000,90,92,92,78,95,34,15,10,6,91,96,86,90,94,50,50,55,30,20,25
775553057,PIT,Steelers,553388400,Braylon Edwards,WR,80,85,85,1,22,74,214,1,True,False,False,97,0,2,2300000,1250000,91,88,85,78,82,20,18,17,15,86,93,92,91,90,45,40,45,50,70,80
775553057,PIT,Steelers,553386704,Demario Douglas,WR,84,76,76,1,23,68,170,1,True,False,False,97,0,1,800000,800000,91,93,84,57,78,25,24,15,10,74,88,76,79,78,41,32,41,32,27,10
775553057,PIT,Steelers,553386329,Donovan Peoples-Jones,WR,19,76,76,0,25,74,204,4,True,False,False,97,0,1,800000,800000,88,90,85,68,68,33,20,15,10,74,90,75,73,71,32,19,24,37,20,10
775553057,PIT,Steelers,553387100,David Bell,WR,18,69,69,0,23,73,212,2,True,False,True,97,0,0,0,0,86,90,79,68,76,25,20,15,15,79,85,73,71,66,21,14,19,24,90,11
775553058,HOU,Texans,553387911,Rich Saul,C,79,94,94,2,22,75,250,1,True,False,False,97,0,2,3800000,2250000,67,72,68,91,94,17,5,5,5,72,23,20,10,6,30,9,10,16,23,10
775553058,HOU,Texans,553387827,Luke Fortner,C,73,70,70,0,26,78,307,2,True,False,False,97,0,1,800000,800000,65,73,60,87,79,17,6,6,6,25,24,12,5,5,30,10,10,25,31,17
775553058,HOU,Texans,553387252,Mel Renfro,CB,20,99,99,2,22,71,190,1,True,False,False,97,0,2,18000000,18000000,95,95,94,75,94,27,15,10,6,60,88,72,75,80,92,97,96,90,85,88
775553058,HOU,Texans,553386717,Marcus Coleman,CB,34,92,92,2,22,74,209,1,True,False,False,97,0,4,10000000,4000000,90,89,88,80,92,16,14,12,10,80,78,66,64,60,88,90,92,72,52,60
775553058,HOU,Texans,553388118,Ryan McNeil,CB,47,88,88,1,24,73,185,1,True,False,False,97,0,4,6200000,1750000,91,92,89,66,86,14,12,10,8,68,72,34,30,26,75,88,93,64,40,46
775553058,HOU,Texans,553388589,Tony Dungy,CB,21,76,76,1,22,72,188,1,True,False,False,97,0,2,1600000,850000,81,84,83,56,86,30,15,10,10,60,65,20,10,10,68,79,81,60,30,32
775553058,HOU,Texans,553387472,Shaquill Griffin,CB,27,75,75,0,29,72,198,7,True,False,False,97,0,1,800000,800000,91,92,85,63,74,14,6,6,6,67,72,24,14,11,60,73,77,52,30,37
775553058,HOU,Texans,553388609,Josh Newton,CB,32,69,69,0,23,72,190,0,True,False,True,97,0,0,0,0,89,90,85,61,65,31,29,24,19,63,77,55,56,51,55,73,65,43,23,38
775553058,HOU,Texans,553387784,Jaylon Jones,CB,21,67,67,0,26,71,190,2,True,False,True,97,0,0,0,0,92,93,91,63,60,26,6,6,6,60,57,25,22,19,64,65,67,52,71,26
775553058,HOU,Texans,553389106,Daequan Hardy,CB,25,66,66,0,23,70,179,0,True,False,True,97,0,0,0,0,93,93,85,53,60,21,24,21,15,64,70,40,35,28,55,64,68,42,28,33
775553058,HOU,Texans,553387192,Warren Sapp,DT,99,98,98,3,21,74,292,1,True,False,False,97,0,4,24000000,12000000,85,88,90,95,92,31,6,6,6,65,65,65,7,5,93,55,60,92,97,92
775553058,HOU,Texans,553387296,William Perry,DT,97,94,94,3,20,74,335,1,True,False,False,97,0,2,3900000,2250000,55,52,50,98,94,25,20,18,15,75,65,35,30,25,97,20,18,98,98,92
775553058,HOU,Texans,553388634,Ross Blacklock,DT,92,75,75,0,26,77,307,4,True,False,False,97,0,1,800000,800000,76,80,68,87,68,20,6,6,6,38,31,13,7,4,82,17,27,73,86,67
775553058,HOU,Texans,553389091,Marv Hubbard,FB,44,96,96,1,21,72,220,1,True,False,False,97,0,1,1550000,1750000,85,86,85,88,91,50,25,20,17,90,62,64,58,51,38,12,16,30,19,22
775553058,HOU,Texans,553388760,Paul Krause,FS,22,97,97,3,22,75,200,1,True,False,False,97,0,3,13500000,8000000,89,91,88,72,98,26,32,15,12,65,91,15,15,15,82,85,97,70,46,52
775553058,HOU,Texans,553387265,Andre Cisco,FS,36,83,83,1,24,72,210,3,True,False,False,97,0,3,2400000,850000,92,91,88,65,80,28,15,10,10,59,77,24,25,22,70,72,86,57,32,41
775553058,HOU,Texans,553386518,Ronnie Hickman,FS,33,70,70,0,22,73,209,1,True,False,False,97,0,1,800000,800000,86,89,81,65,71,32,27,23,21,60,64,21,11,10,69,72,71,57,34,37
775553058,HOU,Texans,553386996,Tycen Anderson,FS,39,65,65,0,25,74,209,2,True,False,True,97,0,0,0,0,92,95,92,59,60,24,10,8,6,57,58,36,31,29,60,65,63,55,32,37
775553058,HOU,Texans,553386985,Adrian Peterson,HB,38,99,99,3,24,73,220,1,True,False,False,97,0,2,6000000,3000000,97,96,92,86,91,12,6,6,6,88,60,55,48,40,77,62,65,62,15,46
775553058,HOU,Texans,553387626,O.J Simpson,HB,32,91,91,2,20,74,212,1,True,False,False,97,0,4,5400000,1500000,99,98,95,85,91,15,10,10,10,82,70,65,70,60,30,20,20,40,35,90
775553058,HOU,Texans,553388282,Alfred Morris,HB,28,87,87,1,25,70,222,1,True,False,False,97,0,1,800000,800000,86,87,84,79,85,32,28,20,18,95,65,52,45,37,39,12,17,38,25,12
775553058,HOU,Texans,553389029,Jahmyr Gibbs,HB,26,86,86,1,22,69,199,1,True,False,False,97,0,2,1900000,1000000,94,93,93,72,77,26,21,17,13,92,72,68,62,60,30,12,15,30,88,10
775553058,HOU,Texans,553388864,Chase McLaughlin,K,4,79,79,0,28,73,175,5,True,False,False,97,0,3,2850000,1000000,73,77,64,39,66,41,33,25,20,45,40,10,10,10,20,15,20,15,30,10
775553058,HOU,Texans,553386795,Cameron Wake,LEDGE,94,92,92,2,21,75,268,2,True,False,False,97,0,4,18000000,8500000,91,92,88,85,88,15,6,6,7,65,60,50,50,45,88,40,35,93,94,92
775553058,HOU,Texans,553388955,Byron Murphy II,LEDGE,90,78,78,1,21,73,308,0,True,False,False,97,0,1,800000,800000,77,82,67,86,80,25,6,6,6,42,46,29,23,20,85,25,34,87,31,75
775553058,HOU,Texans,553387536,Eyioma Uwazurike,LEDGE,96,64,64,0,26,78,320,2,True,False,True,97,0,0,0,0,62,68,65,83,72,19,6,6,6,32,31,22,18,15,81,13,14,72,22,62
775553058,HOU,Texans,553387458,Joel Bitonio,LG,75,87,87,1,32,76,320,10,True,False,False,97,0,2,3500000,1750000,74,73,71,88,92,16,6,6,6,40,28,15,5,5,30,12,20,10,23,10
775553058,HOU,Texans,553386231,Dylan Parham,LG,66,73,73,0,25,75,311,2,True,False,False,97,0,1,800000,800000,75,82,59,82,80,22,6,6,6,46,41,35,33,29,36,15,25,33,30,29
775553058,HOU,Texans,553387183,Luis Sharpe,LT,78,98,98,1,22,78,295,1,True,False,False,97,0,2,9000000,7500000,64,70,82,98,95,22,6,6,6,35,32,21,12,10,40,10,12,90,32,40
775553058,HOU,Texans,553387444,Braxton Jones,LT,70,80,80,1,25,78,310,2,True,False,False,97,0,2,2300000,1250000,73,81,65,88,86,22,6,6,6,35,26,16,12,10,40,10,12,46,80,40
775553058,HOU,Texans,553386933,NaVorro Bowman,MIKE,53,99,99,2,22,72,242,1,True,False,False,97,0,3,15000000,10000000,87,89,85,84,95,20,31,23,21,79,72,32,25,18,99,76,88,97,78,70
775553058,HOU,Texans,553386586,Brian Bosworth,MIKE,48,85,85,1,22,74,238,1,True,False,False,97,0,2,1900000,1000000,86,87,82,86,83,6,6,6,6,45,59,10,5,5,91,72,67,82,73,61
775553058,HOU,Texans,553386224,Noah Sewell,MIKE,57,68,68,0,22,74,253,1,True,False,False,97,0,1,800000,800000,82,89,74,80,63,25,6,6,6,64,63,34,24,17,83,52,58,74,70,55
775553058,HOU,Texans,553388577,Donnie Jones,P,8,94,94,1,21,74,221,1,True,False,False,97,0,4,5400000,1500000,64,66,68,59,93,34,30,28,25,38,30,15,12,10,44,22,26,22,12,10
775553058,HOU,Texans,553388600,Johnny Unitas,QB,19,98,98,2,22,74,195,1,True,False,False,97,0,5,50000000,20000000,65,68,70,75,98,94,94,98,96,78,40,25,22,20,25,11,17,5,5,5
775553058,HOU,Texans,553386031,Jim Kelly,QB,12,92,92,2,20,75,224,1,True,False,False,97,0,3,4050000,1500000,65,67,68,70,95,92,94,93,92,60,50,55,55,55,50,50,55,50,50,50
775553058,HOU,Texans,553387040,Blake Bortles,QB,5,84,84,1,22,77,236,1,True,False,False,97,0,1,800000,800000,78,80,74,82,85,96,88,87,82,78,35,32,30,27,36,25,28,29,32,30
775553058,HOU,Texans,553387124,Tamba Hali,REDGE,91,94,94,2,1,75,270,1,True,False,False,97,0,1,4500000,9000000,88,89,87,90,92,26,6,6,6,31,31,10,5,5,89,65,67,91,96,92
775553058,HOU,Texans,553386109,Carl Lawson,REDGE,58,75,75,1,29,74,265,7,True,False,False,97,0,3,2400000,850000,81,86,79,88,73,12,6,6,6,27,31,15,8,4,78,38,44,67,76,75
775553058,HOU,Texans,553388372,Stefen Wisniewski,RG,61,94,94,1,21,76,303,1,True,False,False,97,0,4,7000000,2250000,65,78,74,90,91,26,6,6,6,30,26,15,5,5,39,12,15,20,30,16
775553058,HOU,Texans,553388826,Trai Turner,RG,59,75,75,0,31,75,320,10,True,False,False,97,0,1,800000,800000,70,63,59,88,78,15,6,6,6,40,45,10,5,5,34,12,12,34,72,10
775553058,HOU,Texans,553386587,Ryan Ramczyk,RT,71,87,87,1,30,78,314,7,True,False,False,97,0,2,3500000,2000000,68,58,67,90,93,16,6,6,6,43,39,25,15,7,38,12,12,37,21,30
775553058,HOU,Texans,553387964,Blake Fisher,RT,76,75,75,1,21,78,312,0,True,False,False,97,0,1,800000,800000,66,69,59,83,75,22,9,7,6,33,22,10,8,7,34,8,9,25,81,15
775553058,HOU,Texans,553388431,Lance Briggs,SAM,55,97,97,2,20,73,244,1,True,False,False,97,0,2,6000000,5000000,88,88,90,85,94,30,28,25,22,82,75,40,35,30,94,89,88,89,90,88
775553058,HOU,Texans,553388819,Baylon Spector,SAM,54,65,65,0,25,72,233,2,True,False,False,97,0,1,800000,800000,86,91,84,67,64,43,38,33,27,60,54,29,13,7,74,57,66,61,21,47
775553058,HOU,Texans,553386234,Andre Hal,SS,29,84,84,1,20,70,195,1,True,False,False,97,0,4,7000000,2000000,90,91,86,68,85,22,6,6,6,54,74,34,31,27,78,75,83,68,38,44
775553058,HOU,Texans,553386635,Tykee Smith,SS,23,76,76,1,23,70,202,0,True,False,False,97,0,1,800000,800000,90,92,83,57,73,33,34,32,25,60,74,20,10,10,71,75,80,52,72,51
775553058,HOU,Texans,553386281,Jaquan Amos,SS,37,63,63,0,25,72,196,1,True,False,True,97,0,0,0,0,88,90,88,55,60,28,6,6,6,54,63,35,30,22,70,60,64,59,31,38
775553058,HOU,Texans,553387284,Mike Ditka,TE,89,99,99,1,20,76,237,1,True,False,False,97,0,5,20000000,6500000,82,81,78,92,94,30,28,25,22,88,93,85,83,78,60,42,45,85,80,76
775553058,HOU,Texans,553388053,Anthony Fasano,TE,81,87,87,1,22,75,258,1,True,False,False,97,0,3,3450000,1250000,82,80,78,83,80,90,78,71,74,82,87,80,82,70,25,40,35,20,15,20
775553058,HOU,Texans,553387931,Will Dissly,TE,88,74,74,0,28,76,265,6,True,False,False,97,0,1,800000,800000,83,80,77,78,71,25,27,18,12,74,83,66,63,59,45,14,19,45,34,41
775553058,HOU,Texans,553387538,Chase Allen,TE,87,63,63,0,27,78,251,2,True,False,True,97,0,0,0,0,80,87,81,65,64,30,24,21,16,75,76,61,58,53,47,15,19,40,32,24
775553058,HOU,Texans,553388172,Zack Kuntz,TE,81,62,62,0,25,79,251,1,True,False,True,97,0,0,0,0,85,90,86,70,56,24,15,10,6,70,78,59,54,47,49,13,22,48,21,48
775553058,HOU,Texans,553388668,Chuck Bednarik,WILL,43,99,99,2,22,75,242,1,True,False,False,97,0,4,7800000,2250000,88,90,85,95,95,42,40,38,35,82,78,65,60,55,98,60,65,95,96,92
775553058,HOU,Texans,553388741,Zach Cunningham,WILL,52,75,75,0,29,75,237,7,True,False,False,97,0,1,800000,800000,85,88,80,80,74,25,6,6,6,51,59,15,5,5,82,56,62,76,29,60
775553058,HOU,Texans,553386299,Amare Barno,WILL,38,62,62,0,25,78,245,2,True,False,True,97,0,0,0,0,92,93,75,74,61,15,6,6,6,34,35,10,8,5,74,32,44,63,39,67
775553058,HOU,Texans,553386570,Jack Cochrane,WILL,43,62,62,0,25,75,236,2,True,False,True,97,0,0,0,0,84,90,75,70,51,35,29,26,24,63,62,47,44,39,78,49,62,62,22,51
775553058,HOU,Texans,553386292,Jerry Rice,WR,80,99,99,2,21,74,200,1,True,False,False,97,0,1,7500000,15000000,92,96,95,72,99,25,15,10,6,95,99,99,98,97,30,13,17,23,21,10
775553058,HOU,Texans,553386067,Keenan Allen,WR,13,92,92,2,20,74,211,1,True,False,False,97,0,2,4000000,3000000,89,88,88,72,95,54,36,33,34,75,96,94,94,90,34,15,26,35,89,10
775553058,HOU,Texans,553386295,Antwaan Randle El,WR,82,86,86,1,22,70,185,1,True,False,False,97,0,3,4650000,1750000,91,94,92,66,89,24,15,10,6,86,89,88,87,87,29,12,16,20,22,10
775553058,HOU,Texans,553387353,Jordan Addison,WR,3,83,83,1,22,71,175,1,True,False,False,97,0,4,4600000,1250000,90,92,88,52,85,58,47,39,32,80,92,85,84,87,37,28,34,30,21,22
775553058,HOU,Texans,553386744,Reggie Williams,WR,11,83,83,1,22,76,212,1,True,False,False,97,0,1,800000,800000,90,89,86,77,83,28,25,22,20,80,91,82,87,83,38,34,36,36,28,27
775553058,HOU,Texans,553387383,Dontayvion Wicks,WR,83,76,76,0,23,73,206,1,True,False,False,97,0,1,800000,800000,89,88,87,60,78,53,45,39,35,71,86,78,79,80,29,10,10,20,21,10
775553058,HOU,Texans,553387704,Colton Dowell,WR,14,66,66,0,25,75,212,1,True,False,True,97,0,0,0,0,91,91,81,69,47,26,20,15,10,75,79,68,67,65,30,12,17,29,33,10
775553058,HOU,Texans,553386199,Brandon Johnson,WR,89,65,65,0,26,74,195,2,True,False,True,97,0,0,0,0,85,87,77,60,71,29,15,10,9,68,82,72,70,66,32,16,24,26,31,11
775553059,TEN,Titans,553387016,Chris Myers,C,55,92,92,2,22,76,289,1,True,False,False,97,0,2,3800000,2250000,68,75,66,86,94,6,5,4,4,70,52,36,32,30,48,10,10,46,26,39
775553059,TEN,Titans,553386735,Beaux Limmer,C,57,73,73,0,23,77,307,0,True,False,False,97,0,1,800000,800000,65,76,67,85,78,21,7,6,6,20,24,15,5,5,30,8,7,35,21,10
775553059,TEN,Titans,553388473,Lester Hayes,CB,37,98,98,3,22,72,200,1,True,False,False,97,0,7,43850000,15000000,91,92,89,78,94,27,6,6,6,74,82,42,44,42,86,98,93,72,64,60
775553059,TEN,Titans,553388104,Sam Shields,CB,32,91,91,1,22,71,184,1,True,False,False,97,0,7,53680000,2500000,96,96,92,62,85,10,8,6,6,66,68,34,28,26,70,92,82,60,38,42
775553059,TEN,Titans,553386780,Joey Porter,CB,24,82,82,1,24,74,193,1,True,False,False,97,0,6,30050000,1750000,90,94,89,67,79,26,15,11,10,60,60,29,22,15,62,82,81,58,75,33
775553059,TEN,Titans,553388824,Adoree' Jackson,CB,22,79,79,1,28,71,185,7,True,False,False,97,0,3,2400000,850000,92,94,95,54,80,10,6,6,6,67,74,62,54,49,48,76,77,45,29,34
775553059,TEN,Titans,553387876,Greedy Williams,CB,26,74,74,0,26,74,185,5,True,False,False,97,0,1,800000,800000,92,91,85,54,71,35,15,10,6,63,72,25,15,12,52,76,76,46,19,42
775553059,TEN,Titans,553388788,Garrett Williams,CB,35,71,71,0,23,70,192,1,True,False,True,97,0,0,0,0,88,90,90,63,71,51,52,48,44,55,72,24,14,11,58,72,74,56,18,36
775553059,TEN,Titans,553386321,Kei'Trel Clark,CB,13,71,71,0,23,70,181,1,True,False,True,97,0,0,0,0,92,95,90,51,70,26,6,6,6,59,73,42,35,36,45,71,66,39,23,30
775553059,TEN,Titans,553387585,Haloti Ngata,DT,92,97,97,3,22,76,340,1,True,False,False,97,0,4,24000000,12000000,75,80,72,97,93,14,8,6,5,78,60,28,22,20,97,22,30,95,94,74
775553059,TEN,Titans,553386888,Tony Siragusa,DT,97,85,85,1,22,72,320,1,True,False,False,97,0,3,4650000,1750000,60,60,65,95,92,22,13,10,7,37,31,10,5,3,90,22,29,82,89,84
775553059,TEN,Titans,553388925,Derrick Nnadi,DT,99,75,75,1,28,73,317,6,True,False,False,97,0,3,4050000,1500000,73,66,54,88,85,24,6,6,6,27,25,15,7,3,82,19,28,74,27,57
775553059,TEN,Titans,553386353,Jaquelin Roy,DT,95,65,65,0,23,75,305,1,True,False,True,97,0,0,0,0,68,68,52,88,68,21,12,7,6,28,26,12,8,5,78,10,12,69,66,47
775553059,TEN,Titans,553387007,Patrick Ricard,FB,42,82,82,1,30,75,305,7,True,False,False,97,0,3,2850000,1000000,72,76,72,88,82,23,6,6,6,68,69,55,43,35,79,53,58,72,17,66
775553059,TEN,Titans,553388158,Henry Pearson,FB,44,59,59,0,24,74,249,1,True,False,True,97,0,0,0,0,79,74,67,82,52,33,35,30,25,74,67,60,58,52,37,10,12,40,80,15
775553059,TEN,Titans,553387804,Delete Me,FB,44,12,12,2,21,74,238,1,True,False,True,97,0,7,850000,850000,0,0,0,0,0,0,0,0,0,0,0,0,0,0,0,0,0,0,0,0
775553059,TEN,Titans,553386492,David Fulcher,FS,29,99,99,1,20,72,212,1,True,False,False,97,0,4,10000000,4000000,91,92,90,80,93,40,45,48,46,75,82,33,30,27,92,90,91,90,88,85
775553059,TEN,Titans,553387087,Eric Rowe,FS,35,78,78,0,31,73,205,9,True,False,False,97,0,1,800000,800000,87,88,88,74,82,29,6,6,6,64,69,15,11,10,75,75,72,50,76,56
775553059,TEN,Titans,553386768,De'Von Achane,HB,28,94,94,2,22,69,188,1,True,False,False,97,0,2,3800000,1900000,99,98,95,66,87,44,40,35,30,84,75,76,71,68,34,36,38,30,25,26
775553059,TEN,Titans,553386009,Dorsey Levens,HB,25,94,94,1,22,73,230,2,False,False,False,84,4,4,5400000,1500000,95,94,92,88,89,30,28,25,20,90,82,60,55,45,65,40,45,60,45,35
775553059,TEN,Titans,553386382,Josh Jacobs,HB,39,89,89,2,26,70,220,5,True,False,False,97,0,2,2300000,1250000,89,91,86,83,90,36,37,31,23,93,72,62,55,41,34,22,30,28,19,10
775553059,TEN,Titans,553388945,Alexander Mattison,HB,27,78,78,0,26,71,215,5,True,False,False,97,0,1,800000,800000,86,90,81,74,81,25,21,15,12,94,67,61,53,42,35,16,21,28,25,10
775553059,TEN,Titans,553386579,Jake Moody,K,4,77,77,0,24,73,210,1,True,False,False,97,0,2,1900000,1000000,65,64,59,49,62,35,34,32,26,40,33,10,8,7,29,12,15,21,31,10
775553059,TEN,Titans,553386596,Cade York,K,5,71,71,0,23,73,206,2,True,False,True,97,0,0,0,0,77,80,60,58,55,26,30,24,20,30,24,10,8,6,25,10,10,13,22,10
775553059,TEN,Titans,553387639,Chad Ryland,K,19,68,68,0,24,72,183,1,True,False,True,97,0,0,0,0,73,74,60,40,54,34,35,30,25,32,35,10,10,10,24,12,12,13,78,10
775553059,TEN,Titans,553387203,Osi Umenyiora,LEDGE,72,91,91,2,22,75,255,1,True,False,False,97,0,4,18000000,8500000,87,91,81,83,87,22,6,6,6,55,42,25,20,19,89,45,55,89,96,87
775553059,TEN,Titans,553387366,John Cominsky,LEDGE,79,77,77,0,28,77,285,5,True,False,False,97,0,1,800000,800000,83,84,79,84,66,39,35,30,25,48,40,32,25,20,81,38,45,73,87,65
775553059,TEN,Titans,553388863,Wade Smith,LG,67,86,86,1,22,76,295,1,True,False,False,97,0,2,3900000,2250000,66,72,64,87,91,7,6,5,4,68,25,25,18,12,34,10,11,37,30,24
775553059,TEN,Titans,553386732,Jalen Mayfield,LG,62,69,69,0,24,77,320,3,True,False,False,97,0,1,800000,800000,59,69,56,91,65,13,6,6,6,21,20,10,5,5,27,10,12,30,25,27
775553059,TEN,Titans,553388013,Jordan Gross,LT,69,95,95,1,25,76,305,1,True,False,False,97,0,4,7000000,2250000,68,70,72,90,96,10,8,6,5,50,40,30,25,20,20,20,22,90,85,80
775553059,TEN,Titans,553389056,D.J. Humphries,LT,70,76,76,1,30,77,307,9,True,False,False,97,0,1,800000,800000,65,64,56,87,84,10,6,6,6,40,35,10,5,5,45,18,12,35,21,10
775553059,TEN,Titans,553386979,Takeo Spikes,MIKE,51,96,96,1,22,74,242,1,True,False,False,97,0,2,4000000,3000000,82,80,80,85,93,30,25,20,15,65,70,60,55,50,95,88,90,90,88,85
775553059,TEN,Titans,553386800,Foyesade Oluokun,MIKE,23,89,89,2,29,74,230,6,True,False,False,97,0,3,5250000,2000000,88,88,84,70,90,28,15,10,10,62,73,20,10,10,97,68,72,76,21,49
775553059,TEN,Titans,553387711,Jack Gibbens,MIKE,48,74,74,0,25,75,242,2,True,False,False,97,0,1,800000,800000,78,85,79,66,77,23,9,7,6,52,58,15,9,5,86,61,68,71,79,47
775553059,TEN,Titans,553388069,**** #######,MIKE,43,64,64,0,25,76,255,2,True,False,True,97,0,0,0,0,82,87,83,74,68,23,8,6,5,54,56,34,31,28,76,47,53,74,18,53
775553059,TEN,Titans,553389058,D'Marco Jackson,MIKE,52,64,64,0,26,73,233,2,True,False,True,97,0,0,0,0,87,92,77,69,64,25,6,6,6,51,57,27,23,17,80,48,53,63,83,52
775553059,TEN,Titans,553386976,Ryan Wright,P,17,73,73,0,24,75,245,2,True,False,False,97,0,2,1900000,1000000,81,84,64,62,57,48,45,40,35,45,31,15,11,7,39,10,10,23,22,10
775553059,TEN,Titans,553388667,Daniel Whelan,P,19,69,69,0,25,77,216,1,True,False,True,97,0,0,0,0,78,79,57,57,53,42,38,32,24,26,23,15,14,10,28,10,12,15,21,10
775553059,TEN,Titans,553388283,Trenton Gill,P,47,69,69,0,26,76,219,2,True,False,True,97,0,0,0,0,73,68,60,49,54,39,34,30,22,36,34,10,10,10,28,13,10,20,28,10
775553059,TEN,Titans,553387555,Cam Newton,QB,1,99,99,3,25,77,245,1,True,False,False,97,0,5,50000000,20000000,92,88,88,89,94,97,97,96,95,91,60,50,45,40,30,40,40,48,45,40
775553059,TEN,Titans,553388959,Kirk Cousins,QB,8,93,93,2,21,75,200,1,True,False,False,97,0,4,5400000,1500000,76,80,78,68,96,89,94,96,94,65,22,15,15,13,38,12,12,12,77,10
775553059,TEN,Titans,553388571,Otto Graham,QB,0,91,91,2,22,73,196,1,True,False,False,97,0,3,4050000,1350000,81,86,80,75,94,90,93,95,90,80,50,45,44,42,40,20,22,25,25,30
775553059,TEN,Titans,553386358,Bryce Young,QB,9,75,75,1,23,70,204,1,True,False,False,97,0,1,800000,800000,87,89,84,54,76,87,88,82,79,59,35,16,12,9,20,9,10,17,34,10
775553059,TEN,Titans,553388744,Myles Garrett,REDGE,95,99,99,3,20,76,272,1,True,False,False,97,0,2,18000000,18000000,87,91,86,96,95,55,31,30,27,55,52,15,8,4,92,51,51,91,99,92
775553059,TEN,Titans,553388853,Malcolm Roach,REDGE,90,73,73,0,26,75,290,4,True,False,False,97,0,1,800000,800000,75,81,65,83,77,26,6,6,6,40,49,31,28,19,82,27,32,74,79,69
775553059,TEN,Titans,553387414,Bruce Matthews,RG,74,99,99,3,26,76,300,1,True,False,False,97,0,3,13500000,8000000,67,74,72,97,99,10,8,7,9,39,32,15,5,5,35,10,10,20,22,10
775553059,TEN,Titans,553389036,Blake Brandel,RG,68,66,66,0,27,79,315,4,True,False,False,97,0,1,800000,800000,69,64,53,85,75,25,6,6,6,29,23,10,5,5,29,12,15,15,32,10
775553059,TEN,Titans,553386971,Anthony Munoz,RT,78,99,99,3,20,78,280,1,True,False,False,97,0,3,15000000,10000000,80,83,85,98,99,21,6,6,6,60,55,15,5,5,65,12,13,65,70,85
775553059,TEN,Titans,553387518,Evan Neal,RT,73,74,74,1,23,79,350,2,True,False,False,97,0,1,800000,800000,76,79,61,91,66,26,6,6,6,29,30,14,8,5,35,10,12,34,27,33
775553059,TEN,Titans,553387944,Justin Houston,SAM,50,88,88,0,22,75,270,1,True,False,False,97,0,4,7000000,2000000,85,88,82,84,89,36,6,6,6,40,46,15,5,5,85,60,77,91,89,83
775553059,TEN,Titans,553386312,Henry To'oTo'o,SAM,52,70,70,0,23,74,228,1,True,False,False,97,0,1,800000,800000,85,92,81,65,75,30,6,6,6,57,55,22,18,13,72,70,65,66,73,54
775553059,TEN,Titans,553386341,Derwin James Jr,SS,3,91,91,3,28,74,215,6,True,False,False,97,0,4,7800000,2250000,90,92,89,80,92,34,18,13,10,72,77,27,22,17,78,80,83,65,23,60
775553059,TEN,Titans,553388505,Chamarri Conner,SS,38,80,80,1,24,72,206,1,True,False,False,97,0,1,800000,800000,89,92,86,66,75,25,15,10,10,59,66,43,42,39,71,85,78,58,80,45
775553059,TEN,Titans,553386488,Jimmie Giles,TE,88,99,99,2,22,75,239,1,True,False,False,97,0,5,20000000,6500000,83,84,82,88,83,25,20,20,15,82,90,86,88,85,40,40,45,60,50,55
775553059,TEN,Titans,553387988,T.J. Hockenson,TE,87,91,91,2,27,77,248,5,True,False,False,97,0,3,3450000,1250000,84,87,83,80,93,28,20,15,10,79,94,83,79,75,46,27,36,47,28,46
775553059,TEN,Titans,553386523,Harrison Bryant,TE,84,75,75,0,26,77,230,4,True,False,False,97,0,1,800000,800000,84,87,78,71,76,34,15,15,10,73,82,67,68,66,47,23,31,50,23,45
775553059,TEN,Titans,553388754,Mike Cofer,WILL,56,88,88,1,21,74,230,1,True,False,False,97,0,2,3500000,2000000,81,84,76,83,84,10,10,10,10,66,62,40,35,28,90,65,75,88,78,80
775553059,TEN,Titans,553386766,Robert Spillane,WILL,41,80,80,0,28,73,229,6,True,False,False,97,0,2,1600000,850000,88,87,77,71,86,21,6,6,6,60,73,15,5,5,87,65,73,69,68,50
775553059,TEN,Titans,553387656,Adisa Isaac,WILL,50,66,66,0,22,76,254,0,True,False,True,97,0,0,0,0,81,86,80,72,73,19,6,6,6,24,25,10,7,5,79,42,49,68,21,75
775553059,TEN,Titans,553386061,Steve Largent,WR,80,99,99,3,22,71,187,1,True,False,False,97,0,2,6000000,5000000,89,90,90,67,99,18,15,10,6,98,99,99,99,99,33,10,10,25,21,11
775553059,TEN,Titans,553386516,Victor Cruz,WR,86,93,93,2,22,71,204,1,True,False,False,97,0,6,88750000,9000000,93,94,95,63,89,24,15,10,6,84,95,92,93,91,20,30,26,15,9,12
775553059,TEN,Titans,553387053,Drew Bennett,WR,83,90,90,1,22,77,206,1,True,False,False,97,0,3,2400000,850000,90,90,84,66,87,32,34,30,27,76,97,88,94,95,46,26,34,42,24,17
775553059,TEN,Titans,553388086,Jarvis Landry,WR,14,90,90,3,25,71,212,2,True,False,False,97,0,4,6200000,1750000,89,92,90,66,89,17,7,7,5,83,91,93,93,87,32,10,10,35,76,23
775553059,TEN,Titans,553386455,Nico Collins,WR,12,85,85,2,25,76,215,3,True,False,False,97,0,4,4600000,1250000,92,93,89,67,85,39,30,25,20,80,92,87,83,86,26,13,19,30,30,10
775553059,TEN,Titans,553387476,John Metchie III,WR,85,75,75,0,24,71,187,2,True,False,False,97,0,1,800000,800000,90,92,87,66,76,24,15,10,6,77,79,77,76,74,24,10,17,22,27,10
775553060,MIN,Vikings,553388218,Andre James,C,68,80,80,1,27,76,300,5,True,False,False,97,0,2,3500000,2000000,67,69,57,83,88,25,6,6,6,37,29,15,5,5,32,13,15,39,27,15
775553060,MIN,Vikings,553386048,Austin Schlottmann,C,70,66,66,0,28,78,300,6,True,False,False,97,0,1,800000,800000,70,76,59,86,74,17,6,6,6,29,36,16,10,8,35,12,12,25,31,10
775553060,MIN,Vikings,553388521,Jake Andrews,C,67,66,66,0,24,75,305,1,True,False,True,97,0,0,0,0,67,72,56,87,69,26,21,14,15,35,41,10,5,5,42,14,18,47,90,41
775553060,MIN,Vikings,553386790,Luke Wattenberg,C,60,63,63,0,26,77,300,2,True,False,True,97,0,0,0,0,66,78,69,79,72,17,6,6,6,28,26,15,5,5,32,7,8,31,37,24
775553060,MIN,Vikings,553387369,Aeneas Williams,CB,29,99,99,2,21,71,180,1,True,False,False,97,0,4,24000000,12000000,89,92,90,78,96,35,30,30,25,80,88,65,60,55,88,95,94,90,65,90
775553060,MIN,Vikings,553386361,Antonie Winfield Sr,CB,22,97,97,2,22,69,180,1,True,False,False,97,0,2,9000000,7500000,89,92,91,76,94,12,10,9,19,58,79,39,34,30,89,91,91,78,40,52
775553060,MIN,Vikings,553386946,Taron Johnson,CB,7,87,87,0,28,71,192,6,True,False,False,97,0,2,2300000,1250000,91,93,84,63,90,25,6,6,6,58,71,38,31,24,64,82,91,62,26,36
775553060,MIN,Vikings,553387674,Asante Samuel Jr,CB,35,85,85,1,24,70,180,3,True,False,False,97,0,3,4650000,1750000,92,94,92,54,87,43,29,24,18,54,74,23,13,10,51,84,89,44,20,36
775553060,MIN,Vikings,553386098,Fabian Moreau,CB,25,75,75,0,30,72,204,7,True,False,False,97,0,1,800000,800000,91,92,85,65,76,25,6,6,6,59,72,28,18,11,62,68,76,47,29,38
775553060,MIN,Vikings,553389101,Cam Hart,CB,30,69,69,0,23,74,207,0,True,False,True,97,0,0,0,0,91,92,80,59,60,32,33,31,25,66,70,56,51,48,57,73,69,61,21,32
775553060,MIN,Vikings,553388210,Dallis Flowers,CB,22,67,67,0,27,73,196,2,True,False,True,97,0,0,0,0,91,95,84,51,61,27,6,6,6,55,70,35,31,27,43,67,73,38,79,39
775553060,MIN,Vikings,553387129,Jurrell Casey,DT,99,95,95,2,22,73,305,1,False,True,False,84,4,4,10000000,4000000,74,84,73,92,91,40,30,26,21,25,27,12,7,5,93,40,52,95,97,87
775553060,MIN,Vikings,553387942,Shelby Harris,DT,93,78,78,0,33,74,290,10,True,False,False,97,0,3,4050000,1500000,75,77,66,85,83,24,6,6,6,46,42,10,3,2,88,20,25,77,26,77
775553060,MIN,Vikings,553388860,Poona Ford,DT,95,77,77,0,28,71,310,6,True,False,False,97,0,2,9750000,1750000,72,69,62,86,86,26,6,6,6,31,37,15,7,3,86,25,30,75,28,75
775553060,MIN,Vikings,553386112,Jonathan Ford,DT,99,65,65,0,25,77,338,2,True,False,True,97,0,0,0,0,57,66,52,84,65,19,6,6,6,33,32,12,8,5,80,12,14,69,81,53
775553060,MIN,Vikings,553386929,Justin Rogers,DT,95,65,65,0,22,75,322,0,True,False,True,97,0,0,0,0,59,64,52,87,54,26,6,6,6,42,40,16,8,4,84,16,27,74,69,64
775553060,MIN,Vikings,553386663,Bijan Robinson,FB,36,83,83,2,22,71,215,1,True,False,False,97,0,4,4600000,1250000,91,92,89,81,85,37,36,31,23,93,70,72,63,58,36,13,15,32,22,10
775553060,MIN,Vikings,553388711,Darren Woodson,FS,26,99,99,2,22,73,220,1,True,False,False,97,0,4,18000000,8500000,90,90,89,85,94,26,15,10,10,70,80,60,62,65,96,85,88,88,80,82
775553060,MIN,Vikings,553386528,Tyler Nubin,FS,37,79,79,1,23,74,210,0,True,False,False,97,0,1,800000,800000,87,85,82,62,73,25,10,8,7,63,77,15,15,13,84,69,82,67,31,49
775553060,MIN,Vikings,553386022,Bo Jackson,HB,30,99,99,3,23,72,227,1,False,True,False,84,4,5,20000000,4000000,99,99,97,90,86,82,68,63,61,87,77,65,58,55,70,61,71,64,22,45
775553060,MIN,Vikings,553387885,Robert Smith,HB,27,95,95,2,22,74,210,1,True,False,False,97,0,4,7000000,2250000,96,96,93,70,90,21,20,15,10,85,79,64,56,49,30,18,25,26,19,12
775553060,MIN,Vikings,553387692,Ricky Williams,HB,34,91,91,2,21,72,230,1,True,False,False,97,0,4,5400000,1500000,91,93,86,85,94,64,58,52,48,93,68,62,60,58,38,30,32,30,25,26
775553060,MIN,Vikings,553389050,Corey Dillon,HB,39,86,86,2,22,73,225,1,True,False,False,97,0,2,1900000,1000000,91,92,85,88,91,10,10,10,10,86,60,50,48,45,45,35,40,70,68,70
775553060,MIN,Vikings,553387308,Matt Gay,K,8,79,79,0,30,72,232,5,True,False,False,97,0,3,2850000,1000000,74,70,58,41,67,27,35,30,25,40,30,15,15,15,13,12,12,13,80,10
775553060,MIN,Vikings,553387905,Robert Mathis,LEDGE,98,94,94,2,22,75,245,1,True,False,False,97,0,3,15000000,10000000,94,95,90,85,89,25,6,6,6,57,46,29,23,20,87,60,65,88,92,93
775553060,MIN,Vikings,553386127,Isaiah Foskey,LEDGE,96,70,70,1,23,77,265,1,True,False,False,97,0,4,19700000,800000,86,90,74,76,66,24,6,6,6,52,48,45,39,32,83,39,47,75,34,69
775553060,MIN,Vikings,553388894,Matthew Bergeron,LG,65,77,77,1,24,77,323,1,True,False,False,97,0,4,6200000,1750000,63,75,71,89,74,23,6,6,6,28,31,25,14,10,30,10,9,25,33,15
775553060,MIN,Vikings,553386617,Kendrick Green,LG,53,73,73,0,25,76,315,3,True,False,False,97,0,1,800000,800000,76,81,58,86,80,25,6,6,6,29,23,10,5,5,48,12,12,48,33,24
775553060,MIN,Vikings,553386096,Marquis Hayes,LG,58,63,63,0,25,77,318,2,True,False,True,97,0,0,0,0,62,68,54,86,58,20,6,6,6,20,21,12,10,8,28,10,10,35,22,18
775553060,MIN,Vikings,553388441,Atonio Mafi,LG,68,62,62,0,23,75,329,1,True,False,True,97,0,0,0,0,55,61,53,84,60,22,6,6,6,40,30,10,5,5,67,10,14,55,26,45
775553060,MIN,Vikings,553387295,Willie Anderson,LT,73,99,99,2,20,77,340,1,True,False,False,97,0,5,20000000,6500000,72,79,80,95,94,10,10,10,10,40,10,10,10,10,10,10,10,10,10,10
775553060,MIN,Vikings,553387377,Brandon Coleman,LT,74,79,79,1,23,77,313,0,True,False,False,97,0,3,2400000,850000,73,77,71,84,69,23,11,10,7,27,26,12,11,7,27,10,10,35,33,31
775553060,MIN,Vikings,553386808,Donovan Smith,LT,78,74,74,0,31,78,338,9,True,False,False,97,0,1,6350000,6350000,72,69,61,88,81,30,6,6,6,25,25,10,5,5,43,15,20,25,23,10
775553060,MIN,Vikings,553388364,**** Lanier,MIKE,52,95,95,2,22,74,230,1,True,False,False,97,0,2,6000000,5000000,79,81,82,86,94,10,10,10,10,68,70,10,10,10,95,86,87,87,88,86
775553060,MIN,Vikings,553386658,Nick Kwiatkoski,MIKE,43,73,73,0,31,74,242,8,True,False,False,97,0,1,4550000,4550000,82,82,79,78,74,25,6,6,6,42,62,15,5,5,82,64,72,75,74,56
775553060,MIN,Vikings,553386871,Daiyan Henley,MIKE,42,72,72,0,24,73,225,1,True,False,False,97,0,1,800000,800000,88,91,82,65,67,24,6,6,6,64,72,53,51,45,90,67,64,63,26,59
775553060,MIN,Vikings,553386156,Tyrice Knight,MIKE,48,69,69,0,23,73,233,0,True,False,False,97,0,1,800000,800000,85,90,75,71,68,23,13,13,10,61,62,31,24,25,79,60,69,71,33,62
775553060,MIN,Vikings,553387019,Sam Martin,P,17,75,75,0,34,73,211,11,True,False,False,97,0,2,1900000,1000000,76,72,55,46,67,41,15,15,15,48,45,10,10,10,24,10,25,10,26,10
775553060,MIN,Vikings,553388451,Steve McNair,QB,9,95,95,3,22,74,230,1,True,False,False,97,0,2,18000000,18000000,83,85,82,80,95,94,93,94,91,86,47,32,26,23,71,39,44,56,71,73
775553060,MIN,Vikings,553386196,Baker Mayfield,QB,11,88,88,1,22,73,215,1,True,False,False,97,0,4,5400000,1500000,80,78,82,75,88,91,93,90,88,65,35,40,35,30,30,40,45,45,50,55
775553060,MIN,Vikings,553387977,Johnny Manziel,QB,10,74,74,0,22,72,210,1,True,False,True,97,0,0,0,0,86,91,92,62,69,90,84,80,78,68,48,44,42,40,35,20,22,20,20,25
775553060,MIN,Vikings,553386052,Mac Jones,QB,10,73,73,1,25,75,214,3,True,False,False,97,0,7,162200000,800000,83,80,81,60,72,85,93,80,84,68,28,15,14,12,18,10,14,20,27,10
775553060,MIN,Vikings,553388412,Will Levis,QB,8,72,72,0,25,76,229,1,True,False,True,97,0,0,0,0,80,85,83,69,70,94,82,75,82,62,47,16,13,11,25,10,15,18,28,10
775553060,MIN,Vikings,553387926,Justin Smith,REDGE,94,99,99,3,22,76,285,21,True,False,False,97,0,5,50000000,20000000,99,99,99,99,99,18,6,6,6,30,31,10,7,5,99,27,32,99,35,99
775553060,MIN,Vikings,553386118,Ogbonnia Okoronkwo,REDGE,54,78,78,0,29,74,250,6,True,False,False,97,0,3,2400000,850000,82,84,79,83,83,19,5,5,5,40,41,15,15,15,84,45,51,77,71,78
775553060,MIN,Vikings,553386557,Julian Okwara,REDGE,97,72,72,0,26,77,241,4,True,False,False,97,0,1,800000,800000,86,88,78,81,63,23,6,6,6,57,54,14,6,5,73,39,45,68,81,76
775553060,MIN,Vikings,553389019,Guy McIntyre,RG,62,97,97,2,22,74,275,1,True,False,False,97,0,2,3800000,2250000,63,68,67,91,95,17,11,9,6,69,42,30,24,20,32,9,11,40,28,22
775553060,MIN,Vikings,553387399,Elijah Wilkinson,RG,60,69,69,0,29,78,314,7,True,False,False,97,0,1,800000,800000,71,57,61,87,80,32,6,6,6,20,26,10,5,5,37,10,12,33,22,20
775553060,MIN,Vikings,553387894,Lane Johnson,RT,71,98,98,2,21,79,330,1,False,True,False,85,4,3,13500000,8000000,70,85,78,95,93,65,59,54,50,67,64,46,33,25,60,12,20,56,76,60
775553060,MIN,Vikings,553388273,Matt Goncalves,RT,79,70,70,0,23,78,317,0,True,False,False,97,0,1,800000,800000,66,71,54,84,73,17,7,6,5,25,12,10,10,8,32,11,11,28,32,10
775553060,MIN,Vikings,553386926,Willie McGinest,SAM,55,92,92,3,22,77,270,1,True,False,False,97,0,6,15750000,2500000,80,85,75,88,91,25,5,5,5,70,58,23,18,12,94,58,71,94,91,83
775553060,MIN,Vikings,553386539,E.J. Speed,SAM,57,77,77,1,29,75,224,5,True,False,False,97,0,4,5450000,1850000,88,89,83,74,81,24,6,6,6,66,66,41,32,27,81,62,70,71,21,61
775553060,MIN,Vikings,553389041,Brian Branch,SS,28,85,85,1,22,72,190,1,True,False,False,97,0,2,3900000,2250000,88,92,85,60,82,27,25,21,16,64,74,46,41,37,80,79,87,62,25,55
775553060,MIN,Vikings,553386554,Ryan Neal,SS,23,77,77,0,28,75,200,6,True,False,False,97,0,5,13600000,800000,91,91,81,62,80,26,6,6,6,59,69,22,12,10,71,67,76,55,25,40
775553060,MIN,Vikings,553388697,Jay Ward,SS,20,69,69,0,24,73,188,1,True,False,True,97,0,0,0,0,87,93,79,58,69,23,15,10,10,64,70,33,30,27,66,65,67,60,19,32
775553060,MIN,Vikings,553388017,Jammie Robinson,SS,22,68,68,0,23,71,190,1,True,False,True,97,0,0,0,0,86,93,87,67,66,27,25,23,21,64,70,20,10,10,72,62,69,47,76,38
775553060,MIN,Vikings,553387561,Ozzie Newsome,TE,82,99,99,3,22,74,232,1,True,False,False,97,0,6,27000000,9000000,82,79,80,78,94,18,16,15,14,88,92,90,88,85,40,20,22,60,50,55
775553060,MIN,Vikings,553387686,Noah Fant,TE,87,75,75,1,26,76,249,5,True,False,False,97,0,1,800000,800000,88,91,87,72,66,28,20,15,10,76,89,69,66,63,41,16,22,38,71,19
775553060,MIN,Vikings,553388779,Donald Parham Jr,TE,80,70,70,0,27,80,237,4,True,False,False,97,0,1,800000,800000,86,84,75,71,74,30,15,10,6,73,81,67,67,60,38,14,21,32,21,17
775553060,MIN,Vikings,553387825,Kevin Burnett,WILL,56,90,90,2,22,74,240,1,True,False,False,97,0,4,7800000,2250000,84,85,82,80,88,20,6,6,6,70,70,70,65,60,94,79,88,82,80,85
775553060,MIN,Vikings,553386276,Brian Burns,WILL,0,81,81,2,26,77,250,5,True,False,False,97,0,2,1600000,850000,88,91,87,76,91,24,6,6,6,41,48,15,10,5,86,43,55,76,31,87
775553060,MIN,Vikings,553388747,Lance Alworth,WR,19,99,99,2,22,74,190,1,True,False,False,97,0,8,137000000,15000000,96,97,94,60,97,30,20,15,10,92,97,94,96,99,31,60,55,30,20,92
775553060,MIN,Vikings,553388960,Doug Baldwin,WR,89,92,92,2,22,70,189,1,True,False,False,97,0,2,4000000,3000000,90,93,92,68,94,12,10,8,8,86,92,92,92,88,30,12,10,28,34,10
775553060,MIN,Vikings,553386683,DeVonta Smith,WR,6,89,89,2,22,72,170,1,True,False,False,97,0,3,5250000,2000000,91,94,91,49,94,31,25,19,14,72,93,89,90,91,36,29,36,38,75,14
775553060,MIN,Vikings,553387846,Ricky Pearsall,WR,14,77,77,1,23,73,191,0,True,False,False,97,0,4,20000000,800000,92,91,92,61,73,52,47,47,39,78,87,81,79,75,24,16,20,24,26,11
